Copyright 1986-2022 Xilinx, Inc. All Rights Reserved. Copyright 2022-2026 Advanced Micro Devices, Inc. All Rights Reserved.
--------------------------------------------------------------------------------------------------------------------------------------------------------------------------------------
| Tool Version : Vivado v.2026.1 (lin64) Build 6511674 Tue Jun 16 11:01:26 MDT 2026
| Date         : Wed Oct  7 07:47:54 2026
| Host         : chen running 64-bit Ubuntu 22.04.5 LTS
| Command      : report_timing_summary -delay_type min_max -report_unconstrained -max_paths 20 -file /home/as/vllm/fpga/projects/z7020_bringup/output_166n/reports/timing_summary.rpt
| Design       : rl_system_luban7020_wrapper
| Device       : 7z020-clg484
| Speed File   : -2  PRODUCTION 1.12 2019-11-22
| Design State : Physopt postRoute
--------------------------------------------------------------------------------------------------------------------------------------------------------------------------------------

Timing Summary Report

------------------------------------------------------------------------------------------------
| Timer Settings
| --------------
------------------------------------------------------------------------------------------------

  Enable Multi Corner Analysis               :  Yes
  Enable Pessimism Removal                   :  Yes
  Pessimism Removal Resolution               :  Nearest Common Node
  Enable Input Delay Default Clock           :  No
  Enable Preset / Clear Arcs                 :  No
  Disable Flight Delays                      :  No
  Ignore I/O Paths                           :  No
  Timing Early Launch at Borrowing Latches   :  No
  Borrow Time for Max Delay Exceptions       :  Yes
  Merge Timing Exceptions                    :  Yes
  Inter-SLR Compensation                     :  Conservative

  Corner  Analyze    Analyze    
  Name    Max Paths  Min Paths  
  ------  ---------  ---------  
  Slow    Yes        Yes        
  Fast    Yes        Yes        


------------------------------------------------------------------------------------------------
| Report Methodology
| ------------------
------------------------------------------------------------------------------------------------

Rule     Severity  Description                   Violations  
-------  --------  ----------------------------  ----------  
LUTAR-1  Warning   LUT drives async reset alert  1           
RTGT-1   Advisory  RAM retargeting possibility   8           

Note: This report is based on the most recent report_methodology run and may not be up-to-date. Run report_methodology on the current design for the latest report.



check_timing report

Table of Contents
-----------------
1. checking no_clock (0)
2. checking constant_clock (0)
3. checking pulse_width_clock (0)
4. checking unconstrained_internal_endpoints (0)
5. checking no_input_delay (0)
6. checking no_output_delay (0)
7. checking multiple_clock (0)
8. checking generated_clocks (0)
9. checking loops (0)
10. checking partial_input_delay (0)
11. checking partial_output_delay (0)
12. checking latch_loops (0)

1. checking no_clock (0)
------------------------
 There are 0 register/latch pins with no clock.


2. checking constant_clock (0)
------------------------------
 There are 0 register/latch pins with constant_clock.


3. checking pulse_width_clock (0)
---------------------------------
 There are 0 register/latch pins which need pulse_width check


4. checking unconstrained_internal_endpoints (0)
------------------------------------------------
 There are 0 pins that are not constrained for maximum delay.

 There are 0 pins that are not constrained for maximum delay due to constant clock.


5. checking no_input_delay (0)
------------------------------
 There are 0 input ports with no input delay specified.

 There are 0 input ports with no input delay but user has a false path constraint.


6. checking no_output_delay (0)
-------------------------------
 There are 0 ports with no output delay specified.

 There are 0 ports with no output delay but user has a false path constraint

 There are 0 ports with no output delay but with a timing clock defined on it or propagating through it


7. checking multiple_clock (0)
------------------------------
 There are 0 register/latch pins with multiple clocks.


8. checking generated_clocks (0)
--------------------------------
 There are 0 generated clocks that are not connected to a clock source.


9. checking loops (0)
---------------------
 There are 0 combinational loops in the design.


10. checking partial_input_delay (0)
------------------------------------
 There are 0 input ports with partial input delay specified.


11. checking partial_output_delay (0)
-------------------------------------
 There are 0 ports with partial output delay specified.


12. checking latch_loops (0)
----------------------------
 There are 0 combinational latch loops in the design through latch input



------------------------------------------------------------------------------------------------
| Design Timing Summary
| ---------------------
------------------------------------------------------------------------------------------------

    WNS(ns)      TNS(ns)  TNS Failing Endpoints  TNS Total Endpoints      WHS(ns)      THS(ns)  THS Failing Endpoints  THS Total Endpoints     WPWS(ns)     TPWS(ns)  TPWS Failing Endpoints  TPWS Total Endpoints  
    -------      -------  ---------------------  -------------------      -------      -------  ---------------------  -------------------     --------     --------  ----------------------  --------------------  
      0.093        0.000                      0                63140        0.054        0.000                      0                63140        1.870        0.000                       0                 16931  


All user specified timing constraints are met.


------------------------------------------------------------------------------------------------
| Clock Summary
| -------------
------------------------------------------------------------------------------------------------

Clock       Waveform(ns)         Period(ns)      Frequency(MHz)
-----       ------------         ----------      --------------
clk_fpga_0  {0.000 3.000}        6.000           166.667         


------------------------------------------------------------------------------------------------
| Intra Clock Table
| -----------------
------------------------------------------------------------------------------------------------

Clock             WNS(ns)      TNS(ns)  TNS Failing Endpoints  TNS Total Endpoints      WHS(ns)      THS(ns)  THS Failing Endpoints  THS Total Endpoints     WPWS(ns)     TPWS(ns)  TPWS Failing Endpoints  TPWS Total Endpoints  
-----             -------      -------  ---------------------  -------------------      -------      -------  ---------------------  -------------------     --------     --------  ----------------------  --------------------  
clk_fpga_0          0.093        0.000                      0                63108        0.054        0.000                      0                63108        1.870        0.000                       0                 16931  


------------------------------------------------------------------------------------------------
| Inter Clock Table
| -----------------
------------------------------------------------------------------------------------------------

From Clock    To Clock          WNS(ns)      TNS(ns)  TNS Failing Endpoints  TNS Total Endpoints      WHS(ns)      THS(ns)  THS Failing Endpoints  THS Total Endpoints  
----------    --------          -------      -------  ---------------------  -------------------      -------      -------  ---------------------  -------------------  


------------------------------------------------------------------------------------------------
| Other Path Groups Table
| -----------------------
------------------------------------------------------------------------------------------------

Path Group         From Clock         To Clock               WNS(ns)      TNS(ns)  TNS Failing Endpoints  TNS Total Endpoints      WHS(ns)      THS(ns)  THS Failing Endpoints  THS Total Endpoints  
----------         ----------         --------               -------      -------  ---------------------  -------------------      -------      -------  ---------------------  -------------------  
**async_default**  clk_fpga_0         clk_fpga_0               3.751        0.000                      0                   32        0.539        0.000                      0                   32  


------------------------------------------------------------------------------------------------
| User Ignored Path Table
| -----------------------
------------------------------------------------------------------------------------------------

Path Group    From Clock    To Clock    
----------    ----------    --------    
(none)                      clk_fpga_0    
(none)        clk_fpga_0    clk_fpga_0    


------------------------------------------------------------------------------------------------
| Unconstrained Path Table
| ------------------------
------------------------------------------------------------------------------------------------

Path Group    From Clock    To Clock    
----------    ----------    --------    


------------------------------------------------------------------------------------------------
| Timing Details
| --------------
------------------------------------------------------------------------------------------------


---------------------------------------------------------------------------------------------------
From Clock:  clk_fpga_0
  To Clock:  clk_fpga_0

Setup :            0  Failing Endpoints,  Worst Slack        0.093ns,  Total Violation        0.000ns
Hold  :            0  Failing Endpoints,  Worst Slack        0.054ns,  Total Violation        0.000ns
PW    :            0  Failing Endpoints,  Worst Slack        1.870ns,  Total Violation        0.000ns
---------------------------------------------------------------------------------------------------


Max Delay Paths
--------------------------------------------------------------------------------------
Slack (MET) :             0.093ns  (required time - arrival time)
  Source:                 rl_system_luban7020_i/rl_accel_0/inst/u_accel/u_core/g_dual_gemm.u_gemm/k_groups_reg[0]/C
                            (rising edge-triggered cell FDRE clocked by clk_fpga_0  {rise@0.000ns fall@3.000ns period=6.000ns})
  Destination:            rl_system_luban7020_i/rl_accel_0/inst/u_accel/u_core/u_weight_cache/g_bank[4].mem_tail_reg_2_0/ENARDEN
                            (rising edge-triggered cell RAMB36E1 clocked by clk_fpga_0  {rise@0.000ns fall@3.000ns period=6.000ns})
  Path Group:             clk_fpga_0
  Path Type:              Setup (Max at Slow Process Corner)
  Requirement:            6.000ns  (clk_fpga_0 rise@6.000ns - clk_fpga_0 rise@0.000ns)
  Data Path Delay:        5.411ns  (logic 1.232ns (22.767%)  route 4.179ns (77.233%))
  Logic Levels:           5  (CARRY4=2 LUT4=2 LUT6=1)
  Clock Path Skew:        -0.012ns (DCD - SCD + CPR)
    Destination Clock Delay (DCD):    2.366ns = ( 8.366 - 6.000 ) 
    Source Clock Delay      (SCD):    2.475ns
    Clock Pessimism Removal (CPR):    0.097ns
  Clock Uncertainty:      0.097ns  ((TSJ^2 + TIJ^2)^1/2 + DJ) / 2 + PE
    Total System Jitter     (TSJ):    0.071ns
    Total Input Jitter      (TIJ):    0.180ns
    Discrete Jitter          (DJ):    0.000ns
    Phase Error              (PE):    0.000ns

    Location             Delay type                Incr(ns)  Path(ns)    Netlist Resource(s)
  -------------------------------------------------------------------    -------------------
                         (clock clk_fpga_0 rise edge)
                                                      0.000     0.000 r  <hidden>
    PS7_X0Y0             PS7                          0.000     0.000 r  rl_system_luban7020_i/ps7/inst/PS7_i/FCLKCLK[0]
                         net (fo=1, routed)           0.994     0.994    rl_system_luban7020_i/ps7/inst/FCLK_CLK_unbuffered[0]
    BUFGCTRL_X0Y16       BUFG (Prop_bufg_I_O)         0.085     1.079 r  rl_system_luban7020_i/ps7/inst/buffer_fclk_clk_0.FCLK_CLK_0_BUFG/O
                         net (fo=16934, routed)       1.396     2.475    rl_system_luban7020_i/rl_accel_0/inst/u_accel/u_core/g_dual_gemm.u_gemm/s_axi_aclk
    SLICE_X53Y45         FDRE                                         r  rl_system_luban7020_i/rl_accel_0/inst/u_accel/u_core/g_dual_gemm.u_gemm/k_groups_reg[0]/C
  -------------------------------------------------------------------    -------------------
    SLICE_X53Y45         FDRE (Prop_fdre_C_Q)         0.379     2.854 r  rl_system_luban7020_i/rl_accel_0/inst/u_accel/u_core/g_dual_gemm.u_gemm/k_groups_reg[0]/Q
                         net (fo=10, routed)          0.669     3.523    rl_system_luban7020_i/rl_accel_0/inst/u_accel/u_core/g_dual_gemm.u_gemm/group_weight_base1[1]
    SLICE_X52Y46         LUT4 (Prop_lut4_I0_O)        0.105     3.628 r  rl_system_luban7020_i/rl_accel_0/inst/u_accel/u_core/g_dual_gemm.u_gemm/request_count[15]_i_22/O
                         net (fo=1, routed)           0.000     3.628    rl_system_luban7020_i/rl_accel_0/inst/u_accel/u_core/g_dual_gemm.u_gemm/request_count[15]_i_22_n_0
    SLICE_X52Y46         CARRY4 (Prop_carry4_S[0]_CO[3])
                                                      0.440     4.068 r  rl_system_luban7020_i/rl_accel_0/inst/u_accel/u_core/g_dual_gemm.u_gemm/request_count_reg[15]_i_7/CO[3]
                         net (fo=1, routed)           0.000     4.068    rl_system_luban7020_i/rl_accel_0/inst/u_accel/u_core/g_dual_gemm.u_gemm/request_count_reg[15]_i_7_n_0
    SLICE_X52Y47         CARRY4 (Prop_carry4_CI_CO[3])
                                                      0.098     4.166 r  rl_system_luban7020_i/rl_accel_0/inst/u_accel/u_core/g_dual_gemm.u_gemm/request_count_reg[15]_i_5/CO[3]
                         net (fo=3, routed)           0.813     4.979    rl_system_luban7020_i/rl_accel_0/inst/u_accel/u_core/g_dual_gemm.u_gemm/request_count1
    SLICE_X53Y47         LUT4 (Prop_lut4_I1_O)        0.105     5.084 r  rl_system_luban7020_i/rl_accel_0/inst/u_accel/u_core/g_dual_gemm.u_gemm/g_bank[0].mem_main_reg_2_0_i_14/O
                         net (fo=24, routed)          1.776     6.860    rl_system_luban7020_i/rl_accel_0/inst/u_accel/u_core/g_dual_gemm.u_gemm/gemm_wt_re_b
    SLICE_X88Y80         LUT6 (Prop_lut6_I1_O)        0.105     6.965 r  rl_system_luban7020_i/rl_accel_0/inst/u_accel/u_core/g_dual_gemm.u_gemm/g_bank[4].mem_tail_reg_2_0_i_1/O
                         net (fo=2, routed)           0.922     7.886    rl_system_luban7020_i/rl_accel_0/inst/u_accel/u_core/u_weight_cache/g_bank[4].tail_q_b
    RAMB36_X4Y19         RAMB36E1                                     r  rl_system_luban7020_i/rl_accel_0/inst/u_accel/u_core/u_weight_cache/g_bank[4].mem_tail_reg_2_0/ENARDEN
  -------------------------------------------------------------------    -------------------

                         (clock clk_fpga_0 rise edge)
                                                      6.000     6.000 r  <hidden>
    PS7_X0Y0             PS7                          0.000     6.000 r  rl_system_luban7020_i/ps7/inst/PS7_i/FCLKCLK[0]
                         net (fo=1, routed)           0.905     6.905    rl_system_luban7020_i/ps7/inst/FCLK_CLK_unbuffered[0]
    BUFGCTRL_X0Y16       BUFG (Prop_bufg_I_O)         0.077     6.983 r  rl_system_luban7020_i/ps7/inst/buffer_fclk_clk_0.FCLK_CLK_0_BUFG/O
                         net (fo=16934, routed)       1.384     8.366    rl_system_luban7020_i/rl_accel_0/inst/u_accel/u_core/u_weight_cache/s_axi_aclk
    RAMB36_X4Y19         RAMB36E1                                     r  rl_system_luban7020_i/rl_accel_0/inst/u_accel/u_core/u_weight_cache/g_bank[4].mem_tail_reg_2_0/CLKARDCLK
                         clock pessimism              0.097     8.463    <hidden>
                         clock uncertainty           -0.097     8.366    <hidden>
    RAMB36_X4Y19         RAMB36E1 (Setup_ramb36e1_CLKARDCLK_ENARDEN)
                                                     -0.387     7.979    rl_system_luban7020_i/rl_accel_0/inst/u_accel/u_core/u_weight_cache/g_bank[4].mem_tail_reg_2_0
  -------------------------------------------------------------------
                         required time                          7.979    <hidden>
                         arrival time                          -7.886    <hidden>
  -------------------------------------------------------------------
                         slack                                  0.093    <hidden>

Slack (MET) :             0.110ns  (required time - arrival time)
  Source:                 rl_system_luban7020_i/rl_accel_0/inst/u_accel/u_core/g_dual_gemm.u_gemm/FSM_onehot_state_reg[3]/C
                            (rising edge-triggered cell FDRE clocked by clk_fpga_0  {rise@0.000ns fall@3.000ns period=6.000ns})
  Destination:            rl_system_luban7020_i/rl_accel_0/inst/u_accel/u_core/u_vector_cache/mem_reg_1/ADDRBWRADDR[13]
                            (rising edge-triggered cell RAMB36E1 clocked by clk_fpga_0  {rise@0.000ns fall@3.000ns period=6.000ns})
  Path Group:             clk_fpga_0
  Path Type:              Setup (Max at Slow Process Corner)
  Requirement:            6.000ns  (clk_fpga_0 rise@6.000ns - clk_fpga_0 rise@0.000ns)
  Data Path Delay:        5.233ns  (logic 1.639ns (31.318%)  route 3.594ns (68.682%))
  Logic Levels:           7  (CARRY4=3 LUT4=1 LUT6=3)
  Clock Path Skew:        -0.070ns (DCD - SCD + CPR)
    Destination Clock Delay (DCD):    2.290ns = ( 8.290 - 6.000 ) 
    Source Clock Delay      (SCD):    2.469ns
    Clock Pessimism Removal (CPR):    0.109ns
  Clock Uncertainty:      0.097ns  ((TSJ^2 + TIJ^2)^1/2 + DJ) / 2 + PE
    Total System Jitter     (TSJ):    0.071ns
    Total Input Jitter      (TIJ):    0.180ns
    Discrete Jitter          (DJ):    0.000ns
    Phase Error              (PE):    0.000ns

    Location             Delay type                Incr(ns)  Path(ns)    Netlist Resource(s)
  -------------------------------------------------------------------    -------------------
                         (clock clk_fpga_0 rise edge)
                                                      0.000     0.000 r  <hidden>
    PS7_X0Y0             PS7                          0.000     0.000 r  rl_system_luban7020_i/ps7/inst/PS7_i/FCLKCLK[0]
                         net (fo=1, routed)           0.994     0.994    rl_system_luban7020_i/ps7/inst/FCLK_CLK_unbuffered[0]
    BUFGCTRL_X0Y16       BUFG (Prop_bufg_I_O)         0.085     1.079 r  rl_system_luban7020_i/ps7/inst/buffer_fclk_clk_0.FCLK_CLK_0_BUFG/O
                         net (fo=16934, routed)       1.390     2.469    rl_system_luban7020_i/rl_accel_0/inst/u_accel/u_core/g_dual_gemm.u_gemm/s_axi_aclk
    SLICE_X47Y51         FDRE                                         r  rl_system_luban7020_i/rl_accel_0/inst/u_accel/u_core/g_dual_gemm.u_gemm/FSM_onehot_state_reg[3]/C
  -------------------------------------------------------------------    -------------------
    SLICE_X47Y51         FDRE (Prop_fdre_C_Q)         0.379     2.848 r  rl_system_luban7020_i/rl_accel_0/inst/u_accel/u_core/g_dual_gemm.u_gemm/FSM_onehot_state_reg[3]/Q
                         net (fo=14, routed)          0.857     3.705    rl_system_luban7020_i/rl_accel_0/inst/u_accel/u_core/g_dual_gemm.u_gemm/FSM_onehot_state_reg_n_0_[3]
    SLICE_X49Y50         LUT6 (Prop_lut6_I3_O)        0.105     3.810 f  rl_system_luban7020_i/rl_accel_0/inst/u_accel/u_core/g_dual_gemm.u_gemm/mem_reg_0_i_309/O
                         net (fo=2, routed)           0.353     4.164    rl_system_luban7020_i/rl_accel_0/inst/u_accel/u_core/g_dual_gemm.u_gemm/mem_reg_0_i_309_n_0
    SLICE_X49Y50         LUT6 (Prop_lut6_I0_O)        0.105     4.269 r  rl_system_luban7020_i/rl_accel_0/inst/u_accel/u_core/g_dual_gemm.u_gemm/mem_reg_0_i_259/O
                         net (fo=2, routed)           0.488     4.756    rl_system_luban7020_i/rl_accel_0/inst/u_accel/u_core/g_dual_gemm.u_gemm/mem_reg_0_i_259_n_0
    SLICE_X49Y51         CARRY4 (Prop_carry4_DI[1]_CO[3])
                                                      0.418     5.174 r  rl_system_luban7020_i/rl_accel_0/inst/u_accel/u_core/g_dual_gemm.u_gemm/mem_reg_0_i_139/CO[3]
                         net (fo=1, routed)           0.000     5.174    rl_system_luban7020_i/rl_accel_0/inst/u_accel/u_core/g_dual_gemm.u_gemm/mem_reg_0_i_139_n_0
    SLICE_X49Y52         CARRY4 (Prop_carry4_CI_CO[3])
                                                      0.098     5.272 r  rl_system_luban7020_i/rl_accel_0/inst/u_accel/u_core/g_dual_gemm.u_gemm/mem_reg_0_i_124/CO[3]
                         net (fo=1, routed)           0.000     5.272    rl_system_luban7020_i/rl_accel_0/inst/u_accel/u_core/g_dual_gemm.u_gemm/mem_reg_0_i_124_n_0
    SLICE_X49Y53         CARRY4 (Prop_carry4_CI_O[0])
                                                      0.180     5.452 r  rl_system_luban7020_i/rl_accel_0/inst/u_accel/u_core/g_dual_gemm.u_gemm/mem_reg_0_i_119/O[0]
                         net (fo=1, routed)           0.567     6.020    rl_system_luban7020_i/rl_accel_0/inst/u_accel/u_core/g_dual_gemm.u_gemm/gemm_vec_addr[8]
    SLICE_X52Y55         LUT6 (Prop_lut6_I1_O)        0.249     6.269 r  rl_system_luban7020_i/rl_accel_0/inst/u_accel/u_core/g_dual_gemm.u_gemm/mem_reg_0_i_53/O
                         net (fo=1, routed)           0.231     6.500    rl_system_luban7020_i/rl_accel_0/inst/u_accel/u_core/g_dual_gemm.u_gemm/mem_reg_0_i_53_n_0
    SLICE_X52Y56         LUT4 (Prop_lut4_I0_O)        0.105     6.605 r  rl_system_luban7020_i/rl_accel_0/inst/u_accel/u_core/g_dual_gemm.u_gemm/mem_reg_0_i_2/O
                         net (fo=4, routed)           1.097     7.702    rl_system_luban7020_i/rl_accel_0/inst/u_accel/u_core/u_vector_cache/mem_reg_3_6[8]
    RAMB36_X3Y15         RAMB36E1                                     r  rl_system_luban7020_i/rl_accel_0/inst/u_accel/u_core/u_vector_cache/mem_reg_1/ADDRBWRADDR[13]
  -------------------------------------------------------------------    -------------------

                         (clock clk_fpga_0 rise edge)
                                                      6.000     6.000 r  <hidden>
    PS7_X0Y0             PS7                          0.000     6.000 r  rl_system_luban7020_i/ps7/inst/PS7_i/FCLKCLK[0]
                         net (fo=1, routed)           0.905     6.905    rl_system_luban7020_i/ps7/inst/FCLK_CLK_unbuffered[0]
    BUFGCTRL_X0Y16       BUFG (Prop_bufg_I_O)         0.077     6.983 r  rl_system_luban7020_i/ps7/inst/buffer_fclk_clk_0.FCLK_CLK_0_BUFG/O
                         net (fo=16934, routed)       1.308     8.290    rl_system_luban7020_i/rl_accel_0/inst/u_accel/u_core/u_vector_cache/s_axi_aclk
    RAMB36_X3Y15         RAMB36E1                                     r  rl_system_luban7020_i/rl_accel_0/inst/u_accel/u_core/u_vector_cache/mem_reg_1/CLKBWRCLK
                         clock pessimism              0.109     8.399    <hidden>
                         clock uncertainty           -0.097     8.302    <hidden>
    RAMB36_X3Y15         RAMB36E1 (Setup_ramb36e1_CLKBWRCLK_ADDRBWRADDR[13])
                                                     -0.490     7.812    rl_system_luban7020_i/rl_accel_0/inst/u_accel/u_core/u_vector_cache/mem_reg_1
  -------------------------------------------------------------------
                         required time                          7.812    <hidden>
                         arrival time                          -7.702    <hidden>
  -------------------------------------------------------------------
                         slack                                  0.110    <hidden>

Slack (MET) :             0.111ns  (required time - arrival time)
  Source:                 rl_system_luban7020_i/rl_accel_0/inst/u_accel/u_core/g_dual_gemm.u_gemm/FSM_onehot_state_reg[3]/C
                            (rising edge-triggered cell FDRE clocked by clk_fpga_0  {rise@0.000ns fall@3.000ns period=6.000ns})
  Destination:            rl_system_luban7020_i/rl_accel_0/inst/u_accel/u_core/u_vector_cache/mem_reg_1/ADDRBWRADDR[12]
                            (rising edge-triggered cell RAMB36E1 clocked by clk_fpga_0  {rise@0.000ns fall@3.000ns period=6.000ns})
  Path Group:             clk_fpga_0
  Path Type:              Setup (Max at Slow Process Corner)
  Requirement:            6.000ns  (clk_fpga_0 rise@6.000ns - clk_fpga_0 rise@0.000ns)
  Data Path Delay:        5.232ns  (logic 1.629ns (31.135%)  route 3.603ns (68.865%))
  Logic Levels:           6  (CARRY4=2 LUT4=1 LUT6=3)
  Clock Path Skew:        -0.070ns (DCD - SCD + CPR)
    Destination Clock Delay (DCD):    2.290ns = ( 8.290 - 6.000 ) 
    Source Clock Delay      (SCD):    2.469ns
    Clock Pessimism Removal (CPR):    0.109ns
  Clock Uncertainty:      0.097ns  ((TSJ^2 + TIJ^2)^1/2 + DJ) / 2 + PE
    Total System Jitter     (TSJ):    0.071ns
    Total Input Jitter      (TIJ):    0.180ns
    Discrete Jitter          (DJ):    0.000ns
    Phase Error              (PE):    0.000ns

    Location             Delay type                Incr(ns)  Path(ns)    Netlist Resource(s)
  -------------------------------------------------------------------    -------------------
                         (clock clk_fpga_0 rise edge)
                                                      0.000     0.000 r  <hidden>
    PS7_X0Y0             PS7                          0.000     0.000 r  rl_system_luban7020_i/ps7/inst/PS7_i/FCLKCLK[0]
                         net (fo=1, routed)           0.994     0.994    rl_system_luban7020_i/ps7/inst/FCLK_CLK_unbuffered[0]
    BUFGCTRL_X0Y16       BUFG (Prop_bufg_I_O)         0.085     1.079 r  rl_system_luban7020_i/ps7/inst/buffer_fclk_clk_0.FCLK_CLK_0_BUFG/O
                         net (fo=16934, routed)       1.390     2.469    rl_system_luban7020_i/rl_accel_0/inst/u_accel/u_core/g_dual_gemm.u_gemm/s_axi_aclk
    SLICE_X47Y51         FDRE                                         r  rl_system_luban7020_i/rl_accel_0/inst/u_accel/u_core/g_dual_gemm.u_gemm/FSM_onehot_state_reg[3]/C
  -------------------------------------------------------------------    -------------------
    SLICE_X47Y51         FDRE (Prop_fdre_C_Q)         0.379     2.848 r  rl_system_luban7020_i/rl_accel_0/inst/u_accel/u_core/g_dual_gemm.u_gemm/FSM_onehot_state_reg[3]/Q
                         net (fo=14, routed)          0.857     3.705    rl_system_luban7020_i/rl_accel_0/inst/u_accel/u_core/g_dual_gemm.u_gemm/FSM_onehot_state_reg_n_0_[3]
    SLICE_X49Y50         LUT6 (Prop_lut6_I3_O)        0.105     3.810 f  rl_system_luban7020_i/rl_accel_0/inst/u_accel/u_core/g_dual_gemm.u_gemm/mem_reg_0_i_309/O
                         net (fo=2, routed)           0.353     4.164    rl_system_luban7020_i/rl_accel_0/inst/u_accel/u_core/g_dual_gemm.u_gemm/mem_reg_0_i_309_n_0
    SLICE_X49Y50         LUT6 (Prop_lut6_I0_O)        0.105     4.269 r  rl_system_luban7020_i/rl_accel_0/inst/u_accel/u_core/g_dual_gemm.u_gemm/mem_reg_0_i_259/O
                         net (fo=2, routed)           0.488     4.756    rl_system_luban7020_i/rl_accel_0/inst/u_accel/u_core/g_dual_gemm.u_gemm/mem_reg_0_i_259_n_0
    SLICE_X49Y51         CARRY4 (Prop_carry4_DI[1]_CO[3])
                                                      0.418     5.174 r  rl_system_luban7020_i/rl_accel_0/inst/u_accel/u_core/g_dual_gemm.u_gemm/mem_reg_0_i_139/CO[3]
                         net (fo=1, routed)           0.000     5.174    rl_system_luban7020_i/rl_accel_0/inst/u_accel/u_core/g_dual_gemm.u_gemm/mem_reg_0_i_139_n_0
    SLICE_X49Y52         CARRY4 (Prop_carry4_CI_O[3])
                                                      0.260     5.434 r  rl_system_luban7020_i/rl_accel_0/inst/u_accel/u_core/g_dual_gemm.u_gemm/mem_reg_0_i_124/O[3]
                         net (fo=1, routed)           0.601     6.035    rl_system_luban7020_i/rl_accel_0/inst/u_accel/u_core/g_dual_gemm.u_gemm/gemm_vec_addr[7]
    SLICE_X50Y54         LUT6 (Prop_lut6_I1_O)        0.257     6.292 r  rl_system_luban7020_i/rl_accel_0/inst/u_accel/u_core/g_dual_gemm.u_gemm/mem_reg_0_i_56/O
                         net (fo=1, routed)           0.235     6.527    rl_system_luban7020_i/rl_accel_0/inst/u_accel/u_core/g_dual_gemm.u_gemm/mem_reg_0_i_56_n_0
    SLICE_X53Y55         LUT4 (Prop_lut4_I0_O)        0.105     6.632 r  rl_system_luban7020_i/rl_accel_0/inst/u_accel/u_core/g_dual_gemm.u_gemm/mem_reg_0_i_3/O
                         net (fo=4, routed)           1.069     7.701    rl_system_luban7020_i/rl_accel_0/inst/u_accel/u_core/u_vector_cache/mem_reg_3_6[7]
    RAMB36_X3Y15         RAMB36E1                                     r  rl_system_luban7020_i/rl_accel_0/inst/u_accel/u_core/u_vector_cache/mem_reg_1/ADDRBWRADDR[12]
  -------------------------------------------------------------------    -------------------

                         (clock clk_fpga_0 rise edge)
                                                      6.000     6.000 r  <hidden>
    PS7_X0Y0             PS7                          0.000     6.000 r  rl_system_luban7020_i/ps7/inst/PS7_i/FCLKCLK[0]
                         net (fo=1, routed)           0.905     6.905    rl_system_luban7020_i/ps7/inst/FCLK_CLK_unbuffered[0]
    BUFGCTRL_X0Y16       BUFG (Prop_bufg_I_O)         0.077     6.983 r  rl_system_luban7020_i/ps7/inst/buffer_fclk_clk_0.FCLK_CLK_0_BUFG/O
                         net (fo=16934, routed)       1.308     8.290    rl_system_luban7020_i/rl_accel_0/inst/u_accel/u_core/u_vector_cache/s_axi_aclk
    RAMB36_X3Y15         RAMB36E1                                     r  rl_system_luban7020_i/rl_accel_0/inst/u_accel/u_core/u_vector_cache/mem_reg_1/CLKBWRCLK
                         clock pessimism              0.109     8.399    <hidden>
                         clock uncertainty           -0.097     8.302    <hidden>
    RAMB36_X3Y15         RAMB36E1 (Setup_ramb36e1_CLKBWRCLK_ADDRBWRADDR[12])
                                                     -0.490     7.812    rl_system_luban7020_i/rl_accel_0/inst/u_accel/u_core/u_vector_cache/mem_reg_1
  -------------------------------------------------------------------
                         required time                          7.812    <hidden>
                         arrival time                          -7.701    <hidden>
  -------------------------------------------------------------------
                         slack                                  0.111    <hidden>

Slack (MET) :             0.114ns  (required time - arrival time)
  Source:                 rl_system_luban7020_i/rl_accel_0/inst/u_accel/u_core/g_dual_gemm.u_gemm/u_mac/valid_pipe_reg[1]/C
                            (rising edge-triggered cell FDRE clocked by clk_fpga_0  {rise@0.000ns fall@3.000ns period=6.000ns})
  Destination:            rl_system_luban7020_i/rl_accel_0/inst/u_accel/u_core/g_dual_gemm.u_gemm/u_mac/sum2_reg[6][2][12]/CE
                            (rising edge-triggered cell FDRE clocked by clk_fpga_0  {rise@0.000ns fall@3.000ns period=6.000ns})
  Path Group:             clk_fpga_0
  Path Type:              Setup (Max at Slow Process Corner)
  Requirement:            6.000ns  (clk_fpga_0 rise@6.000ns - clk_fpga_0 rise@0.000ns)
  Data Path Delay:        5.509ns  (logic 0.379ns (6.879%)  route 5.130ns (93.121%))
  Logic Levels:           0  
  Clock Path Skew:        -0.112ns (DCD - SCD + CPR)
    Destination Clock Delay (DCD):    2.305ns = ( 8.305 - 6.000 ) 
    Source Clock Delay      (SCD):    2.526ns
    Clock Pessimism Removal (CPR):    0.109ns
  Clock Uncertainty:      0.097ns  ((TSJ^2 + TIJ^2)^1/2 + DJ) / 2 + PE
    Total System Jitter     (TSJ):    0.071ns
    Total Input Jitter      (TIJ):    0.180ns
    Discrete Jitter          (DJ):    0.000ns
    Phase Error              (PE):    0.000ns

    Location             Delay type                Incr(ns)  Path(ns)    Netlist Resource(s)
  -------------------------------------------------------------------    -------------------
                         (clock clk_fpga_0 rise edge)
                                                      0.000     0.000 r  <hidden>
    PS7_X0Y0             PS7                          0.000     0.000 r  rl_system_luban7020_i/ps7/inst/PS7_i/FCLKCLK[0]
                         net (fo=1, routed)           0.994     0.994    rl_system_luban7020_i/ps7/inst/FCLK_CLK_unbuffered[0]
    BUFGCTRL_X0Y16       BUFG (Prop_bufg_I_O)         0.085     1.079 r  rl_system_luban7020_i/ps7/inst/buffer_fclk_clk_0.FCLK_CLK_0_BUFG/O
                         net (fo=16934, routed)       1.447     2.526    rl_system_luban7020_i/rl_accel_0/inst/u_accel/u_core/g_dual_gemm.u_gemm/u_mac/s_axi_aclk
    SLICE_X74Y23         FDRE                                         r  rl_system_luban7020_i/rl_accel_0/inst/u_accel/u_core/g_dual_gemm.u_gemm/u_mac/valid_pipe_reg[1]/C
  -------------------------------------------------------------------    -------------------
    SLICE_X74Y23         FDRE (Prop_fdre_C_Q)         0.379     2.905 r  rl_system_luban7020_i/rl_accel_0/inst/u_accel/u_core/g_dual_gemm.u_gemm/u_mac/valid_pipe_reg[1]/Q
                         net (fo=1057, routed)        5.130     8.035    rl_system_luban7020_i/rl_accel_0/inst/u_accel/u_core/g_dual_gemm.u_gemm/u_mac/p_0_in1_in
    SLICE_X11Y33         FDRE                                         r  rl_system_luban7020_i/rl_accel_0/inst/u_accel/u_core/g_dual_gemm.u_gemm/u_mac/sum2_reg[6][2][12]/CE
  -------------------------------------------------------------------    -------------------

                         (clock clk_fpga_0 rise edge)
                                                      6.000     6.000 r  <hidden>
    PS7_X0Y0             PS7                          0.000     6.000 r  rl_system_luban7020_i/ps7/inst/PS7_i/FCLKCLK[0]
                         net (fo=1, routed)           0.905     6.905    rl_system_luban7020_i/ps7/inst/FCLK_CLK_unbuffered[0]
    BUFGCTRL_X0Y16       BUFG (Prop_bufg_I_O)         0.077     6.983 r  rl_system_luban7020_i/ps7/inst/buffer_fclk_clk_0.FCLK_CLK_0_BUFG/O
                         net (fo=16934, routed)       1.323     8.305    rl_system_luban7020_i/rl_accel_0/inst/u_accel/u_core/g_dual_gemm.u_gemm/u_mac/s_axi_aclk
    SLICE_X11Y33         FDRE                                         r  rl_system_luban7020_i/rl_accel_0/inst/u_accel/u_core/g_dual_gemm.u_gemm/u_mac/sum2_reg[6][2][12]/C
                         clock pessimism              0.109     8.414    <hidden>
                         clock uncertainty           -0.097     8.317    <hidden>
    SLICE_X11Y33         FDRE (Setup_fdre_C_CE)      -0.168     8.149    rl_system_luban7020_i/rl_accel_0/inst/u_accel/u_core/g_dual_gemm.u_gemm/u_mac/sum2_reg[6][2][12]
  -------------------------------------------------------------------
                         required time                          8.149    <hidden>
                         arrival time                          -8.035    <hidden>
  -------------------------------------------------------------------
                         slack                                  0.114    <hidden>

Slack (MET) :             0.114ns  (required time - arrival time)
  Source:                 rl_system_luban7020_i/rl_accel_0/inst/u_accel/u_core/g_dual_gemm.u_gemm/u_mac/valid_pipe_reg[1]/C
                            (rising edge-triggered cell FDRE clocked by clk_fpga_0  {rise@0.000ns fall@3.000ns period=6.000ns})
  Destination:            rl_system_luban7020_i/rl_accel_0/inst/u_accel/u_core/g_dual_gemm.u_gemm/u_mac/sum2_reg[6][2][13]/CE
                            (rising edge-triggered cell FDRE clocked by clk_fpga_0  {rise@0.000ns fall@3.000ns period=6.000ns})
  Path Group:             clk_fpga_0
  Path Type:              Setup (Max at Slow Process Corner)
  Requirement:            6.000ns  (clk_fpga_0 rise@6.000ns - clk_fpga_0 rise@0.000ns)
  Data Path Delay:        5.509ns  (logic 0.379ns (6.879%)  route 5.130ns (93.121%))
  Logic Levels:           0  
  Clock Path Skew:        -0.112ns (DCD - SCD + CPR)
    Destination Clock Delay (DCD):    2.305ns = ( 8.305 - 6.000 ) 
    Source Clock Delay      (SCD):    2.526ns
    Clock Pessimism Removal (CPR):    0.109ns
  Clock Uncertainty:      0.097ns  ((TSJ^2 + TIJ^2)^1/2 + DJ) / 2 + PE
    Total System Jitter     (TSJ):    0.071ns
    Total Input Jitter      (TIJ):    0.180ns
    Discrete Jitter          (DJ):    0.000ns
    Phase Error              (PE):    0.000ns

    Location             Delay type                Incr(ns)  Path(ns)    Netlist Resource(s)
  -------------------------------------------------------------------    -------------------
                         (clock clk_fpga_0 rise edge)
                                                      0.000     0.000 r  <hidden>
    PS7_X0Y0             PS7                          0.000     0.000 r  rl_system_luban7020_i/ps7/inst/PS7_i/FCLKCLK[0]
                         net (fo=1, routed)           0.994     0.994    rl_system_luban7020_i/ps7/inst/FCLK_CLK_unbuffered[0]
    BUFGCTRL_X0Y16       BUFG (Prop_bufg_I_O)         0.085     1.079 r  rl_system_luban7020_i/ps7/inst/buffer_fclk_clk_0.FCLK_CLK_0_BUFG/O
                         net (fo=16934, routed)       1.447     2.526    rl_system_luban7020_i/rl_accel_0/inst/u_accel/u_core/g_dual_gemm.u_gemm/u_mac/s_axi_aclk
    SLICE_X74Y23         FDRE                                         r  rl_system_luban7020_i/rl_accel_0/inst/u_accel/u_core/g_dual_gemm.u_gemm/u_mac/valid_pipe_reg[1]/C
  -------------------------------------------------------------------    -------------------
    SLICE_X74Y23         FDRE (Prop_fdre_C_Q)         0.379     2.905 r  rl_system_luban7020_i/rl_accel_0/inst/u_accel/u_core/g_dual_gemm.u_gemm/u_mac/valid_pipe_reg[1]/Q
                         net (fo=1057, routed)        5.130     8.035    rl_system_luban7020_i/rl_accel_0/inst/u_accel/u_core/g_dual_gemm.u_gemm/u_mac/p_0_in1_in
    SLICE_X11Y33         FDRE                                         r  rl_system_luban7020_i/rl_accel_0/inst/u_accel/u_core/g_dual_gemm.u_gemm/u_mac/sum2_reg[6][2][13]/CE
  -------------------------------------------------------------------    -------------------

                         (clock clk_fpga_0 rise edge)
                                                      6.000     6.000 r  <hidden>
    PS7_X0Y0             PS7                          0.000     6.000 r  rl_system_luban7020_i/ps7/inst/PS7_i/FCLKCLK[0]
                         net (fo=1, routed)           0.905     6.905    rl_system_luban7020_i/ps7/inst/FCLK_CLK_unbuffered[0]
    BUFGCTRL_X0Y16       BUFG (Prop_bufg_I_O)         0.077     6.983 r  rl_system_luban7020_i/ps7/inst/buffer_fclk_clk_0.FCLK_CLK_0_BUFG/O
                         net (fo=16934, routed)       1.323     8.305    rl_system_luban7020_i/rl_accel_0/inst/u_accel/u_core/g_dual_gemm.u_gemm/u_mac/s_axi_aclk
    SLICE_X11Y33         FDRE                                         r  rl_system_luban7020_i/rl_accel_0/inst/u_accel/u_core/g_dual_gemm.u_gemm/u_mac/sum2_reg[6][2][13]/C
                         clock pessimism              0.109     8.414    <hidden>
                         clock uncertainty           -0.097     8.317    <hidden>
    SLICE_X11Y33         FDRE (Setup_fdre_C_CE)      -0.168     8.149    rl_system_luban7020_i/rl_accel_0/inst/u_accel/u_core/g_dual_gemm.u_gemm/u_mac/sum2_reg[6][2][13]
  -------------------------------------------------------------------
                         required time                          8.149    <hidden>
                         arrival time                          -8.035    <hidden>
  -------------------------------------------------------------------
                         slack                                  0.114    <hidden>

Slack (MET) :             0.114ns  (required time - arrival time)
  Source:                 rl_system_luban7020_i/rl_accel_0/inst/u_accel/u_core/g_dual_gemm.u_gemm/u_mac/valid_pipe_reg[1]/C
                            (rising edge-triggered cell FDRE clocked by clk_fpga_0  {rise@0.000ns fall@3.000ns period=6.000ns})
  Destination:            rl_system_luban7020_i/rl_accel_0/inst/u_accel/u_core/g_dual_gemm.u_gemm/u_mac/sum2_reg[6][2][14]/CE
                            (rising edge-triggered cell FDRE clocked by clk_fpga_0  {rise@0.000ns fall@3.000ns period=6.000ns})
  Path Group:             clk_fpga_0
  Path Type:              Setup (Max at Slow Process Corner)
  Requirement:            6.000ns  (clk_fpga_0 rise@6.000ns - clk_fpga_0 rise@0.000ns)
  Data Path Delay:        5.509ns  (logic 0.379ns (6.879%)  route 5.130ns (93.121%))
  Logic Levels:           0  
  Clock Path Skew:        -0.112ns (DCD - SCD + CPR)
    Destination Clock Delay (DCD):    2.305ns = ( 8.305 - 6.000 ) 
    Source Clock Delay      (SCD):    2.526ns
    Clock Pessimism Removal (CPR):    0.109ns
  Clock Uncertainty:      0.097ns  ((TSJ^2 + TIJ^2)^1/2 + DJ) / 2 + PE
    Total System Jitter     (TSJ):    0.071ns
    Total Input Jitter      (TIJ):    0.180ns
    Discrete Jitter          (DJ):    0.000ns
    Phase Error              (PE):    0.000ns

    Location             Delay type                Incr(ns)  Path(ns)    Netlist Resource(s)
  -------------------------------------------------------------------    -------------------
                         (clock clk_fpga_0 rise edge)
                                                      0.000     0.000 r  <hidden>
    PS7_X0Y0             PS7                          0.000     0.000 r  rl_system_luban7020_i/ps7/inst/PS7_i/FCLKCLK[0]
                         net (fo=1, routed)           0.994     0.994    rl_system_luban7020_i/ps7/inst/FCLK_CLK_unbuffered[0]
    BUFGCTRL_X0Y16       BUFG (Prop_bufg_I_O)         0.085     1.079 r  rl_system_luban7020_i/ps7/inst/buffer_fclk_clk_0.FCLK_CLK_0_BUFG/O
                         net (fo=16934, routed)       1.447     2.526    rl_system_luban7020_i/rl_accel_0/inst/u_accel/u_core/g_dual_gemm.u_gemm/u_mac/s_axi_aclk
    SLICE_X74Y23         FDRE                                         r  rl_system_luban7020_i/rl_accel_0/inst/u_accel/u_core/g_dual_gemm.u_gemm/u_mac/valid_pipe_reg[1]/C
  -------------------------------------------------------------------    -------------------
    SLICE_X74Y23         FDRE (Prop_fdre_C_Q)         0.379     2.905 r  rl_system_luban7020_i/rl_accel_0/inst/u_accel/u_core/g_dual_gemm.u_gemm/u_mac/valid_pipe_reg[1]/Q
                         net (fo=1057, routed)        5.130     8.035    rl_system_luban7020_i/rl_accel_0/inst/u_accel/u_core/g_dual_gemm.u_gemm/u_mac/p_0_in1_in
    SLICE_X11Y33         FDRE                                         r  rl_system_luban7020_i/rl_accel_0/inst/u_accel/u_core/g_dual_gemm.u_gemm/u_mac/sum2_reg[6][2][14]/CE
  -------------------------------------------------------------------    -------------------

                         (clock clk_fpga_0 rise edge)
                                                      6.000     6.000 r  <hidden>
    PS7_X0Y0             PS7                          0.000     6.000 r  rl_system_luban7020_i/ps7/inst/PS7_i/FCLKCLK[0]
                         net (fo=1, routed)           0.905     6.905    rl_system_luban7020_i/ps7/inst/FCLK_CLK_unbuffered[0]
    BUFGCTRL_X0Y16       BUFG (Prop_bufg_I_O)         0.077     6.983 r  rl_system_luban7020_i/ps7/inst/buffer_fclk_clk_0.FCLK_CLK_0_BUFG/O
                         net (fo=16934, routed)       1.323     8.305    rl_system_luban7020_i/rl_accel_0/inst/u_accel/u_core/g_dual_gemm.u_gemm/u_mac/s_axi_aclk
    SLICE_X11Y33         FDRE                                         r  rl_system_luban7020_i/rl_accel_0/inst/u_accel/u_core/g_dual_gemm.u_gemm/u_mac/sum2_reg[6][2][14]/C
                         clock pessimism              0.109     8.414    <hidden>
                         clock uncertainty           -0.097     8.317    <hidden>
    SLICE_X11Y33         FDRE (Setup_fdre_C_CE)      -0.168     8.149    rl_system_luban7020_i/rl_accel_0/inst/u_accel/u_core/g_dual_gemm.u_gemm/u_mac/sum2_reg[6][2][14]
  -------------------------------------------------------------------
                         required time                          8.149    <hidden>
                         arrival time                          -8.035    <hidden>
  -------------------------------------------------------------------
                         slack                                  0.114    <hidden>

Slack (MET) :             0.114ns  (required time - arrival time)
  Source:                 rl_system_luban7020_i/rl_accel_0/inst/u_accel/u_core/g_dual_gemm.u_gemm/u_mac/valid_pipe_reg[1]/C
                            (rising edge-triggered cell FDRE clocked by clk_fpga_0  {rise@0.000ns fall@3.000ns period=6.000ns})
  Destination:            rl_system_luban7020_i/rl_accel_0/inst/u_accel/u_core/g_dual_gemm.u_gemm/u_mac/sum2_reg[6][2][15]/CE
                            (rising edge-triggered cell FDRE clocked by clk_fpga_0  {rise@0.000ns fall@3.000ns period=6.000ns})
  Path Group:             clk_fpga_0
  Path Type:              Setup (Max at Slow Process Corner)
  Requirement:            6.000ns  (clk_fpga_0 rise@6.000ns - clk_fpga_0 rise@0.000ns)
  Data Path Delay:        5.509ns  (logic 0.379ns (6.879%)  route 5.130ns (93.121%))
  Logic Levels:           0  
  Clock Path Skew:        -0.112ns (DCD - SCD + CPR)
    Destination Clock Delay (DCD):    2.305ns = ( 8.305 - 6.000 ) 
    Source Clock Delay      (SCD):    2.526ns
    Clock Pessimism Removal (CPR):    0.109ns
  Clock Uncertainty:      0.097ns  ((TSJ^2 + TIJ^2)^1/2 + DJ) / 2 + PE
    Total System Jitter     (TSJ):    0.071ns
    Total Input Jitter      (TIJ):    0.180ns
    Discrete Jitter          (DJ):    0.000ns
    Phase Error              (PE):    0.000ns

    Location             Delay type                Incr(ns)  Path(ns)    Netlist Resource(s)
  -------------------------------------------------------------------    -------------------
                         (clock clk_fpga_0 rise edge)
                                                      0.000     0.000 r  <hidden>
    PS7_X0Y0             PS7                          0.000     0.000 r  rl_system_luban7020_i/ps7/inst/PS7_i/FCLKCLK[0]
                         net (fo=1, routed)           0.994     0.994    rl_system_luban7020_i/ps7/inst/FCLK_CLK_unbuffered[0]
    BUFGCTRL_X0Y16       BUFG (Prop_bufg_I_O)         0.085     1.079 r  rl_system_luban7020_i/ps7/inst/buffer_fclk_clk_0.FCLK_CLK_0_BUFG/O
                         net (fo=16934, routed)       1.447     2.526    rl_system_luban7020_i/rl_accel_0/inst/u_accel/u_core/g_dual_gemm.u_gemm/u_mac/s_axi_aclk
    SLICE_X74Y23         FDRE                                         r  rl_system_luban7020_i/rl_accel_0/inst/u_accel/u_core/g_dual_gemm.u_gemm/u_mac/valid_pipe_reg[1]/C
  -------------------------------------------------------------------    -------------------
    SLICE_X74Y23         FDRE (Prop_fdre_C_Q)         0.379     2.905 r  rl_system_luban7020_i/rl_accel_0/inst/u_accel/u_core/g_dual_gemm.u_gemm/u_mac/valid_pipe_reg[1]/Q
                         net (fo=1057, routed)        5.130     8.035    rl_system_luban7020_i/rl_accel_0/inst/u_accel/u_core/g_dual_gemm.u_gemm/u_mac/p_0_in1_in
    SLICE_X11Y33         FDRE                                         r  rl_system_luban7020_i/rl_accel_0/inst/u_accel/u_core/g_dual_gemm.u_gemm/u_mac/sum2_reg[6][2][15]/CE
  -------------------------------------------------------------------    -------------------

                         (clock clk_fpga_0 rise edge)
                                                      6.000     6.000 r  <hidden>
    PS7_X0Y0             PS7                          0.000     6.000 r  rl_system_luban7020_i/ps7/inst/PS7_i/FCLKCLK[0]
                         net (fo=1, routed)           0.905     6.905    rl_system_luban7020_i/ps7/inst/FCLK_CLK_unbuffered[0]
    BUFGCTRL_X0Y16       BUFG (Prop_bufg_I_O)         0.077     6.983 r  rl_system_luban7020_i/ps7/inst/buffer_fclk_clk_0.FCLK_CLK_0_BUFG/O
                         net (fo=16934, routed)       1.323     8.305    rl_system_luban7020_i/rl_accel_0/inst/u_accel/u_core/g_dual_gemm.u_gemm/u_mac/s_axi_aclk
    SLICE_X11Y33         FDRE                                         r  rl_system_luban7020_i/rl_accel_0/inst/u_accel/u_core/g_dual_gemm.u_gemm/u_mac/sum2_reg[6][2][15]/C
                         clock pessimism              0.109     8.414    <hidden>
                         clock uncertainty           -0.097     8.317    <hidden>
    SLICE_X11Y33         FDRE (Setup_fdre_C_CE)      -0.168     8.149    rl_system_luban7020_i/rl_accel_0/inst/u_accel/u_core/g_dual_gemm.u_gemm/u_mac/sum2_reg[6][2][15]
  -------------------------------------------------------------------
                         required time                          8.149    <hidden>
                         arrival time                          -8.035    <hidden>
  -------------------------------------------------------------------
                         slack                                  0.114    <hidden>

Slack (MET) :             0.123ns  (required time - arrival time)
  Source:                 rl_system_luban7020_i/rl_accel_0/inst/u_accel/u_core/u_vector_cache/mem_reg_3/CLKBWRCLK
                            (rising edge-triggered cell RAMB36E1 clocked by clk_fpga_0  {rise@0.000ns fall@3.000ns period=6.000ns})
  Destination:            rl_system_luban7020_i/rl_accel_0/inst/u_accel/u_core/g_dual_gemm.u_gemm/u_mac/product_reg[6][7]/A[28]
                            (rising edge-triggered cell DSP48E1 clocked by clk_fpga_0  {rise@0.000ns fall@3.000ns period=6.000ns})
  Path Group:             clk_fpga_0
  Path Type:              Setup (Max at Slow Process Corner)
  Requirement:            6.000ns  (clk_fpga_0 rise@6.000ns - clk_fpga_0 rise@0.000ns)
  Data Path Delay:        5.413ns  (logic 2.125ns (39.257%)  route 3.288ns (60.743%))
  Logic Levels:           0  
  Clock Path Skew:        -0.070ns (DCD - SCD + CPR)
    Destination Clock Delay (DCD):    2.381ns = ( 8.381 - 6.000 ) 
    Source Clock Delay      (SCD):    2.548ns
    Clock Pessimism Removal (CPR):    0.097ns
  Clock Uncertainty:      0.097ns  ((TSJ^2 + TIJ^2)^1/2 + DJ) / 2 + PE
    Total System Jitter     (TSJ):    0.071ns
    Total Input Jitter      (TIJ):    0.180ns
    Discrete Jitter          (DJ):    0.000ns
    Phase Error              (PE):    0.000ns

    Location             Delay type                Incr(ns)  Path(ns)    Netlist Resource(s)
  -------------------------------------------------------------------    -------------------
                         (clock clk_fpga_0 rise edge)
                                                      0.000     0.000 r  <hidden>
    PS7_X0Y0             PS7                          0.000     0.000 r  rl_system_luban7020_i/ps7/inst/PS7_i/FCLKCLK[0]
                         net (fo=1, routed)           0.994     0.994    rl_system_luban7020_i/ps7/inst/FCLK_CLK_unbuffered[0]
    BUFGCTRL_X0Y16       BUFG (Prop_bufg_I_O)         0.085     1.079 r  rl_system_luban7020_i/ps7/inst/buffer_fclk_clk_0.FCLK_CLK_0_BUFG/O
                         net (fo=16934, routed)       1.469     2.548    rl_system_luban7020_i/rl_accel_0/inst/u_accel/u_core/u_vector_cache/s_axi_aclk
    RAMB36_X3Y13         RAMB36E1                                     r  rl_system_luban7020_i/rl_accel_0/inst/u_accel/u_core/u_vector_cache/mem_reg_3/CLKBWRCLK
  -------------------------------------------------------------------    -------------------
    RAMB36_X3Y13         RAMB36E1 (Prop_ramb36e1_CLKBWRCLK_DOBDO[19])
                                                      2.125     4.673 r  rl_system_luban7020_i/rl_accel_0/inst/u_accel/u_core/u_vector_cache/mem_reg_3/DOBDO[19]
                         net (fo=251, routed)         3.288     7.961    rl_system_luban7020_i/rl_accel_0/inst/u_accel/u_core/g_dual_gemm.u_gemm/u_mac/product_reg[7][7]_0[127]
    DSP48_X0Y11          DSP48E1                                      r  rl_system_luban7020_i/rl_accel_0/inst/u_accel/u_core/g_dual_gemm.u_gemm/u_mac/product_reg[6][7]/A[28]
  -------------------------------------------------------------------    -------------------

                         (clock clk_fpga_0 rise edge)
                                                      6.000     6.000 r  <hidden>
    PS7_X0Y0             PS7                          0.000     6.000 r  rl_system_luban7020_i/ps7/inst/PS7_i/FCLKCLK[0]
                         net (fo=1, routed)           0.905     6.905    rl_system_luban7020_i/ps7/inst/FCLK_CLK_unbuffered[0]
    BUFGCTRL_X0Y16       BUFG (Prop_bufg_I_O)         0.077     6.983 r  rl_system_luban7020_i/ps7/inst/buffer_fclk_clk_0.FCLK_CLK_0_BUFG/O
                         net (fo=16934, routed)       1.398     8.381    rl_system_luban7020_i/rl_accel_0/inst/u_accel/u_core/g_dual_gemm.u_gemm/u_mac/s_axi_aclk
    DSP48_X0Y11          DSP48E1                                      r  rl_system_luban7020_i/rl_accel_0/inst/u_accel/u_core/g_dual_gemm.u_gemm/u_mac/product_reg[6][7]/CLK
                         clock pessimism              0.097     8.477    <hidden>
                         clock uncertainty           -0.097     8.381    <hidden>
    DSP48_X0Y11          DSP48E1 (Setup_dsp48e1_CLK_A[28])
                                                     -0.297     8.084    rl_system_luban7020_i/rl_accel_0/inst/u_accel/u_core/g_dual_gemm.u_gemm/u_mac/product_reg[6][7]
  -------------------------------------------------------------------
                         required time                          8.084    <hidden>
                         arrival time                          -7.961    <hidden>
  -------------------------------------------------------------------
                         slack                                  0.123    <hidden>

Slack (MET) :             0.123ns  (required time - arrival time)
  Source:                 rl_system_luban7020_i/rl_accel_0/inst/u_accel/u_core/u_vector_cache/mem_reg_3/CLKBWRCLK
                            (rising edge-triggered cell RAMB36E1 clocked by clk_fpga_0  {rise@0.000ns fall@3.000ns period=6.000ns})
  Destination:            rl_system_luban7020_i/rl_accel_0/inst/u_accel/u_core/g_dual_gemm.u_gemm/u_mac/product_reg[6][7]/A[29]
                            (rising edge-triggered cell DSP48E1 clocked by clk_fpga_0  {rise@0.000ns fall@3.000ns period=6.000ns})
  Path Group:             clk_fpga_0
  Path Type:              Setup (Max at Slow Process Corner)
  Requirement:            6.000ns  (clk_fpga_0 rise@6.000ns - clk_fpga_0 rise@0.000ns)
  Data Path Delay:        5.413ns  (logic 2.125ns (39.257%)  route 3.288ns (60.743%))
  Logic Levels:           0  
  Clock Path Skew:        -0.070ns (DCD - SCD + CPR)
    Destination Clock Delay (DCD):    2.381ns = ( 8.381 - 6.000 ) 
    Source Clock Delay      (SCD):    2.548ns
    Clock Pessimism Removal (CPR):    0.097ns
  Clock Uncertainty:      0.097ns  ((TSJ^2 + TIJ^2)^1/2 + DJ) / 2 + PE
    Total System Jitter     (TSJ):    0.071ns
    Total Input Jitter      (TIJ):    0.180ns
    Discrete Jitter          (DJ):    0.000ns
    Phase Error              (PE):    0.000ns

    Location             Delay type                Incr(ns)  Path(ns)    Netlist Resource(s)
  -------------------------------------------------------------------    -------------------
                         (clock clk_fpga_0 rise edge)
                                                      0.000     0.000 r  <hidden>
    PS7_X0Y0             PS7                          0.000     0.000 r  rl_system_luban7020_i/ps7/inst/PS7_i/FCLKCLK[0]
                         net (fo=1, routed)           0.994     0.994    rl_system_luban7020_i/ps7/inst/FCLK_CLK_unbuffered[0]
    BUFGCTRL_X0Y16       BUFG (Prop_bufg_I_O)         0.085     1.079 r  rl_system_luban7020_i/ps7/inst/buffer_fclk_clk_0.FCLK_CLK_0_BUFG/O
                         net (fo=16934, routed)       1.469     2.548    rl_system_luban7020_i/rl_accel_0/inst/u_accel/u_core/u_vector_cache/s_axi_aclk
    RAMB36_X3Y13         RAMB36E1                                     r  rl_system_luban7020_i/rl_accel_0/inst/u_accel/u_core/u_vector_cache/mem_reg_3/CLKBWRCLK
  -------------------------------------------------------------------    -------------------
    RAMB36_X3Y13         RAMB36E1 (Prop_ramb36e1_CLKBWRCLK_DOBDO[19])
                                                      2.125     4.673 r  rl_system_luban7020_i/rl_accel_0/inst/u_accel/u_core/u_vector_cache/mem_reg_3/DOBDO[19]
                         net (fo=251, routed)         3.288     7.961    rl_system_luban7020_i/rl_accel_0/inst/u_accel/u_core/g_dual_gemm.u_gemm/u_mac/product_reg[7][7]_0[127]
    DSP48_X0Y11          DSP48E1                                      r  rl_system_luban7020_i/rl_accel_0/inst/u_accel/u_core/g_dual_gemm.u_gemm/u_mac/product_reg[6][7]/A[29]
  -------------------------------------------------------------------    -------------------

                         (clock clk_fpga_0 rise edge)
                                                      6.000     6.000 r  <hidden>
    PS7_X0Y0             PS7                          0.000     6.000 r  rl_system_luban7020_i/ps7/inst/PS7_i/FCLKCLK[0]
                         net (fo=1, routed)           0.905     6.905    rl_system_luban7020_i/ps7/inst/FCLK_CLK_unbuffered[0]
    BUFGCTRL_X0Y16       BUFG (Prop_bufg_I_O)         0.077     6.983 r  rl_system_luban7020_i/ps7/inst/buffer_fclk_clk_0.FCLK_CLK_0_BUFG/O
                         net (fo=16934, routed)       1.398     8.381    rl_system_luban7020_i/rl_accel_0/inst/u_accel/u_core/g_dual_gemm.u_gemm/u_mac/s_axi_aclk
    DSP48_X0Y11          DSP48E1                                      r  rl_system_luban7020_i/rl_accel_0/inst/u_accel/u_core/g_dual_gemm.u_gemm/u_mac/product_reg[6][7]/CLK
                         clock pessimism              0.097     8.477    <hidden>
                         clock uncertainty           -0.097     8.381    <hidden>
    DSP48_X0Y11          DSP48E1 (Setup_dsp48e1_CLK_A[29])
                                                     -0.297     8.084    rl_system_luban7020_i/rl_accel_0/inst/u_accel/u_core/g_dual_gemm.u_gemm/u_mac/product_reg[6][7]
  -------------------------------------------------------------------
                         required time                          8.084    <hidden>
                         arrival time                          -7.961    <hidden>
  -------------------------------------------------------------------
                         slack                                  0.123    <hidden>

Slack (MET) :             0.133ns  (required time - arrival time)
  Source:                 rl_system_luban7020_i/rl_accel_0/inst/u_accel/u_core/u_vector_cache/mem_reg_3/CLKBWRCLK
                            (rising edge-triggered cell RAMB36E1 clocked by clk_fpga_0  {rise@0.000ns fall@3.000ns period=6.000ns})
  Destination:            rl_system_luban7020_i/rl_accel_0/inst/u_accel/u_core/g_dual_gemm.u_gemm/u_mac/product_reg[6][7]/A[15]
                            (rising edge-triggered cell DSP48E1 clocked by clk_fpga_0  {rise@0.000ns fall@3.000ns period=6.000ns})
  Path Group:             clk_fpga_0
  Path Type:              Setup (Max at Slow Process Corner)
  Requirement:            6.000ns  (clk_fpga_0 rise@6.000ns - clk_fpga_0 rise@0.000ns)
  Data Path Delay:        5.403ns  (logic 2.125ns (39.328%)  route 3.278ns (60.672%))
  Logic Levels:           0  
  Clock Path Skew:        -0.070ns (DCD - SCD + CPR)
    Destination Clock Delay (DCD):    2.381ns = ( 8.381 - 6.000 ) 
    Source Clock Delay      (SCD):    2.548ns
    Clock Pessimism Removal (CPR):    0.097ns
  Clock Uncertainty:      0.097ns  ((TSJ^2 + TIJ^2)^1/2 + DJ) / 2 + PE
    Total System Jitter     (TSJ):    0.071ns
    Total Input Jitter      (TIJ):    0.180ns
    Discrete Jitter          (DJ):    0.000ns
    Phase Error              (PE):    0.000ns

    Location             Delay type                Incr(ns)  Path(ns)    Netlist Resource(s)
  -------------------------------------------------------------------    -------------------
                         (clock clk_fpga_0 rise edge)
                                                      0.000     0.000 r  <hidden>
    PS7_X0Y0             PS7                          0.000     0.000 r  rl_system_luban7020_i/ps7/inst/PS7_i/FCLKCLK[0]
                         net (fo=1, routed)           0.994     0.994    rl_system_luban7020_i/ps7/inst/FCLK_CLK_unbuffered[0]
    BUFGCTRL_X0Y16       BUFG (Prop_bufg_I_O)         0.085     1.079 r  rl_system_luban7020_i/ps7/inst/buffer_fclk_clk_0.FCLK_CLK_0_BUFG/O
                         net (fo=16934, routed)       1.469     2.548    rl_system_luban7020_i/rl_accel_0/inst/u_accel/u_core/u_vector_cache/s_axi_aclk
    RAMB36_X3Y13         RAMB36E1                                     r  rl_system_luban7020_i/rl_accel_0/inst/u_accel/u_core/u_vector_cache/mem_reg_3/CLKBWRCLK
  -------------------------------------------------------------------    -------------------
    RAMB36_X3Y13         RAMB36E1 (Prop_ramb36e1_CLKBWRCLK_DOBDO[19])
                                                      2.125     4.673 r  rl_system_luban7020_i/rl_accel_0/inst/u_accel/u_core/u_vector_cache/mem_reg_3/DOBDO[19]
                         net (fo=251, routed)         3.278     7.951    rl_system_luban7020_i/rl_accel_0/inst/u_accel/u_core/g_dual_gemm.u_gemm/u_mac/product_reg[7][7]_0[127]
    DSP48_X0Y11          DSP48E1                                      r  rl_system_luban7020_i/rl_accel_0/inst/u_accel/u_core/g_dual_gemm.u_gemm/u_mac/product_reg[6][7]/A[15]
  -------------------------------------------------------------------    -------------------

                         (clock clk_fpga_0 rise edge)
                                                      6.000     6.000 r  <hidden>
    PS7_X0Y0             PS7                          0.000     6.000 r  rl_system_luban7020_i/ps7/inst/PS7_i/FCLKCLK[0]
                         net (fo=1, routed)           0.905     6.905    rl_system_luban7020_i/ps7/inst/FCLK_CLK_unbuffered[0]
    BUFGCTRL_X0Y16       BUFG (Prop_bufg_I_O)         0.077     6.983 r  rl_system_luban7020_i/ps7/inst/buffer_fclk_clk_0.FCLK_CLK_0_BUFG/O
                         net (fo=16934, routed)       1.398     8.381    rl_system_luban7020_i/rl_accel_0/inst/u_accel/u_core/g_dual_gemm.u_gemm/u_mac/s_axi_aclk
    DSP48_X0Y11          DSP48E1                                      r  rl_system_luban7020_i/rl_accel_0/inst/u_accel/u_core/g_dual_gemm.u_gemm/u_mac/product_reg[6][7]/CLK
                         clock pessimism              0.097     8.477    <hidden>
                         clock uncertainty           -0.097     8.381    <hidden>
    DSP48_X0Y11          DSP48E1 (Setup_dsp48e1_CLK_A[15])
                                                     -0.297     8.084    rl_system_luban7020_i/rl_accel_0/inst/u_accel/u_core/g_dual_gemm.u_gemm/u_mac/product_reg[6][7]
  -------------------------------------------------------------------
                         required time                          8.084    <hidden>
                         arrival time                          -7.951    <hidden>
  -------------------------------------------------------------------
                         slack                                  0.133    <hidden>

Slack (MET) :             0.134ns  (required time - arrival time)
  Source:                 rl_system_luban7020_i/rl_accel_0/inst/u_accel/u_core/g_dual_gemm.u_gemm/u_mac/valid_pipe_reg[1]/C
                            (rising edge-triggered cell FDRE clocked by clk_fpga_0  {rise@0.000ns fall@3.000ns period=6.000ns})
  Destination:            rl_system_luban7020_i/rl_accel_0/inst/u_accel/u_core/g_dual_gemm.u_gemm/u_mac/sum2_reg[6][1][16]/CE
                            (rising edge-triggered cell FDRE clocked by clk_fpga_0  {rise@0.000ns fall@3.000ns period=6.000ns})
  Path Group:             clk_fpga_0
  Path Type:              Setup (Max at Slow Process Corner)
  Requirement:            6.000ns  (clk_fpga_0 rise@6.000ns - clk_fpga_0 rise@0.000ns)
  Data Path Delay:        5.520ns  (logic 0.379ns (6.865%)  route 5.141ns (93.135%))
  Logic Levels:           0  
  Clock Path Skew:        -0.113ns (DCD - SCD + CPR)
    Destination Clock Delay (DCD):    2.304ns = ( 8.304 - 6.000 ) 
    Source Clock Delay      (SCD):    2.526ns
    Clock Pessimism Removal (CPR):    0.109ns
  Clock Uncertainty:      0.097ns  ((TSJ^2 + TIJ^2)^1/2 + DJ) / 2 + PE
    Total System Jitter     (TSJ):    0.071ns
    Total Input Jitter      (TIJ):    0.180ns
    Discrete Jitter          (DJ):    0.000ns
    Phase Error              (PE):    0.000ns

    Location             Delay type                Incr(ns)  Path(ns)    Netlist Resource(s)
  -------------------------------------------------------------------    -------------------
                         (clock clk_fpga_0 rise edge)
                                                      0.000     0.000 r  <hidden>
    PS7_X0Y0             PS7                          0.000     0.000 r  rl_system_luban7020_i/ps7/inst/PS7_i/FCLKCLK[0]
                         net (fo=1, routed)           0.994     0.994    rl_system_luban7020_i/ps7/inst/FCLK_CLK_unbuffered[0]
    BUFGCTRL_X0Y16       BUFG (Prop_bufg_I_O)         0.085     1.079 r  rl_system_luban7020_i/ps7/inst/buffer_fclk_clk_0.FCLK_CLK_0_BUFG/O
                         net (fo=16934, routed)       1.447     2.526    rl_system_luban7020_i/rl_accel_0/inst/u_accel/u_core/g_dual_gemm.u_gemm/u_mac/s_axi_aclk
    SLICE_X74Y23         FDRE                                         r  rl_system_luban7020_i/rl_accel_0/inst/u_accel/u_core/g_dual_gemm.u_gemm/u_mac/valid_pipe_reg[1]/C
  -------------------------------------------------------------------    -------------------
    SLICE_X74Y23         FDRE (Prop_fdre_C_Q)         0.379     2.905 r  rl_system_luban7020_i/rl_accel_0/inst/u_accel/u_core/g_dual_gemm.u_gemm/u_mac/valid_pipe_reg[1]/Q
                         net (fo=1057, routed)        5.141     8.046    rl_system_luban7020_i/rl_accel_0/inst/u_accel/u_core/g_dual_gemm.u_gemm/u_mac/p_0_in1_in
    SLICE_X14Y34         FDRE                                         r  rl_system_luban7020_i/rl_accel_0/inst/u_accel/u_core/g_dual_gemm.u_gemm/u_mac/sum2_reg[6][1][16]/CE
  -------------------------------------------------------------------    -------------------

                         (clock clk_fpga_0 rise edge)
                                                      6.000     6.000 r  <hidden>
    PS7_X0Y0             PS7                          0.000     6.000 r  rl_system_luban7020_i/ps7/inst/PS7_i/FCLKCLK[0]
                         net (fo=1, routed)           0.905     6.905    rl_system_luban7020_i/ps7/inst/FCLK_CLK_unbuffered[0]
    BUFGCTRL_X0Y16       BUFG (Prop_bufg_I_O)         0.077     6.983 r  rl_system_luban7020_i/ps7/inst/buffer_fclk_clk_0.FCLK_CLK_0_BUFG/O
                         net (fo=16934, routed)       1.322     8.304    rl_system_luban7020_i/rl_accel_0/inst/u_accel/u_core/g_dual_gemm.u_gemm/u_mac/s_axi_aclk
    SLICE_X14Y34         FDRE                                         r  rl_system_luban7020_i/rl_accel_0/inst/u_accel/u_core/g_dual_gemm.u_gemm/u_mac/sum2_reg[6][1][16]/C
                         clock pessimism              0.109     8.413    <hidden>
                         clock uncertainty           -0.097     8.316    <hidden>
    SLICE_X14Y34         FDRE (Setup_fdre_C_CE)      -0.136     8.180    rl_system_luban7020_i/rl_accel_0/inst/u_accel/u_core/g_dual_gemm.u_gemm/u_mac/sum2_reg[6][1][16]
  -------------------------------------------------------------------
                         required time                          8.180    <hidden>
                         arrival time                          -8.046    <hidden>
  -------------------------------------------------------------------
                         slack                                  0.134    <hidden>

Slack (MET) :             0.134ns  (required time - arrival time)
  Source:                 rl_system_luban7020_i/rl_accel_0/inst/u_accel/u_core/g_dual_gemm.u_gemm/u_mac/valid_pipe_reg[1]/C
                            (rising edge-triggered cell FDRE clocked by clk_fpga_0  {rise@0.000ns fall@3.000ns period=6.000ns})
  Destination:            rl_system_luban7020_i/rl_accel_0/inst/u_accel/u_core/g_dual_gemm.u_gemm/u_mac/sum2_reg[6][1][17]/CE
                            (rising edge-triggered cell FDRE clocked by clk_fpga_0  {rise@0.000ns fall@3.000ns period=6.000ns})
  Path Group:             clk_fpga_0
  Path Type:              Setup (Max at Slow Process Corner)
  Requirement:            6.000ns  (clk_fpga_0 rise@6.000ns - clk_fpga_0 rise@0.000ns)
  Data Path Delay:        5.520ns  (logic 0.379ns (6.865%)  route 5.141ns (93.135%))
  Logic Levels:           0  
  Clock Path Skew:        -0.113ns (DCD - SCD + CPR)
    Destination Clock Delay (DCD):    2.304ns = ( 8.304 - 6.000 ) 
    Source Clock Delay      (SCD):    2.526ns
    Clock Pessimism Removal (CPR):    0.109ns
  Clock Uncertainty:      0.097ns  ((TSJ^2 + TIJ^2)^1/2 + DJ) / 2 + PE
    Total System Jitter     (TSJ):    0.071ns
    Total Input Jitter      (TIJ):    0.180ns
    Discrete Jitter          (DJ):    0.000ns
    Phase Error              (PE):    0.000ns

    Location             Delay type                Incr(ns)  Path(ns)    Netlist Resource(s)
  -------------------------------------------------------------------    -------------------
                         (clock clk_fpga_0 rise edge)
                                                      0.000     0.000 r  <hidden>
    PS7_X0Y0             PS7                          0.000     0.000 r  rl_system_luban7020_i/ps7/inst/PS7_i/FCLKCLK[0]
                         net (fo=1, routed)           0.994     0.994    rl_system_luban7020_i/ps7/inst/FCLK_CLK_unbuffered[0]
    BUFGCTRL_X0Y16       BUFG (Prop_bufg_I_O)         0.085     1.079 r  rl_system_luban7020_i/ps7/inst/buffer_fclk_clk_0.FCLK_CLK_0_BUFG/O
                         net (fo=16934, routed)       1.447     2.526    rl_system_luban7020_i/rl_accel_0/inst/u_accel/u_core/g_dual_gemm.u_gemm/u_mac/s_axi_aclk
    SLICE_X74Y23         FDRE                                         r  rl_system_luban7020_i/rl_accel_0/inst/u_accel/u_core/g_dual_gemm.u_gemm/u_mac/valid_pipe_reg[1]/C
  -------------------------------------------------------------------    -------------------
    SLICE_X74Y23         FDRE (Prop_fdre_C_Q)         0.379     2.905 r  rl_system_luban7020_i/rl_accel_0/inst/u_accel/u_core/g_dual_gemm.u_gemm/u_mac/valid_pipe_reg[1]/Q
                         net (fo=1057, routed)        5.141     8.046    rl_system_luban7020_i/rl_accel_0/inst/u_accel/u_core/g_dual_gemm.u_gemm/u_mac/p_0_in1_in
    SLICE_X14Y34         FDRE                                         r  rl_system_luban7020_i/rl_accel_0/inst/u_accel/u_core/g_dual_gemm.u_gemm/u_mac/sum2_reg[6][1][17]/CE
  -------------------------------------------------------------------    -------------------

                         (clock clk_fpga_0 rise edge)
                                                      6.000     6.000 r  <hidden>
    PS7_X0Y0             PS7                          0.000     6.000 r  rl_system_luban7020_i/ps7/inst/PS7_i/FCLKCLK[0]
                         net (fo=1, routed)           0.905     6.905    rl_system_luban7020_i/ps7/inst/FCLK_CLK_unbuffered[0]
    BUFGCTRL_X0Y16       BUFG (Prop_bufg_I_O)         0.077     6.983 r  rl_system_luban7020_i/ps7/inst/buffer_fclk_clk_0.FCLK_CLK_0_BUFG/O
                         net (fo=16934, routed)       1.322     8.304    rl_system_luban7020_i/rl_accel_0/inst/u_accel/u_core/g_dual_gemm.u_gemm/u_mac/s_axi_aclk
    SLICE_X14Y34         FDRE                                         r  rl_system_luban7020_i/rl_accel_0/inst/u_accel/u_core/g_dual_gemm.u_gemm/u_mac/sum2_reg[6][1][17]/C
                         clock pessimism              0.109     8.413    <hidden>
                         clock uncertainty           -0.097     8.316    <hidden>
    SLICE_X14Y34         FDRE (Setup_fdre_C_CE)      -0.136     8.180    rl_system_luban7020_i/rl_accel_0/inst/u_accel/u_core/g_dual_gemm.u_gemm/u_mac/sum2_reg[6][1][17]
  -------------------------------------------------------------------
                         required time                          8.180    <hidden>
                         arrival time                          -8.046    <hidden>
  -------------------------------------------------------------------
                         slack                                  0.134    <hidden>

Slack (MET) :             0.134ns  (required time - arrival time)
  Source:                 rl_system_luban7020_i/rl_accel_0/inst/u_accel/u_core/g_dual_gemm.u_gemm/u_mac/valid_pipe_reg[1]/C
                            (rising edge-triggered cell FDRE clocked by clk_fpga_0  {rise@0.000ns fall@3.000ns period=6.000ns})
  Destination:            rl_system_luban7020_i/rl_accel_0/inst/u_accel/u_core/g_dual_gemm.u_gemm/u_mac/sum2_reg[6][1][18]/CE
                            (rising edge-triggered cell FDRE clocked by clk_fpga_0  {rise@0.000ns fall@3.000ns period=6.000ns})
  Path Group:             clk_fpga_0
  Path Type:              Setup (Max at Slow Process Corner)
  Requirement:            6.000ns  (clk_fpga_0 rise@6.000ns - clk_fpga_0 rise@0.000ns)
  Data Path Delay:        5.520ns  (logic 0.379ns (6.865%)  route 5.141ns (93.135%))
  Logic Levels:           0  
  Clock Path Skew:        -0.113ns (DCD - SCD + CPR)
    Destination Clock Delay (DCD):    2.304ns = ( 8.304 - 6.000 ) 
    Source Clock Delay      (SCD):    2.526ns
    Clock Pessimism Removal (CPR):    0.109ns
  Clock Uncertainty:      0.097ns  ((TSJ^2 + TIJ^2)^1/2 + DJ) / 2 + PE
    Total System Jitter     (TSJ):    0.071ns
    Total Input Jitter      (TIJ):    0.180ns
    Discrete Jitter          (DJ):    0.000ns
    Phase Error              (PE):    0.000ns

    Location             Delay type                Incr(ns)  Path(ns)    Netlist Resource(s)
  -------------------------------------------------------------------    -------------------
                         (clock clk_fpga_0 rise edge)
                                                      0.000     0.000 r  <hidden>
    PS7_X0Y0             PS7                          0.000     0.000 r  rl_system_luban7020_i/ps7/inst/PS7_i/FCLKCLK[0]
                         net (fo=1, routed)           0.994     0.994    rl_system_luban7020_i/ps7/inst/FCLK_CLK_unbuffered[0]
    BUFGCTRL_X0Y16       BUFG (Prop_bufg_I_O)         0.085     1.079 r  rl_system_luban7020_i/ps7/inst/buffer_fclk_clk_0.FCLK_CLK_0_BUFG/O
                         net (fo=16934, routed)       1.447     2.526    rl_system_luban7020_i/rl_accel_0/inst/u_accel/u_core/g_dual_gemm.u_gemm/u_mac/s_axi_aclk
    SLICE_X74Y23         FDRE                                         r  rl_system_luban7020_i/rl_accel_0/inst/u_accel/u_core/g_dual_gemm.u_gemm/u_mac/valid_pipe_reg[1]/C
  -------------------------------------------------------------------    -------------------
    SLICE_X74Y23         FDRE (Prop_fdre_C_Q)         0.379     2.905 r  rl_system_luban7020_i/rl_accel_0/inst/u_accel/u_core/g_dual_gemm.u_gemm/u_mac/valid_pipe_reg[1]/Q
                         net (fo=1057, routed)        5.141     8.046    rl_system_luban7020_i/rl_accel_0/inst/u_accel/u_core/g_dual_gemm.u_gemm/u_mac/p_0_in1_in
    SLICE_X14Y34         FDRE                                         r  rl_system_luban7020_i/rl_accel_0/inst/u_accel/u_core/g_dual_gemm.u_gemm/u_mac/sum2_reg[6][1][18]/CE
  -------------------------------------------------------------------    -------------------

                         (clock clk_fpga_0 rise edge)
                                                      6.000     6.000 r  <hidden>
    PS7_X0Y0             PS7                          0.000     6.000 r  rl_system_luban7020_i/ps7/inst/PS7_i/FCLKCLK[0]
                         net (fo=1, routed)           0.905     6.905    rl_system_luban7020_i/ps7/inst/FCLK_CLK_unbuffered[0]
    BUFGCTRL_X0Y16       BUFG (Prop_bufg_I_O)         0.077     6.983 r  rl_system_luban7020_i/ps7/inst/buffer_fclk_clk_0.FCLK_CLK_0_BUFG/O
                         net (fo=16934, routed)       1.322     8.304    rl_system_luban7020_i/rl_accel_0/inst/u_accel/u_core/g_dual_gemm.u_gemm/u_mac/s_axi_aclk
    SLICE_X14Y34         FDRE                                         r  rl_system_luban7020_i/rl_accel_0/inst/u_accel/u_core/g_dual_gemm.u_gemm/u_mac/sum2_reg[6][1][18]/C
                         clock pessimism              0.109     8.413    <hidden>
                         clock uncertainty           -0.097     8.316    <hidden>
    SLICE_X14Y34         FDRE (Setup_fdre_C_CE)      -0.136     8.180    rl_system_luban7020_i/rl_accel_0/inst/u_accel/u_core/g_dual_gemm.u_gemm/u_mac/sum2_reg[6][1][18]
  -------------------------------------------------------------------
                         required time                          8.180    <hidden>
                         arrival time                          -8.046    <hidden>
  -------------------------------------------------------------------
                         slack                                  0.134    <hidden>

Slack (MET) :             0.134ns  (required time - arrival time)
  Source:                 rl_system_luban7020_i/rl_accel_0/inst/u_accel/u_core/g_dual_gemm.u_gemm/u_mac/valid_pipe_reg[1]/C
                            (rising edge-triggered cell FDRE clocked by clk_fpga_0  {rise@0.000ns fall@3.000ns period=6.000ns})
  Destination:            rl_system_luban7020_i/rl_accel_0/inst/u_accel/u_core/g_dual_gemm.u_gemm/u_mac/sum2_reg[6][1][19]/CE
                            (rising edge-triggered cell FDRE clocked by clk_fpga_0  {rise@0.000ns fall@3.000ns period=6.000ns})
  Path Group:             clk_fpga_0
  Path Type:              Setup (Max at Slow Process Corner)
  Requirement:            6.000ns  (clk_fpga_0 rise@6.000ns - clk_fpga_0 rise@0.000ns)
  Data Path Delay:        5.520ns  (logic 0.379ns (6.865%)  route 5.141ns (93.135%))
  Logic Levels:           0  
  Clock Path Skew:        -0.113ns (DCD - SCD + CPR)
    Destination Clock Delay (DCD):    2.304ns = ( 8.304 - 6.000 ) 
    Source Clock Delay      (SCD):    2.526ns
    Clock Pessimism Removal (CPR):    0.109ns
  Clock Uncertainty:      0.097ns  ((TSJ^2 + TIJ^2)^1/2 + DJ) / 2 + PE
    Total System Jitter     (TSJ):    0.071ns
    Total Input Jitter      (TIJ):    0.180ns
    Discrete Jitter          (DJ):    0.000ns
    Phase Error              (PE):    0.000ns

    Location             Delay type                Incr(ns)  Path(ns)    Netlist Resource(s)
  -------------------------------------------------------------------    -------------------
                         (clock clk_fpga_0 rise edge)
                                                      0.000     0.000 r  <hidden>
    PS7_X0Y0             PS7                          0.000     0.000 r  rl_system_luban7020_i/ps7/inst/PS7_i/FCLKCLK[0]
                         net (fo=1, routed)           0.994     0.994    rl_system_luban7020_i/ps7/inst/FCLK_CLK_unbuffered[0]
    BUFGCTRL_X0Y16       BUFG (Prop_bufg_I_O)         0.085     1.079 r  rl_system_luban7020_i/ps7/inst/buffer_fclk_clk_0.FCLK_CLK_0_BUFG/O
                         net (fo=16934, routed)       1.447     2.526    rl_system_luban7020_i/rl_accel_0/inst/u_accel/u_core/g_dual_gemm.u_gemm/u_mac/s_axi_aclk
    SLICE_X74Y23         FDRE                                         r  rl_system_luban7020_i/rl_accel_0/inst/u_accel/u_core/g_dual_gemm.u_gemm/u_mac/valid_pipe_reg[1]/C
  -------------------------------------------------------------------    -------------------
    SLICE_X74Y23         FDRE (Prop_fdre_C_Q)         0.379     2.905 r  rl_system_luban7020_i/rl_accel_0/inst/u_accel/u_core/g_dual_gemm.u_gemm/u_mac/valid_pipe_reg[1]/Q
                         net (fo=1057, routed)        5.141     8.046    rl_system_luban7020_i/rl_accel_0/inst/u_accel/u_core/g_dual_gemm.u_gemm/u_mac/p_0_in1_in
    SLICE_X14Y34         FDRE                                         r  rl_system_luban7020_i/rl_accel_0/inst/u_accel/u_core/g_dual_gemm.u_gemm/u_mac/sum2_reg[6][1][19]/CE
  -------------------------------------------------------------------    -------------------

                         (clock clk_fpga_0 rise edge)
                                                      6.000     6.000 r  <hidden>
    PS7_X0Y0             PS7                          0.000     6.000 r  rl_system_luban7020_i/ps7/inst/PS7_i/FCLKCLK[0]
                         net (fo=1, routed)           0.905     6.905    rl_system_luban7020_i/ps7/inst/FCLK_CLK_unbuffered[0]
    BUFGCTRL_X0Y16       BUFG (Prop_bufg_I_O)         0.077     6.983 r  rl_system_luban7020_i/ps7/inst/buffer_fclk_clk_0.FCLK_CLK_0_BUFG/O
                         net (fo=16934, routed)       1.322     8.304    rl_system_luban7020_i/rl_accel_0/inst/u_accel/u_core/g_dual_gemm.u_gemm/u_mac/s_axi_aclk
    SLICE_X14Y34         FDRE                                         r  rl_system_luban7020_i/rl_accel_0/inst/u_accel/u_core/g_dual_gemm.u_gemm/u_mac/sum2_reg[6][1][19]/C
                         clock pessimism              0.109     8.413    <hidden>
                         clock uncertainty           -0.097     8.316    <hidden>
    SLICE_X14Y34         FDRE (Setup_fdre_C_CE)      -0.136     8.180    rl_system_luban7020_i/rl_accel_0/inst/u_accel/u_core/g_dual_gemm.u_gemm/u_mac/sum2_reg[6][1][19]
  -------------------------------------------------------------------
                         required time                          8.180    <hidden>
                         arrival time                          -8.046    <hidden>
  -------------------------------------------------------------------
                         slack                                  0.134    <hidden>

Slack (MET) :             0.141ns  (required time - arrival time)
  Source:                 rl_system_luban7020_i/rl_accel_0/inst/u_accel/u_core/g_dual_gemm.u_gemm/k_groups_reg[0]/C
                            (rising edge-triggered cell FDRE clocked by clk_fpga_0  {rise@0.000ns fall@3.000ns period=6.000ns})
  Destination:            rl_system_luban7020_i/rl_accel_0/inst/u_accel/u_core/u_vector_cache/mem_reg_1/ENBWREN
                            (rising edge-triggered cell RAMB36E1 clocked by clk_fpga_0  {rise@0.000ns fall@3.000ns period=6.000ns})
  Path Group:             clk_fpga_0
  Path Type:              Setup (Max at Slow Process Corner)
  Requirement:            6.000ns  (clk_fpga_0 rise@6.000ns - clk_fpga_0 rise@0.000ns)
  Data Path Delay:        5.288ns  (logic 1.442ns (27.272%)  route 3.846ns (72.728%))
  Logic Levels:           7  (CARRY4=2 LUT2=1 LUT4=1 LUT5=1 LUT6=2)
  Clock Path Skew:        -0.088ns (DCD - SCD + CPR)
    Destination Clock Delay (DCD):    2.290ns = ( 8.290 - 6.000 ) 
    Source Clock Delay      (SCD):    2.475ns
    Clock Pessimism Removal (CPR):    0.097ns
  Clock Uncertainty:      0.097ns  ((TSJ^2 + TIJ^2)^1/2 + DJ) / 2 + PE
    Total System Jitter     (TSJ):    0.071ns
    Total Input Jitter      (TIJ):    0.180ns
    Discrete Jitter          (DJ):    0.000ns
    Phase Error              (PE):    0.000ns

    Location             Delay type                Incr(ns)  Path(ns)    Netlist Resource(s)
  -------------------------------------------------------------------    -------------------
                         (clock clk_fpga_0 rise edge)
                                                      0.000     0.000 r  <hidden>
    PS7_X0Y0             PS7                          0.000     0.000 r  rl_system_luban7020_i/ps7/inst/PS7_i/FCLKCLK[0]
                         net (fo=1, routed)           0.994     0.994    rl_system_luban7020_i/ps7/inst/FCLK_CLK_unbuffered[0]
    BUFGCTRL_X0Y16       BUFG (Prop_bufg_I_O)         0.085     1.079 r  rl_system_luban7020_i/ps7/inst/buffer_fclk_clk_0.FCLK_CLK_0_BUFG/O
                         net (fo=16934, routed)       1.396     2.475    rl_system_luban7020_i/rl_accel_0/inst/u_accel/u_core/g_dual_gemm.u_gemm/s_axi_aclk
    SLICE_X53Y45         FDRE                                         r  rl_system_luban7020_i/rl_accel_0/inst/u_accel/u_core/g_dual_gemm.u_gemm/k_groups_reg[0]/C
  -------------------------------------------------------------------    -------------------
    SLICE_X53Y45         FDRE (Prop_fdre_C_Q)         0.379     2.854 r  rl_system_luban7020_i/rl_accel_0/inst/u_accel/u_core/g_dual_gemm.u_gemm/k_groups_reg[0]/Q
                         net (fo=10, routed)          0.669     3.523    rl_system_luban7020_i/rl_accel_0/inst/u_accel/u_core/g_dual_gemm.u_gemm/group_weight_base1[1]
    SLICE_X52Y46         LUT4 (Prop_lut4_I0_O)        0.105     3.628 r  rl_system_luban7020_i/rl_accel_0/inst/u_accel/u_core/g_dual_gemm.u_gemm/request_count[15]_i_22/O
                         net (fo=1, routed)           0.000     3.628    rl_system_luban7020_i/rl_accel_0/inst/u_accel/u_core/g_dual_gemm.u_gemm/request_count[15]_i_22_n_0
    SLICE_X52Y46         CARRY4 (Prop_carry4_S[0]_CO[3])
                                                      0.440     4.068 r  rl_system_luban7020_i/rl_accel_0/inst/u_accel/u_core/g_dual_gemm.u_gemm/request_count_reg[15]_i_7/CO[3]
                         net (fo=1, routed)           0.000     4.068    rl_system_luban7020_i/rl_accel_0/inst/u_accel/u_core/g_dual_gemm.u_gemm/request_count_reg[15]_i_7_n_0
    SLICE_X52Y47         CARRY4 (Prop_carry4_CI_CO[3])
                                                      0.098     4.166 r  rl_system_luban7020_i/rl_accel_0/inst/u_accel/u_core/g_dual_gemm.u_gemm/request_count_reg[15]_i_5/CO[3]
                         net (fo=3, routed)           0.735     4.901    rl_system_luban7020_i/rl_accel_0/inst/u_accel/u_core/g_dual_gemm.u_gemm/request_count1
    SLICE_X53Y47         LUT2 (Prop_lut2_I0_O)        0.105     5.006 r  rl_system_luban7020_i/rl_accel_0/inst/u_accel/u_core/g_dual_gemm.u_gemm/request_count[15]_i_3/O
                         net (fo=3, routed)           0.344     5.351    rl_system_luban7020_i/rl_accel_0/inst/u_accel/u_core/g_dual_gemm.u_gemm/request_count0
    SLICE_X53Y49         LUT6 (Prop_lut6_I0_O)        0.105     5.456 r  rl_system_luban7020_i/rl_accel_0/inst/u_accel/u_core/g_dual_gemm.u_gemm/mem_reg_0_i_114/O
                         net (fo=2, routed)           0.770     6.225    rl_system_luban7020_i/rl_accel_0/inst/u_accel/u_core/g_dual_gemm.u_gemm/gemm_vec_en
    SLICE_X54Y53         LUT6 (Prop_lut6_I1_O)        0.105     6.330 r  rl_system_luban7020_i/rl_accel_0/inst/u_accel/u_core/g_dual_gemm.u_gemm/mem_reg_0_i_48/O
                         net (fo=1, routed)           0.342     6.673    rl_system_luban7020_i/rl_accel_0/inst/u_accel/u_core/g_dual_gemm.u_gemm/mem_reg_0_i_48_n_0
    SLICE_X54Y55         LUT5 (Prop_lut5_I0_O)        0.105     6.778 r  rl_system_luban7020_i/rl_accel_0/inst/u_accel/u_core/g_dual_gemm.u_gemm/mem_reg_0_i_1/O
                         net (fo=4, routed)           0.985     7.763    rl_system_luban7020_i/rl_accel_0/inst/u_accel/u_core/u_vector_cache/cache_vec_en
    RAMB36_X3Y15         RAMB36E1                                     r  rl_system_luban7020_i/rl_accel_0/inst/u_accel/u_core/u_vector_cache/mem_reg_1/ENBWREN
  -------------------------------------------------------------------    -------------------

                         (clock clk_fpga_0 rise edge)
                                                      6.000     6.000 r  <hidden>
    PS7_X0Y0             PS7                          0.000     6.000 r  rl_system_luban7020_i/ps7/inst/PS7_i/FCLKCLK[0]
                         net (fo=1, routed)           0.905     6.905    rl_system_luban7020_i/ps7/inst/FCLK_CLK_unbuffered[0]
    BUFGCTRL_X0Y16       BUFG (Prop_bufg_I_O)         0.077     6.983 r  rl_system_luban7020_i/ps7/inst/buffer_fclk_clk_0.FCLK_CLK_0_BUFG/O
                         net (fo=16934, routed)       1.308     8.290    rl_system_luban7020_i/rl_accel_0/inst/u_accel/u_core/u_vector_cache/s_axi_aclk
    RAMB36_X3Y15         RAMB36E1                                     r  rl_system_luban7020_i/rl_accel_0/inst/u_accel/u_core/u_vector_cache/mem_reg_1/CLKBWRCLK
                         clock pessimism              0.097     8.387    <hidden>
                         clock uncertainty           -0.097     8.290    <hidden>
    RAMB36_X3Y15         RAMB36E1 (Setup_ramb36e1_CLKBWRCLK_ENBWREN)
                                                     -0.387     7.903    rl_system_luban7020_i/rl_accel_0/inst/u_accel/u_core/u_vector_cache/mem_reg_1
  -------------------------------------------------------------------
                         required time                          7.903    <hidden>
                         arrival time                          -7.763    <hidden>
  -------------------------------------------------------------------
                         slack                                  0.141    <hidden>

Slack (MET) :             0.142ns  (required time - arrival time)
  Source:                 rl_system_luban7020_i/rl_accel_0/inst/u_accel/u_core/g_dual_gemm.u_gemm/k_groups_reg[0]/C
                            (rising edge-triggered cell FDRE clocked by clk_fpga_0  {rise@0.000ns fall@3.000ns period=6.000ns})
  Destination:            rl_system_luban7020_i/rl_accel_0/inst/u_accel/u_core/u_vector_cache/mem_reg_2/ENBWREN
                            (rising edge-triggered cell RAMB36E1 clocked by clk_fpga_0  {rise@0.000ns fall@3.000ns period=6.000ns})
  Path Group:             clk_fpga_0
  Path Type:              Setup (Max at Slow Process Corner)
  Requirement:            6.000ns  (clk_fpga_0 rise@6.000ns - clk_fpga_0 rise@0.000ns)
  Data Path Delay:        5.289ns  (logic 1.442ns (27.266%)  route 3.847ns (72.734%))
  Logic Levels:           7  (CARRY4=2 LUT2=1 LUT4=1 LUT5=1 LUT6=2)
  Clock Path Skew:        -0.086ns (DCD - SCD + CPR)
    Destination Clock Delay (DCD):    2.292ns = ( 8.292 - 6.000 ) 
    Source Clock Delay      (SCD):    2.475ns
    Clock Pessimism Removal (CPR):    0.097ns
  Clock Uncertainty:      0.097ns  ((TSJ^2 + TIJ^2)^1/2 + DJ) / 2 + PE
    Total System Jitter     (TSJ):    0.071ns
    Total Input Jitter      (TIJ):    0.180ns
    Discrete Jitter          (DJ):    0.000ns
    Phase Error              (PE):    0.000ns

    Location             Delay type                Incr(ns)  Path(ns)    Netlist Resource(s)
  -------------------------------------------------------------------    -------------------
                         (clock clk_fpga_0 rise edge)
                                                      0.000     0.000 r  <hidden>
    PS7_X0Y0             PS7                          0.000     0.000 r  rl_system_luban7020_i/ps7/inst/PS7_i/FCLKCLK[0]
                         net (fo=1, routed)           0.994     0.994    rl_system_luban7020_i/ps7/inst/FCLK_CLK_unbuffered[0]
    BUFGCTRL_X0Y16       BUFG (Prop_bufg_I_O)         0.085     1.079 r  rl_system_luban7020_i/ps7/inst/buffer_fclk_clk_0.FCLK_CLK_0_BUFG/O
                         net (fo=16934, routed)       1.396     2.475    rl_system_luban7020_i/rl_accel_0/inst/u_accel/u_core/g_dual_gemm.u_gemm/s_axi_aclk
    SLICE_X53Y45         FDRE                                         r  rl_system_luban7020_i/rl_accel_0/inst/u_accel/u_core/g_dual_gemm.u_gemm/k_groups_reg[0]/C
  -------------------------------------------------------------------    -------------------
    SLICE_X53Y45         FDRE (Prop_fdre_C_Q)         0.379     2.854 r  rl_system_luban7020_i/rl_accel_0/inst/u_accel/u_core/g_dual_gemm.u_gemm/k_groups_reg[0]/Q
                         net (fo=10, routed)          0.669     3.523    rl_system_luban7020_i/rl_accel_0/inst/u_accel/u_core/g_dual_gemm.u_gemm/group_weight_base1[1]
    SLICE_X52Y46         LUT4 (Prop_lut4_I0_O)        0.105     3.628 r  rl_system_luban7020_i/rl_accel_0/inst/u_accel/u_core/g_dual_gemm.u_gemm/request_count[15]_i_22/O
                         net (fo=1, routed)           0.000     3.628    rl_system_luban7020_i/rl_accel_0/inst/u_accel/u_core/g_dual_gemm.u_gemm/request_count[15]_i_22_n_0
    SLICE_X52Y46         CARRY4 (Prop_carry4_S[0]_CO[3])
                                                      0.440     4.068 r  rl_system_luban7020_i/rl_accel_0/inst/u_accel/u_core/g_dual_gemm.u_gemm/request_count_reg[15]_i_7/CO[3]
                         net (fo=1, routed)           0.000     4.068    rl_system_luban7020_i/rl_accel_0/inst/u_accel/u_core/g_dual_gemm.u_gemm/request_count_reg[15]_i_7_n_0
    SLICE_X52Y47         CARRY4 (Prop_carry4_CI_CO[3])
                                                      0.098     4.166 r  rl_system_luban7020_i/rl_accel_0/inst/u_accel/u_core/g_dual_gemm.u_gemm/request_count_reg[15]_i_5/CO[3]
                         net (fo=3, routed)           0.735     4.901    rl_system_luban7020_i/rl_accel_0/inst/u_accel/u_core/g_dual_gemm.u_gemm/request_count1
    SLICE_X53Y47         LUT2 (Prop_lut2_I0_O)        0.105     5.006 r  rl_system_luban7020_i/rl_accel_0/inst/u_accel/u_core/g_dual_gemm.u_gemm/request_count[15]_i_3/O
                         net (fo=3, routed)           0.344     5.351    rl_system_luban7020_i/rl_accel_0/inst/u_accel/u_core/g_dual_gemm.u_gemm/request_count0
    SLICE_X53Y49         LUT6 (Prop_lut6_I0_O)        0.105     5.456 r  rl_system_luban7020_i/rl_accel_0/inst/u_accel/u_core/g_dual_gemm.u_gemm/mem_reg_0_i_114/O
                         net (fo=2, routed)           0.770     6.225    rl_system_luban7020_i/rl_accel_0/inst/u_accel/u_core/g_dual_gemm.u_gemm/gemm_vec_en
    SLICE_X54Y53         LUT6 (Prop_lut6_I1_O)        0.105     6.330 r  rl_system_luban7020_i/rl_accel_0/inst/u_accel/u_core/g_dual_gemm.u_gemm/mem_reg_0_i_48/O
                         net (fo=1, routed)           0.342     6.673    rl_system_luban7020_i/rl_accel_0/inst/u_accel/u_core/g_dual_gemm.u_gemm/mem_reg_0_i_48_n_0
    SLICE_X54Y55         LUT5 (Prop_lut5_I0_O)        0.105     6.778 r  rl_system_luban7020_i/rl_accel_0/inst/u_accel/u_core/g_dual_gemm.u_gemm/mem_reg_0_i_1/O
                         net (fo=4, routed)           0.986     7.764    rl_system_luban7020_i/rl_accel_0/inst/u_accel/u_core/u_vector_cache/cache_vec_en
    RAMB36_X3Y14         RAMB36E1                                     r  rl_system_luban7020_i/rl_accel_0/inst/u_accel/u_core/u_vector_cache/mem_reg_2/ENBWREN
  -------------------------------------------------------------------    -------------------

                         (clock clk_fpga_0 rise edge)
                                                      6.000     6.000 r  <hidden>
    PS7_X0Y0             PS7                          0.000     6.000 r  rl_system_luban7020_i/ps7/inst/PS7_i/FCLKCLK[0]
                         net (fo=1, routed)           0.905     6.905    rl_system_luban7020_i/ps7/inst/FCLK_CLK_unbuffered[0]
    BUFGCTRL_X0Y16       BUFG (Prop_bufg_I_O)         0.077     6.983 r  rl_system_luban7020_i/ps7/inst/buffer_fclk_clk_0.FCLK_CLK_0_BUFG/O
                         net (fo=16934, routed)       1.310     8.292    rl_system_luban7020_i/rl_accel_0/inst/u_accel/u_core/u_vector_cache/s_axi_aclk
    RAMB36_X3Y14         RAMB36E1                                     r  rl_system_luban7020_i/rl_accel_0/inst/u_accel/u_core/u_vector_cache/mem_reg_2/CLKBWRCLK
                         clock pessimism              0.097     8.389    <hidden>
                         clock uncertainty           -0.097     8.292    <hidden>
    RAMB36_X3Y14         RAMB36E1 (Setup_ramb36e1_CLKBWRCLK_ENBWREN)
                                                     -0.387     7.905    rl_system_luban7020_i/rl_accel_0/inst/u_accel/u_core/u_vector_cache/mem_reg_2
  -------------------------------------------------------------------
                         required time                          7.905    <hidden>
                         arrival time                          -7.764    <hidden>
  -------------------------------------------------------------------
                         slack                                  0.142    <hidden>

Slack (MET) :             0.142ns  (required time - arrival time)
  Source:                 rl_system_luban7020_i/rl_accel_0/inst/u_accel/u_core/u_vector_cache/mem_reg_1/CLKBWRCLK
                            (rising edge-triggered cell RAMB36E1 clocked by clk_fpga_0  {rise@0.000ns fall@3.000ns period=6.000ns})
  Destination:            rl_system_luban7020_i/rl_accel_0/inst/u_accel/u_core/g_dual_gemm.u_gemm/u_mac/product_reg[5][2]/A[21]
                            (rising edge-triggered cell DSP48E1 clocked by clk_fpga_0  {rise@0.000ns fall@3.000ns period=6.000ns})
  Path Group:             clk_fpga_0
  Path Type:              Setup (Max at Slow Process Corner)
  Requirement:            6.000ns  (clk_fpga_0 rise@6.000ns - clk_fpga_0 rise@0.000ns)
  Data Path Delay:        5.403ns  (logic 2.125ns (39.328%)  route 3.278ns (60.672%))
  Logic Levels:           0  
  Clock Path Skew:        -0.061ns (DCD - SCD + CPR)
    Destination Clock Delay (DCD):    2.381ns = ( 8.381 - 6.000 ) 
    Source Clock Delay      (SCD):    2.539ns
    Clock Pessimism Removal (CPR):    0.097ns
  Clock Uncertainty:      0.097ns  ((TSJ^2 + TIJ^2)^1/2 + DJ) / 2 + PE
    Total System Jitter     (TSJ):    0.071ns
    Total Input Jitter      (TIJ):    0.180ns
    Discrete Jitter          (DJ):    0.000ns
    Phase Error              (PE):    0.000ns

    Location             Delay type                Incr(ns)  Path(ns)    Netlist Resource(s)
  -------------------------------------------------------------------    -------------------
                         (clock clk_fpga_0 rise edge)
                                                      0.000     0.000 r  <hidden>
    PS7_X0Y0             PS7                          0.000     0.000 r  rl_system_luban7020_i/ps7/inst/PS7_i/FCLKCLK[0]
                         net (fo=1, routed)           0.994     0.994    rl_system_luban7020_i/ps7/inst/FCLK_CLK_unbuffered[0]
    BUFGCTRL_X0Y16       BUFG (Prop_bufg_I_O)         0.085     1.079 r  rl_system_luban7020_i/ps7/inst/buffer_fclk_clk_0.FCLK_CLK_0_BUFG/O
                         net (fo=16934, routed)       1.460     2.539    rl_system_luban7020_i/rl_accel_0/inst/u_accel/u_core/u_vector_cache/s_axi_aclk
    RAMB36_X3Y15         RAMB36E1                                     r  rl_system_luban7020_i/rl_accel_0/inst/u_accel/u_core/u_vector_cache/mem_reg_1/CLKBWRCLK
  -------------------------------------------------------------------    -------------------
    RAMB36_X3Y15         RAMB36E1 (Prop_ramb36e1_CLKBWRCLK_DOBDO[11])
                                                      2.125     4.664 r  rl_system_luban7020_i/rl_accel_0/inst/u_accel/u_core/u_vector_cache/mem_reg_1/DOBDO[11]
                         net (fo=251, routed)         3.278     7.942    rl_system_luban7020_i/rl_accel_0/inst/u_accel/u_core/g_dual_gemm.u_gemm/u_mac/product_reg[7][7]_0[47]
    DSP48_X1Y7           DSP48E1                                      r  rl_system_luban7020_i/rl_accel_0/inst/u_accel/u_core/g_dual_gemm.u_gemm/u_mac/product_reg[5][2]/A[21]
  -------------------------------------------------------------------    -------------------

                         (clock clk_fpga_0 rise edge)
                                                      6.000     6.000 r  <hidden>
    PS7_X0Y0             PS7                          0.000     6.000 r  rl_system_luban7020_i/ps7/inst/PS7_i/FCLKCLK[0]
                         net (fo=1, routed)           0.905     6.905    rl_system_luban7020_i/ps7/inst/FCLK_CLK_unbuffered[0]
    BUFGCTRL_X0Y16       BUFG (Prop_bufg_I_O)         0.077     6.983 r  rl_system_luban7020_i/ps7/inst/buffer_fclk_clk_0.FCLK_CLK_0_BUFG/O
                         net (fo=16934, routed)       1.398     8.381    rl_system_luban7020_i/rl_accel_0/inst/u_accel/u_core/g_dual_gemm.u_gemm/u_mac/s_axi_aclk
    DSP48_X1Y7           DSP48E1                                      r  rl_system_luban7020_i/rl_accel_0/inst/u_accel/u_core/g_dual_gemm.u_gemm/u_mac/product_reg[5][2]/CLK
                         clock pessimism              0.097     8.477    <hidden>
                         clock uncertainty           -0.097     8.381    <hidden>
    DSP48_X1Y7           DSP48E1 (Setup_dsp48e1_CLK_A[21])
                                                     -0.297     8.084    rl_system_luban7020_i/rl_accel_0/inst/u_accel/u_core/g_dual_gemm.u_gemm/u_mac/product_reg[5][2]
  -------------------------------------------------------------------
                         required time                          8.084    <hidden>
                         arrival time                          -7.942    <hidden>
  -------------------------------------------------------------------
                         slack                                  0.142    <hidden>

Slack (MET) :             0.144ns  (required time - arrival time)
  Source:                 rl_system_luban7020_i/rl_accel_0/inst/u_accel/u_core/g_dual_gemm.u_gemm/u_mac/valid_pipe_reg[1]/C
                            (rising edge-triggered cell FDRE clocked by clk_fpga_0  {rise@0.000ns fall@3.000ns period=6.000ns})
  Destination:            rl_system_luban7020_i/rl_accel_0/inst/u_accel/u_core/g_dual_gemm.u_gemm/u_mac/sum2_reg[6][1][12]/CE
                            (rising edge-triggered cell FDRE clocked by clk_fpga_0  {rise@0.000ns fall@3.000ns period=6.000ns})
  Path Group:             clk_fpga_0
  Path Type:              Setup (Max at Slow Process Corner)
  Requirement:            6.000ns  (clk_fpga_0 rise@6.000ns - clk_fpga_0 rise@0.000ns)
  Data Path Delay:        5.510ns  (logic 0.379ns (6.878%)  route 5.131ns (93.122%))
  Logic Levels:           0  
  Clock Path Skew:        -0.113ns (DCD - SCD + CPR)
    Destination Clock Delay (DCD):    2.304ns = ( 8.304 - 6.000 ) 
    Source Clock Delay      (SCD):    2.526ns
    Clock Pessimism Removal (CPR):    0.109ns
  Clock Uncertainty:      0.097ns  ((TSJ^2 + TIJ^2)^1/2 + DJ) / 2 + PE
    Total System Jitter     (TSJ):    0.071ns
    Total Input Jitter      (TIJ):    0.180ns
    Discrete Jitter          (DJ):    0.000ns
    Phase Error              (PE):    0.000ns

    Location             Delay type                Incr(ns)  Path(ns)    Netlist Resource(s)
  -------------------------------------------------------------------    -------------------
                         (clock clk_fpga_0 rise edge)
                                                      0.000     0.000 r  <hidden>
    PS7_X0Y0             PS7                          0.000     0.000 r  rl_system_luban7020_i/ps7/inst/PS7_i/FCLKCLK[0]
                         net (fo=1, routed)           0.994     0.994    rl_system_luban7020_i/ps7/inst/FCLK_CLK_unbuffered[0]
    BUFGCTRL_X0Y16       BUFG (Prop_bufg_I_O)         0.085     1.079 r  rl_system_luban7020_i/ps7/inst/buffer_fclk_clk_0.FCLK_CLK_0_BUFG/O
                         net (fo=16934, routed)       1.447     2.526    rl_system_luban7020_i/rl_accel_0/inst/u_accel/u_core/g_dual_gemm.u_gemm/u_mac/s_axi_aclk
    SLICE_X74Y23         FDRE                                         r  rl_system_luban7020_i/rl_accel_0/inst/u_accel/u_core/g_dual_gemm.u_gemm/u_mac/valid_pipe_reg[1]/C
  -------------------------------------------------------------------    -------------------
    SLICE_X74Y23         FDRE (Prop_fdre_C_Q)         0.379     2.905 r  rl_system_luban7020_i/rl_accel_0/inst/u_accel/u_core/g_dual_gemm.u_gemm/u_mac/valid_pipe_reg[1]/Q
                         net (fo=1057, routed)        5.131     8.036    rl_system_luban7020_i/rl_accel_0/inst/u_accel/u_core/g_dual_gemm.u_gemm/u_mac/p_0_in1_in
    SLICE_X14Y33         FDRE                                         r  rl_system_luban7020_i/rl_accel_0/inst/u_accel/u_core/g_dual_gemm.u_gemm/u_mac/sum2_reg[6][1][12]/CE
  -------------------------------------------------------------------    -------------------

                         (clock clk_fpga_0 rise edge)
                                                      6.000     6.000 r  <hidden>
    PS7_X0Y0             PS7                          0.000     6.000 r  rl_system_luban7020_i/ps7/inst/PS7_i/FCLKCLK[0]
                         net (fo=1, routed)           0.905     6.905    rl_system_luban7020_i/ps7/inst/FCLK_CLK_unbuffered[0]
    BUFGCTRL_X0Y16       BUFG (Prop_bufg_I_O)         0.077     6.983 r  rl_system_luban7020_i/ps7/inst/buffer_fclk_clk_0.FCLK_CLK_0_BUFG/O
                         net (fo=16934, routed)       1.322     8.304    rl_system_luban7020_i/rl_accel_0/inst/u_accel/u_core/g_dual_gemm.u_gemm/u_mac/s_axi_aclk
    SLICE_X14Y33         FDRE                                         r  rl_system_luban7020_i/rl_accel_0/inst/u_accel/u_core/g_dual_gemm.u_gemm/u_mac/sum2_reg[6][1][12]/C
                         clock pessimism              0.109     8.413    <hidden>
                         clock uncertainty           -0.097     8.316    <hidden>
    SLICE_X14Y33         FDRE (Setup_fdre_C_CE)      -0.136     8.180    rl_system_luban7020_i/rl_accel_0/inst/u_accel/u_core/g_dual_gemm.u_gemm/u_mac/sum2_reg[6][1][12]
  -------------------------------------------------------------------
                         required time                          8.180    <hidden>
                         arrival time                          -8.036    <hidden>
  -------------------------------------------------------------------
                         slack                                  0.144    <hidden>

Slack (MET) :             0.144ns  (required time - arrival time)
  Source:                 rl_system_luban7020_i/rl_accel_0/inst/u_accel/u_core/g_dual_gemm.u_gemm/u_mac/valid_pipe_reg[1]/C
                            (rising edge-triggered cell FDRE clocked by clk_fpga_0  {rise@0.000ns fall@3.000ns period=6.000ns})
  Destination:            rl_system_luban7020_i/rl_accel_0/inst/u_accel/u_core/g_dual_gemm.u_gemm/u_mac/sum2_reg[6][1][13]/CE
                            (rising edge-triggered cell FDRE clocked by clk_fpga_0  {rise@0.000ns fall@3.000ns period=6.000ns})
  Path Group:             clk_fpga_0
  Path Type:              Setup (Max at Slow Process Corner)
  Requirement:            6.000ns  (clk_fpga_0 rise@6.000ns - clk_fpga_0 rise@0.000ns)
  Data Path Delay:        5.510ns  (logic 0.379ns (6.878%)  route 5.131ns (93.122%))
  Logic Levels:           0  
  Clock Path Skew:        -0.113ns (DCD - SCD + CPR)
    Destination Clock Delay (DCD):    2.304ns = ( 8.304 - 6.000 ) 
    Source Clock Delay      (SCD):    2.526ns
    Clock Pessimism Removal (CPR):    0.109ns
  Clock Uncertainty:      0.097ns  ((TSJ^2 + TIJ^2)^1/2 + DJ) / 2 + PE
    Total System Jitter     (TSJ):    0.071ns
    Total Input Jitter      (TIJ):    0.180ns
    Discrete Jitter          (DJ):    0.000ns
    Phase Error              (PE):    0.000ns

    Location             Delay type                Incr(ns)  Path(ns)    Netlist Resource(s)
  -------------------------------------------------------------------    -------------------
                         (clock clk_fpga_0 rise edge)
                                                      0.000     0.000 r  <hidden>
    PS7_X0Y0             PS7                          0.000     0.000 r  rl_system_luban7020_i/ps7/inst/PS7_i/FCLKCLK[0]
                         net (fo=1, routed)           0.994     0.994    rl_system_luban7020_i/ps7/inst/FCLK_CLK_unbuffered[0]
    BUFGCTRL_X0Y16       BUFG (Prop_bufg_I_O)         0.085     1.079 r  rl_system_luban7020_i/ps7/inst/buffer_fclk_clk_0.FCLK_CLK_0_BUFG/O
                         net (fo=16934, routed)       1.447     2.526    rl_system_luban7020_i/rl_accel_0/inst/u_accel/u_core/g_dual_gemm.u_gemm/u_mac/s_axi_aclk
    SLICE_X74Y23         FDRE                                         r  rl_system_luban7020_i/rl_accel_0/inst/u_accel/u_core/g_dual_gemm.u_gemm/u_mac/valid_pipe_reg[1]/C
  -------------------------------------------------------------------    -------------------
    SLICE_X74Y23         FDRE (Prop_fdre_C_Q)         0.379     2.905 r  rl_system_luban7020_i/rl_accel_0/inst/u_accel/u_core/g_dual_gemm.u_gemm/u_mac/valid_pipe_reg[1]/Q
                         net (fo=1057, routed)        5.131     8.036    rl_system_luban7020_i/rl_accel_0/inst/u_accel/u_core/g_dual_gemm.u_gemm/u_mac/p_0_in1_in
    SLICE_X14Y33         FDRE                                         r  rl_system_luban7020_i/rl_accel_0/inst/u_accel/u_core/g_dual_gemm.u_gemm/u_mac/sum2_reg[6][1][13]/CE
  -------------------------------------------------------------------    -------------------

                         (clock clk_fpga_0 rise edge)
                                                      6.000     6.000 r  <hidden>
    PS7_X0Y0             PS7                          0.000     6.000 r  rl_system_luban7020_i/ps7/inst/PS7_i/FCLKCLK[0]
                         net (fo=1, routed)           0.905     6.905    rl_system_luban7020_i/ps7/inst/FCLK_CLK_unbuffered[0]
    BUFGCTRL_X0Y16       BUFG (Prop_bufg_I_O)         0.077     6.983 r  rl_system_luban7020_i/ps7/inst/buffer_fclk_clk_0.FCLK_CLK_0_BUFG/O
                         net (fo=16934, routed)       1.322     8.304    rl_system_luban7020_i/rl_accel_0/inst/u_accel/u_core/g_dual_gemm.u_gemm/u_mac/s_axi_aclk
    SLICE_X14Y33         FDRE                                         r  rl_system_luban7020_i/rl_accel_0/inst/u_accel/u_core/g_dual_gemm.u_gemm/u_mac/sum2_reg[6][1][13]/C
                         clock pessimism              0.109     8.413    <hidden>
                         clock uncertainty           -0.097     8.316    <hidden>
    SLICE_X14Y33         FDRE (Setup_fdre_C_CE)      -0.136     8.180    rl_system_luban7020_i/rl_accel_0/inst/u_accel/u_core/g_dual_gemm.u_gemm/u_mac/sum2_reg[6][1][13]
  -------------------------------------------------------------------
                         required time                          8.180    <hidden>
                         arrival time                          -8.036    <hidden>
  -------------------------------------------------------------------
                         slack                                  0.144    <hidden>

Slack (MET) :             0.144ns  (required time - arrival time)
  Source:                 rl_system_luban7020_i/rl_accel_0/inst/u_accel/u_core/g_dual_gemm.u_gemm/u_mac/valid_pipe_reg[1]/C
                            (rising edge-triggered cell FDRE clocked by clk_fpga_0  {rise@0.000ns fall@3.000ns period=6.000ns})
  Destination:            rl_system_luban7020_i/rl_accel_0/inst/u_accel/u_core/g_dual_gemm.u_gemm/u_mac/sum2_reg[6][1][14]/CE
                            (rising edge-triggered cell FDRE clocked by clk_fpga_0  {rise@0.000ns fall@3.000ns period=6.000ns})
  Path Group:             clk_fpga_0
  Path Type:              Setup (Max at Slow Process Corner)
  Requirement:            6.000ns  (clk_fpga_0 rise@6.000ns - clk_fpga_0 rise@0.000ns)
  Data Path Delay:        5.510ns  (logic 0.379ns (6.878%)  route 5.131ns (93.122%))
  Logic Levels:           0  
  Clock Path Skew:        -0.113ns (DCD - SCD + CPR)
    Destination Clock Delay (DCD):    2.304ns = ( 8.304 - 6.000 ) 
    Source Clock Delay      (SCD):    2.526ns
    Clock Pessimism Removal (CPR):    0.109ns
  Clock Uncertainty:      0.097ns  ((TSJ^2 + TIJ^2)^1/2 + DJ) / 2 + PE
    Total System Jitter     (TSJ):    0.071ns
    Total Input Jitter      (TIJ):    0.180ns
    Discrete Jitter          (DJ):    0.000ns
    Phase Error              (PE):    0.000ns

    Location             Delay type                Incr(ns)  Path(ns)    Netlist Resource(s)
  -------------------------------------------------------------------    -------------------
                         (clock clk_fpga_0 rise edge)
                                                      0.000     0.000 r  <hidden>
    PS7_X0Y0             PS7                          0.000     0.000 r  rl_system_luban7020_i/ps7/inst/PS7_i/FCLKCLK[0]
                         net (fo=1, routed)           0.994     0.994    rl_system_luban7020_i/ps7/inst/FCLK_CLK_unbuffered[0]
    BUFGCTRL_X0Y16       BUFG (Prop_bufg_I_O)         0.085     1.079 r  rl_system_luban7020_i/ps7/inst/buffer_fclk_clk_0.FCLK_CLK_0_BUFG/O
                         net (fo=16934, routed)       1.447     2.526    rl_system_luban7020_i/rl_accel_0/inst/u_accel/u_core/g_dual_gemm.u_gemm/u_mac/s_axi_aclk
    SLICE_X74Y23         FDRE                                         r  rl_system_luban7020_i/rl_accel_0/inst/u_accel/u_core/g_dual_gemm.u_gemm/u_mac/valid_pipe_reg[1]/C
  -------------------------------------------------------------------    -------------------
    SLICE_X74Y23         FDRE (Prop_fdre_C_Q)         0.379     2.905 r  rl_system_luban7020_i/rl_accel_0/inst/u_accel/u_core/g_dual_gemm.u_gemm/u_mac/valid_pipe_reg[1]/Q
                         net (fo=1057, routed)        5.131     8.036    rl_system_luban7020_i/rl_accel_0/inst/u_accel/u_core/g_dual_gemm.u_gemm/u_mac/p_0_in1_in
    SLICE_X14Y33         FDRE                                         r  rl_system_luban7020_i/rl_accel_0/inst/u_accel/u_core/g_dual_gemm.u_gemm/u_mac/sum2_reg[6][1][14]/CE
  -------------------------------------------------------------------    -------------------

                         (clock clk_fpga_0 rise edge)
                                                      6.000     6.000 r  <hidden>
    PS7_X0Y0             PS7                          0.000     6.000 r  rl_system_luban7020_i/ps7/inst/PS7_i/FCLKCLK[0]
                         net (fo=1, routed)           0.905     6.905    rl_system_luban7020_i/ps7/inst/FCLK_CLK_unbuffered[0]
    BUFGCTRL_X0Y16       BUFG (Prop_bufg_I_O)         0.077     6.983 r  rl_system_luban7020_i/ps7/inst/buffer_fclk_clk_0.FCLK_CLK_0_BUFG/O
                         net (fo=16934, routed)       1.322     8.304    rl_system_luban7020_i/rl_accel_0/inst/u_accel/u_core/g_dual_gemm.u_gemm/u_mac/s_axi_aclk
    SLICE_X14Y33         FDRE                                         r  rl_system_luban7020_i/rl_accel_0/inst/u_accel/u_core/g_dual_gemm.u_gemm/u_mac/sum2_reg[6][1][14]/C
                         clock pessimism              0.109     8.413    <hidden>
                         clock uncertainty           -0.097     8.316    <hidden>
    SLICE_X14Y33         FDRE (Setup_fdre_C_CE)      -0.136     8.180    rl_system_luban7020_i/rl_accel_0/inst/u_accel/u_core/g_dual_gemm.u_gemm/u_mac/sum2_reg[6][1][14]
  -------------------------------------------------------------------
                         required time                          8.180    <hidden>
                         arrival time                          -8.036    <hidden>
  -------------------------------------------------------------------
                         slack                                  0.144    <hidden>





Min Delay Paths
--------------------------------------------------------------------------------------
Slack (MET) :             0.054ns  (arrival time - required time)
  Source:                 rl_system_luban7020_i/rl_accel_0/inst/u_accel/u_core/g_dual_gemm.u_gemm/quant_shifted_reg[15][28]/C
                            (rising edge-triggered cell FDRE clocked by clk_fpga_0  {rise@0.000ns fall@3.000ns period=6.000ns})
  Destination:            rl_system_luban7020_i/rl_accel_0/inst/u_accel/u_core/g_dual_gemm.u_gemm/quant_biased_reg[15][36]/D
                            (rising edge-triggered cell FDRE clocked by clk_fpga_0  {rise@0.000ns fall@3.000ns period=6.000ns})
  Path Group:             clk_fpga_0
  Path Type:              Hold (Min at Fast Process Corner)
  Requirement:            0.000ns  (clk_fpga_0 rise@0.000ns - clk_fpga_0 rise@0.000ns)
  Data Path Delay:        0.509ns  (logic 0.431ns (84.693%)  route 0.078ns (15.307%))
  Logic Levels:           4  (CARRY4=3 LUT2=1)
  Clock Path Skew:        0.350ns (DCD - SCD - CPR)
    Destination Clock Delay (DCD):    1.301ns
    Source Clock Delay      (SCD):    0.916ns
    Clock Pessimism Removal (CPR):    0.035ns

    Location             Delay type                Incr(ns)  Path(ns)    Netlist Resource(s)
  -------------------------------------------------------------------    -------------------
                         (clock clk_fpga_0 rise edge)
                                                      0.000     0.000 r  <hidden>
    PS7_X0Y0             PS7                          0.000     0.000 r  rl_system_luban7020_i/ps7/inst/PS7_i/FCLKCLK[0]
                         net (fo=1, routed)           0.310     0.310    rl_system_luban7020_i/ps7/inst/FCLK_CLK_unbuffered[0]
    BUFGCTRL_X0Y16       BUFG (Prop_bufg_I_O)         0.026     0.336 r  rl_system_luban7020_i/ps7/inst/buffer_fclk_clk_0.FCLK_CLK_0_BUFG/O
                         net (fo=16934, routed)       0.580     0.916    rl_system_luban7020_i/rl_accel_0/inst/u_accel/u_core/g_dual_gemm.u_gemm/s_axi_aclk
    SLICE_X61Y98         FDRE                                         r  rl_system_luban7020_i/rl_accel_0/inst/u_accel/u_core/g_dual_gemm.u_gemm/quant_shifted_reg[15][28]/C
  -------------------------------------------------------------------    -------------------
    SLICE_X61Y98         FDRE (Prop_fdre_C_Q)         0.141     1.057 r  rl_system_luban7020_i/rl_accel_0/inst/u_accel/u_core/g_dual_gemm.u_gemm/quant_shifted_reg[15][28]/Q
                         net (fo=3, routed)           0.077     1.134    rl_system_luban7020_i/rl_accel_0/inst/u_accel/u_core/g_dual_gemm.u_gemm/quant_shifted_reg[15]_143[28]
    SLICE_X60Y98         LUT2 (Prop_lut2_I1_O)        0.045     1.179 r  rl_system_luban7020_i/rl_accel_0/inst/u_accel/u_core/g_dual_gemm.u_gemm/quant_biased[15][31]_i_5/O
                         net (fo=1, routed)           0.000     1.179    rl_system_luban7020_i/rl_accel_0/inst/u_accel/u_core/g_dual_gemm.u_gemm/quant_biased[15][31]_i_5_n_0
    SLICE_X60Y98         CARRY4 (Prop_carry4_S[0]_CO[3])
                                                      0.152     1.331 r  rl_system_luban7020_i/rl_accel_0/inst/u_accel/u_core/g_dual_gemm.u_gemm/quant_biased_reg[15][31]_i_1/CO[3]
                         net (fo=1, routed)           0.000     1.331    rl_system_luban7020_i/rl_accel_0/inst/u_accel/u_core/g_dual_gemm.u_gemm/quant_biased_reg[15][31]_i_1_n_0
    SLICE_X60Y99         CARRY4 (Prop_carry4_CI_CO[3])
                                                      0.039     1.370 r  rl_system_luban7020_i/rl_accel_0/inst/u_accel/u_core/g_dual_gemm.u_gemm/quant_biased_reg[15][35]_i_1/CO[3]
                         net (fo=1, routed)           0.001     1.370    rl_system_luban7020_i/rl_accel_0/inst/u_accel/u_core/g_dual_gemm.u_gemm/quant_biased_reg[15][35]_i_1_n_0
    SLICE_X60Y100        CARRY4 (Prop_carry4_CI_O[0])
                                                      0.054     1.424 r  rl_system_luban7020_i/rl_accel_0/inst/u_accel/u_core/g_dual_gemm.u_gemm/quant_biased_reg[15][39]_i_1/O[0]
                         net (fo=1, routed)           0.000     1.424    rl_system_luban7020_i/rl_accel_0/inst/u_accel/u_core/g_dual_gemm.u_gemm/p_0_out[36]
    SLICE_X60Y100        FDRE                                         r  rl_system_luban7020_i/rl_accel_0/inst/u_accel/u_core/g_dual_gemm.u_gemm/quant_biased_reg[15][36]/D
  -------------------------------------------------------------------    -------------------

                         (clock clk_fpga_0 rise edge)
                                                      0.000     0.000 r  <hidden>
    PS7_X0Y0             PS7                          0.000     0.000 r  rl_system_luban7020_i/ps7/inst/PS7_i/FCLKCLK[0]
                         net (fo=1, routed)           0.337     0.337    rl_system_luban7020_i/ps7/inst/FCLK_CLK_unbuffered[0]
    BUFGCTRL_X0Y16       BUFG (Prop_bufg_I_O)         0.029     0.366 r  rl_system_luban7020_i/ps7/inst/buffer_fclk_clk_0.FCLK_CLK_0_BUFG/O
                         net (fo=16934, routed)       0.935     1.301    rl_system_luban7020_i/rl_accel_0/inst/u_accel/u_core/g_dual_gemm.u_gemm/s_axi_aclk
    SLICE_X60Y100        FDRE                                         r  rl_system_luban7020_i/rl_accel_0/inst/u_accel/u_core/g_dual_gemm.u_gemm/quant_biased_reg[15][36]/C
                         clock pessimism             -0.035     1.266    <hidden>
    SLICE_X60Y100        FDRE (Hold_fdre_C_D)         0.105     1.371    rl_system_luban7020_i/rl_accel_0/inst/u_accel/u_core/g_dual_gemm.u_gemm/quant_biased_reg[15][36]
  -------------------------------------------------------------------
                         required time                         -1.371    <hidden>
                         arrival time                           1.424    <hidden>
  -------------------------------------------------------------------
                         slack                                  0.054    <hidden>

Slack (MET) :             0.054ns  (arrival time - required time)
  Source:                 rl_system_luban7020_i/rl_accel_0/inst/u_accel/u_core/g_dual_gemm.u_gemm/quant_shifted_reg[12][23]/C
                            (rising edge-triggered cell FDRE clocked by clk_fpga_0  {rise@0.000ns fall@3.000ns period=6.000ns})
  Destination:            rl_system_luban7020_i/rl_accel_0/inst/u_accel/u_core/g_dual_gemm.u_gemm/quant_biased_reg[12][32]/D
                            (rising edge-triggered cell FDRE clocked by clk_fpga_0  {rise@0.000ns fall@3.000ns period=6.000ns})
  Path Group:             clk_fpga_0
  Path Type:              Hold (Min at Fast Process Corner)
  Requirement:            0.000ns  (clk_fpga_0 rise@0.000ns - clk_fpga_0 rise@0.000ns)
  Data Path Delay:        0.508ns  (logic 0.431ns (84.834%)  route 0.077ns (15.166%))
  Logic Levels:           4  (CARRY4=3 LUT2=1)
  Clock Path Skew:        0.349ns (DCD - SCD - CPR)
    Destination Clock Delay (DCD):    1.273ns
    Source Clock Delay      (SCD):    0.889ns
    Clock Pessimism Removal (CPR):    0.035ns

    Location             Delay type                Incr(ns)  Path(ns)    Netlist Resource(s)
  -------------------------------------------------------------------    -------------------
                         (clock clk_fpga_0 rise edge)
                                                      0.000     0.000 r  <hidden>
    PS7_X0Y0             PS7                          0.000     0.000 r  rl_system_luban7020_i/ps7/inst/PS7_i/FCLKCLK[0]
                         net (fo=1, routed)           0.310     0.310    rl_system_luban7020_i/ps7/inst/FCLK_CLK_unbuffered[0]
    BUFGCTRL_X0Y16       BUFG (Prop_bufg_I_O)         0.026     0.336 r  rl_system_luban7020_i/ps7/inst/buffer_fclk_clk_0.FCLK_CLK_0_BUFG/O
                         net (fo=16934, routed)       0.553     0.889    rl_system_luban7020_i/rl_accel_0/inst/u_accel/u_core/g_dual_gemm.u_gemm/s_axi_aclk
    SLICE_X52Y98         FDRE                                         r  rl_system_luban7020_i/rl_accel_0/inst/u_accel/u_core/g_dual_gemm.u_gemm/quant_shifted_reg[12][23]/C
  -------------------------------------------------------------------    -------------------
    SLICE_X52Y98         FDRE (Prop_fdre_C_Q)         0.141     1.030 r  rl_system_luban7020_i/rl_accel_0/inst/u_accel/u_core/g_dual_gemm.u_gemm/quant_shifted_reg[12][23]/Q
                         net (fo=3, routed)           0.076     1.106    rl_system_luban7020_i/rl_accel_0/inst/u_accel/u_core/g_dual_gemm.u_gemm/quant_shifted_reg[12]_113[23]
    SLICE_X53Y98         LUT2 (Prop_lut2_I0_O)        0.045     1.151 r  rl_system_luban7020_i/rl_accel_0/inst/u_accel/u_core/g_dual_gemm.u_gemm/quant_biased[12][27]_i_5/O
                         net (fo=1, routed)           0.000     1.151    rl_system_luban7020_i/rl_accel_0/inst/u_accel/u_core/g_dual_gemm.u_gemm/quant_biased[12][27]_i_5_n_0
    SLICE_X53Y98         CARRY4 (Prop_carry4_S[0]_CO[3])
                                                      0.152     1.303 r  rl_system_luban7020_i/rl_accel_0/inst/u_accel/u_core/g_dual_gemm.u_gemm/quant_biased_reg[12][27]_i_1/CO[3]
                         net (fo=1, routed)           0.000     1.303    rl_system_luban7020_i/rl_accel_0/inst/u_accel/u_core/g_dual_gemm.u_gemm/quant_biased_reg[12][27]_i_1_n_0
    SLICE_X53Y99         CARRY4 (Prop_carry4_CI_CO[3])
                                                      0.039     1.342 r  rl_system_luban7020_i/rl_accel_0/inst/u_accel/u_core/g_dual_gemm.u_gemm/quant_biased_reg[12][31]_i_1/CO[3]
                         net (fo=1, routed)           0.001     1.343    rl_system_luban7020_i/rl_accel_0/inst/u_accel/u_core/g_dual_gemm.u_gemm/quant_biased_reg[12][31]_i_1_n_0
    SLICE_X53Y100        CARRY4 (Prop_carry4_CI_O[0])
                                                      0.054     1.397 r  rl_system_luban7020_i/rl_accel_0/inst/u_accel/u_core/g_dual_gemm.u_gemm/quant_biased_reg[12][35]_i_1/O[0]
                         net (fo=1, routed)           0.000     1.397    rl_system_luban7020_i/rl_accel_0/inst/u_accel/u_core/g_dual_gemm.u_gemm/p_6_out[32]
    SLICE_X53Y100        FDRE                                         r  rl_system_luban7020_i/rl_accel_0/inst/u_accel/u_core/g_dual_gemm.u_gemm/quant_biased_reg[12][32]/D
  -------------------------------------------------------------------    -------------------

                         (clock clk_fpga_0 rise edge)
                                                      0.000     0.000 r  <hidden>
    PS7_X0Y0             PS7                          0.000     0.000 r  rl_system_luban7020_i/ps7/inst/PS7_i/FCLKCLK[0]
                         net (fo=1, routed)           0.337     0.337    rl_system_luban7020_i/ps7/inst/FCLK_CLK_unbuffered[0]
    BUFGCTRL_X0Y16       BUFG (Prop_bufg_I_O)         0.029     0.366 r  rl_system_luban7020_i/ps7/inst/buffer_fclk_clk_0.FCLK_CLK_0_BUFG/O
                         net (fo=16934, routed)       0.907     1.273    rl_system_luban7020_i/rl_accel_0/inst/u_accel/u_core/g_dual_gemm.u_gemm/s_axi_aclk
    SLICE_X53Y100        FDRE                                         r  rl_system_luban7020_i/rl_accel_0/inst/u_accel/u_core/g_dual_gemm.u_gemm/quant_biased_reg[12][32]/C
                         clock pessimism             -0.035     1.238    <hidden>
    SLICE_X53Y100        FDRE (Hold_fdre_C_D)         0.105     1.343    rl_system_luban7020_i/rl_accel_0/inst/u_accel/u_core/g_dual_gemm.u_gemm/quant_biased_reg[12][32]
  -------------------------------------------------------------------
                         required time                         -1.343    <hidden>
                         arrival time                           1.397    <hidden>
  -------------------------------------------------------------------
                         slack                                  0.054    <hidden>

Slack (MET) :             0.054ns  (arrival time - required time)
  Source:                 rl_system_luban7020_i/rl_accel_0/inst/u_accel/u_core/g_dual_gemm.u_gemm/u_mac_b/product_reg[3][2]/CLK
                            (rising edge-triggered cell DSP48E1 clocked by clk_fpga_0  {rise@0.000ns fall@3.000ns period=6.000ns})
  Destination:            rl_system_luban7020_i/rl_accel_0/inst/u_accel/u_core/g_dual_gemm.u_gemm/u_mac_b/sum2_reg[3][1][19]/D
                            (rising edge-triggered cell FDRE clocked by clk_fpga_0  {rise@0.000ns fall@3.000ns period=6.000ns})
  Path Group:             clk_fpga_0
  Path Type:              Hold (Min at Fast Process Corner)
  Requirement:            0.000ns  (clk_fpga_0 rise@0.000ns - clk_fpga_0 rise@0.000ns)
  Data Path Delay:        0.427ns  (logic 0.253ns (59.308%)  route 0.174ns (40.692%))
  Logic Levels:           1  (CARRY4=1)
  Clock Path Skew:        0.268ns (DCD - SCD - CPR)
    Destination Clock Delay (DCD):    1.278ns
    Source Clock Delay      (SCD):    0.975ns
    Clock Pessimism Removal (CPR):    0.035ns

    Location             Delay type                Incr(ns)  Path(ns)    Netlist Resource(s)
  -------------------------------------------------------------------    -------------------
                         (clock clk_fpga_0 rise edge)
                                                      0.000     0.000 r  <hidden>
    PS7_X0Y0             PS7                          0.000     0.000 r  rl_system_luban7020_i/ps7/inst/PS7_i/FCLKCLK[0]
                         net (fo=1, routed)           0.310     0.310    rl_system_luban7020_i/ps7/inst/FCLK_CLK_unbuffered[0]
    BUFGCTRL_X0Y16       BUFG (Prop_bufg_I_O)         0.026     0.336 r  rl_system_luban7020_i/ps7/inst/buffer_fclk_clk_0.FCLK_CLK_0_BUFG/O
                         net (fo=16934, routed)       0.639     0.975    rl_system_luban7020_i/rl_accel_0/inst/u_accel/u_core/g_dual_gemm.u_gemm/u_mac_b/s_axi_aclk
    DSP48_X2Y38          DSP48E1                                      r  rl_system_luban7020_i/rl_accel_0/inst/u_accel/u_core/g_dual_gemm.u_gemm/u_mac_b/product_reg[3][2]/CLK
  -------------------------------------------------------------------    -------------------
    DSP48_X2Y38          DSP48E1 (Prop_dsp48e1_CLK_P[18])
                                                      0.126     1.101 r  rl_system_luban7020_i/rl_accel_0/inst/u_accel/u_core/g_dual_gemm.u_gemm/u_mac_b/product_reg[3][2]/P[18]
                         net (fo=2, routed)           0.174     1.275    rl_system_luban7020_i/rl_accel_0/inst/u_accel/u_core/g_dual_gemm.u_gemm/u_mac_b/product_reg_n_87_[3][2]
    SLICE_X35Y100        CARRY4 (Prop_carry4_DI[2]_O[3])
                                                      0.127     1.402 r  rl_system_luban7020_i/rl_accel_0/inst/u_accel/u_core/g_dual_gemm.u_gemm/u_mac_b/sum2_reg[3][1][19]_i_1__0/O[3]
                         net (fo=1, routed)           0.000     1.402    rl_system_luban7020_i/rl_accel_0/inst/u_accel/u_core/g_dual_gemm.u_gemm/u_mac_b/sum2_reg[3][1][19]_i_1__0_n_4
    SLICE_X35Y100        FDRE                                         r  rl_system_luban7020_i/rl_accel_0/inst/u_accel/u_core/g_dual_gemm.u_gemm/u_mac_b/sum2_reg[3][1][19]/D
  -------------------------------------------------------------------    -------------------

                         (clock clk_fpga_0 rise edge)
                                                      0.000     0.000 r  <hidden>
    PS7_X0Y0             PS7                          0.000     0.000 r  rl_system_luban7020_i/ps7/inst/PS7_i/FCLKCLK[0]
                         net (fo=1, routed)           0.337     0.337    rl_system_luban7020_i/ps7/inst/FCLK_CLK_unbuffered[0]
    BUFGCTRL_X0Y16       BUFG (Prop_bufg_I_O)         0.029     0.366 r  rl_system_luban7020_i/ps7/inst/buffer_fclk_clk_0.FCLK_CLK_0_BUFG/O
                         net (fo=16934, routed)       0.912     1.278    rl_system_luban7020_i/rl_accel_0/inst/u_accel/u_core/g_dual_gemm.u_gemm/u_mac_b/s_axi_aclk
    SLICE_X35Y100        FDRE                                         r  rl_system_luban7020_i/rl_accel_0/inst/u_accel/u_core/g_dual_gemm.u_gemm/u_mac_b/sum2_reg[3][1][19]/C
                         clock pessimism             -0.035     1.243    <hidden>
    SLICE_X35Y100        FDRE (Hold_fdre_C_D)         0.105     1.348    rl_system_luban7020_i/rl_accel_0/inst/u_accel/u_core/g_dual_gemm.u_gemm/u_mac_b/sum2_reg[3][1][19]
  -------------------------------------------------------------------
                         required time                         -1.348    <hidden>
                         arrival time                           1.402    <hidden>
  -------------------------------------------------------------------
                         slack                                  0.054    <hidden>

Slack (MET) :             0.060ns  (arrival time - required time)
  Source:                 rl_system_luban7020_i/rl_accel_0/inst/u_accel/u_core/g_dual_gemm.u_gemm/quant_shifted_reg[4][14]/C
                            (rising edge-triggered cell FDRE clocked by clk_fpga_0  {rise@0.000ns fall@3.000ns period=6.000ns})
  Destination:            rl_system_luban7020_i/rl_accel_0/inst/u_accel/u_core/g_dual_gemm.u_gemm/quant_biased_reg[4][15]/D
                            (rising edge-triggered cell FDRE clocked by clk_fpga_0  {rise@0.000ns fall@3.000ns period=6.000ns})
  Path Group:             clk_fpga_0
  Path Type:              Hold (Min at Fast Process Corner)
  Requirement:            0.000ns  (clk_fpga_0 rise@0.000ns - clk_fpga_0 rise@0.000ns)
  Data Path Delay:        0.431ns  (logic 0.268ns (62.161%)  route 0.163ns (37.839%))
  Logic Levels:           1  (CARRY4=1)
  Clock Path Skew:        0.266ns (DCD - SCD - CPR)
    Destination Clock Delay (DCD):    1.193ns
    Source Clock Delay      (SCD):    0.892ns
    Clock Pessimism Removal (CPR):    0.035ns

    Location             Delay type                Incr(ns)  Path(ns)    Netlist Resource(s)
  -------------------------------------------------------------------    -------------------
                         (clock clk_fpga_0 rise edge)
                                                      0.000     0.000 r  <hidden>
    PS7_X0Y0             PS7                          0.000     0.000 r  rl_system_luban7020_i/ps7/inst/PS7_i/FCLKCLK[0]
                         net (fo=1, routed)           0.310     0.310    rl_system_luban7020_i/ps7/inst/FCLK_CLK_unbuffered[0]
    BUFGCTRL_X0Y16       BUFG (Prop_bufg_I_O)         0.026     0.336 r  rl_system_luban7020_i/ps7/inst/buffer_fclk_clk_0.FCLK_CLK_0_BUFG/O
                         net (fo=16934, routed)       0.556     0.891    rl_system_luban7020_i/rl_accel_0/inst/u_accel/u_core/g_dual_gemm.u_gemm/s_axi_aclk
    SLICE_X51Y38         FDRE                                         r  rl_system_luban7020_i/rl_accel_0/inst/u_accel/u_core/g_dual_gemm.u_gemm/quant_shifted_reg[4][14]/C
  -------------------------------------------------------------------    -------------------
    SLICE_X51Y38         FDRE (Prop_fdre_C_Q)         0.141     1.033 r  rl_system_luban7020_i/rl_accel_0/inst/u_accel/u_core/g_dual_gemm.u_gemm/quant_shifted_reg[4][14]/Q
                         net (fo=2, routed)           0.163     1.196    rl_system_luban7020_i/rl_accel_0/inst/u_accel/u_core/g_dual_gemm.u_gemm/quant_shifted_reg[4]_147[14]
    SLICE_X48Y38         CARRY4 (Prop_carry4_DI[2]_O[3])
                                                      0.127     1.323 r  rl_system_luban7020_i/rl_accel_0/inst/u_accel/u_core/g_dual_gemm.u_gemm/quant_biased_reg[4][15]_i_1/O[3]
                         net (fo=1, routed)           0.000     1.323    rl_system_luban7020_i/rl_accel_0/inst/u_accel/u_core/g_dual_gemm.u_gemm/p_22_out[15]
    SLICE_X48Y38         FDRE                                         r  rl_system_luban7020_i/rl_accel_0/inst/u_accel/u_core/g_dual_gemm.u_gemm/quant_biased_reg[4][15]/D
  -------------------------------------------------------------------    -------------------

                         (clock clk_fpga_0 rise edge)
                                                      0.000     0.000 r  <hidden>
    PS7_X0Y0             PS7                          0.000     0.000 r  rl_system_luban7020_i/ps7/inst/PS7_i/FCLKCLK[0]
                         net (fo=1, routed)           0.337     0.337    rl_system_luban7020_i/ps7/inst/FCLK_CLK_unbuffered[0]
    BUFGCTRL_X0Y16       BUFG (Prop_bufg_I_O)         0.029     0.366 r  rl_system_luban7020_i/ps7/inst/buffer_fclk_clk_0.FCLK_CLK_0_BUFG/O
                         net (fo=16934, routed)       0.827     1.193    rl_system_luban7020_i/rl_accel_0/inst/u_accel/u_core/g_dual_gemm.u_gemm/s_axi_aclk
    SLICE_X48Y38         FDRE                                         r  rl_system_luban7020_i/rl_accel_0/inst/u_accel/u_core/g_dual_gemm.u_gemm/quant_biased_reg[4][15]/C
                         clock pessimism             -0.035     1.158    <hidden>
    SLICE_X48Y38         FDRE (Hold_fdre_C_D)         0.105     1.263    rl_system_luban7020_i/rl_accel_0/inst/u_accel/u_core/g_dual_gemm.u_gemm/quant_biased_reg[4][15]
  -------------------------------------------------------------------
                         required time                         -1.263    <hidden>
                         arrival time                           1.323    <hidden>
  -------------------------------------------------------------------
                         slack                                  0.060    <hidden>

Slack (MET) :             0.062ns  (arrival time - required time)
  Source:                 rl_system_luban7020_i/rl_accel_0/inst/u_accel/u_core/g_dual_gemm.u_gemm/u_mac_b/product_reg[3][2]/CLK
                            (rising edge-triggered cell DSP48E1 clocked by clk_fpga_0  {rise@0.000ns fall@3.000ns period=6.000ns})
  Destination:            rl_system_luban7020_i/rl_accel_0/inst/u_accel/u_core/g_dual_gemm.u_gemm/u_mac_b/sum2_reg[3][1][17]/D
                            (rising edge-triggered cell FDRE clocked by clk_fpga_0  {rise@0.000ns fall@3.000ns period=6.000ns})
  Path Group:             clk_fpga_0
  Path Type:              Hold (Min at Fast Process Corner)
  Requirement:            0.000ns  (clk_fpga_0 rise@0.000ns - clk_fpga_0 rise@0.000ns)
  Data Path Delay:        0.435ns  (logic 0.236ns (54.304%)  route 0.199ns (45.696%))
  Logic Levels:           2  (CARRY4=1 LUT2=1)
  Clock Path Skew:        0.268ns (DCD - SCD - CPR)
    Destination Clock Delay (DCD):    1.278ns
    Source Clock Delay      (SCD):    0.975ns
    Clock Pessimism Removal (CPR):    0.035ns

    Location             Delay type                Incr(ns)  Path(ns)    Netlist Resource(s)
  -------------------------------------------------------------------    -------------------
                         (clock clk_fpga_0 rise edge)
                                                      0.000     0.000 r  <hidden>
    PS7_X0Y0             PS7                          0.000     0.000 r  rl_system_luban7020_i/ps7/inst/PS7_i/FCLKCLK[0]
                         net (fo=1, routed)           0.310     0.310    rl_system_luban7020_i/ps7/inst/FCLK_CLK_unbuffered[0]
    BUFGCTRL_X0Y16       BUFG (Prop_bufg_I_O)         0.026     0.336 r  rl_system_luban7020_i/ps7/inst/buffer_fclk_clk_0.FCLK_CLK_0_BUFG/O
                         net (fo=16934, routed)       0.639     0.975    rl_system_luban7020_i/rl_accel_0/inst/u_accel/u_core/g_dual_gemm.u_gemm/u_mac_b/s_axi_aclk
    DSP48_X2Y38          DSP48E1                                      r  rl_system_luban7020_i/rl_accel_0/inst/u_accel/u_core/g_dual_gemm.u_gemm/u_mac_b/product_reg[3][2]/CLK
  -------------------------------------------------------------------    -------------------
    DSP48_X2Y38          DSP48E1 (Prop_dsp48e1_CLK_P[17])
                                                      0.126     1.101 r  rl_system_luban7020_i/rl_accel_0/inst/u_accel/u_core/g_dual_gemm.u_gemm/u_mac_b/product_reg[3][2]/P[17]
                         net (fo=2, routed)           0.199     1.300    rl_system_luban7020_i/rl_accel_0/inst/u_accel/u_core/g_dual_gemm.u_gemm/u_mac_b/product_reg_n_88_[3][2]
    SLICE_X35Y100        LUT2 (Prop_lut2_I0_O)        0.045     1.345 r  rl_system_luban7020_i/rl_accel_0/inst/u_accel/u_core/g_dual_gemm.u_gemm/u_mac_b/sum2[3][1][19]_i_4__0/O
                         net (fo=1, routed)           0.000     1.345    rl_system_luban7020_i/rl_accel_0/inst/u_accel/u_core/g_dual_gemm.u_gemm/u_mac_b/sum2[3][1][19]_i_4__0_n_0
    SLICE_X35Y100        CARRY4 (Prop_carry4_S[1]_O[1])
                                                      0.065     1.410 r  rl_system_luban7020_i/rl_accel_0/inst/u_accel/u_core/g_dual_gemm.u_gemm/u_mac_b/sum2_reg[3][1][19]_i_1__0/O[1]
                         net (fo=1, routed)           0.000     1.410    rl_system_luban7020_i/rl_accel_0/inst/u_accel/u_core/g_dual_gemm.u_gemm/u_mac_b/sum2_reg[3][1][19]_i_1__0_n_6
    SLICE_X35Y100        FDRE                                         r  rl_system_luban7020_i/rl_accel_0/inst/u_accel/u_core/g_dual_gemm.u_gemm/u_mac_b/sum2_reg[3][1][17]/D
  -------------------------------------------------------------------    -------------------

                         (clock clk_fpga_0 rise edge)
                                                      0.000     0.000 r  <hidden>
    PS7_X0Y0             PS7                          0.000     0.000 r  rl_system_luban7020_i/ps7/inst/PS7_i/FCLKCLK[0]
                         net (fo=1, routed)           0.337     0.337    rl_system_luban7020_i/ps7/inst/FCLK_CLK_unbuffered[0]
    BUFGCTRL_X0Y16       BUFG (Prop_bufg_I_O)         0.029     0.366 r  rl_system_luban7020_i/ps7/inst/buffer_fclk_clk_0.FCLK_CLK_0_BUFG/O
                         net (fo=16934, routed)       0.912     1.278    rl_system_luban7020_i/rl_accel_0/inst/u_accel/u_core/g_dual_gemm.u_gemm/u_mac_b/s_axi_aclk
    SLICE_X35Y100        FDRE                                         r  rl_system_luban7020_i/rl_accel_0/inst/u_accel/u_core/g_dual_gemm.u_gemm/u_mac_b/sum2_reg[3][1][17]/C
                         clock pessimism             -0.035     1.243    <hidden>
    SLICE_X35Y100        FDRE (Hold_fdre_C_D)         0.105     1.348    rl_system_luban7020_i/rl_accel_0/inst/u_accel/u_core/g_dual_gemm.u_gemm/u_mac_b/sum2_reg[3][1][17]
  -------------------------------------------------------------------
                         required time                         -1.348    <hidden>
                         arrival time                           1.410    <hidden>
  -------------------------------------------------------------------
                         slack                                  0.062    <hidden>

Slack (MET) :             0.064ns  (arrival time - required time)
  Source:                 rl_system_luban7020_i/rl_accel_0/inst/u_accel/u_core/g_dual_gemm.u_gemm/quant_shifted_reg[4][20]/C
                            (rising edge-triggered cell FDRE clocked by clk_fpga_0  {rise@0.000ns fall@3.000ns period=6.000ns})
  Destination:            rl_system_luban7020_i/rl_accel_0/inst/u_accel/u_core/g_dual_gemm.u_gemm/quant_biased_reg[4][21]/D
                            (rising edge-triggered cell FDRE clocked by clk_fpga_0  {rise@0.000ns fall@3.000ns period=6.000ns})
  Path Group:             clk_fpga_0
  Path Type:              Hold (Min at Fast Process Corner)
  Requirement:            0.000ns  (clk_fpga_0 rise@0.000ns - clk_fpga_0 rise@0.000ns)
  Data Path Delay:        0.435ns  (logic 0.251ns (57.641%)  route 0.184ns (42.359%))
  Logic Levels:           2  (CARRY4=1 LUT2=1)
  Clock Path Skew:        0.266ns (DCD - SCD - CPR)
    Destination Clock Delay (DCD):    1.194ns
    Source Clock Delay      (SCD):    0.893ns
    Clock Pessimism Removal (CPR):    0.035ns

    Location             Delay type                Incr(ns)  Path(ns)    Netlist Resource(s)
  -------------------------------------------------------------------    -------------------
                         (clock clk_fpga_0 rise edge)
                                                      0.000     0.000 r  <hidden>
    PS7_X0Y0             PS7                          0.000     0.000 r  rl_system_luban7020_i/ps7/inst/PS7_i/FCLKCLK[0]
                         net (fo=1, routed)           0.310     0.310    rl_system_luban7020_i/ps7/inst/FCLK_CLK_unbuffered[0]
    BUFGCTRL_X0Y16       BUFG (Prop_bufg_I_O)         0.026     0.336 r  rl_system_luban7020_i/ps7/inst/buffer_fclk_clk_0.FCLK_CLK_0_BUFG/O
                         net (fo=16934, routed)       0.557     0.893    rl_system_luban7020_i/rl_accel_0/inst/u_accel/u_core/g_dual_gemm.u_gemm/s_axi_aclk
    SLICE_X52Y40         FDRE                                         r  rl_system_luban7020_i/rl_accel_0/inst/u_accel/u_core/g_dual_gemm.u_gemm/quant_shifted_reg[4][20]/C
  -------------------------------------------------------------------    -------------------
    SLICE_X52Y40         FDRE (Prop_fdre_C_Q)         0.141     1.034 r  rl_system_luban7020_i/rl_accel_0/inst/u_accel/u_core/g_dual_gemm.u_gemm/quant_shifted_reg[4][20]/Q
                         net (fo=3, routed)           0.184     1.218    rl_system_luban7020_i/rl_accel_0/inst/u_accel/u_core/g_dual_gemm.u_gemm/quant_shifted_reg[4]_147[20]
    SLICE_X48Y40         LUT2 (Prop_lut2_I0_O)        0.045     1.263 r  rl_system_luban7020_i/rl_accel_0/inst/u_accel/u_core/g_dual_gemm.u_gemm/quant_biased[4][23]_i_4/O
                         net (fo=1, routed)           0.000     1.263    rl_system_luban7020_i/rl_accel_0/inst/u_accel/u_core/g_dual_gemm.u_gemm/quant_biased[4][23]_i_4_n_0
    SLICE_X48Y40         CARRY4 (Prop_carry4_S[1]_O[1])
                                                      0.065     1.328 r  rl_system_luban7020_i/rl_accel_0/inst/u_accel/u_core/g_dual_gemm.u_gemm/quant_biased_reg[4][23]_i_1/O[1]
                         net (fo=1, routed)           0.000     1.328    rl_system_luban7020_i/rl_accel_0/inst/u_accel/u_core/g_dual_gemm.u_gemm/p_22_out[21]
    SLICE_X48Y40         FDRE                                         r  rl_system_luban7020_i/rl_accel_0/inst/u_accel/u_core/g_dual_gemm.u_gemm/quant_biased_reg[4][21]/D
  -------------------------------------------------------------------    -------------------

                         (clock clk_fpga_0 rise edge)
                                                      0.000     0.000 r  <hidden>
    PS7_X0Y0             PS7                          0.000     0.000 r  rl_system_luban7020_i/ps7/inst/PS7_i/FCLKCLK[0]
                         net (fo=1, routed)           0.337     0.337    rl_system_luban7020_i/ps7/inst/FCLK_CLK_unbuffered[0]
    BUFGCTRL_X0Y16       BUFG (Prop_bufg_I_O)         0.029     0.366 r  rl_system_luban7020_i/ps7/inst/buffer_fclk_clk_0.FCLK_CLK_0_BUFG/O
                         net (fo=16934, routed)       0.828     1.194    rl_system_luban7020_i/rl_accel_0/inst/u_accel/u_core/g_dual_gemm.u_gemm/s_axi_aclk
    SLICE_X48Y40         FDRE                                         r  rl_system_luban7020_i/rl_accel_0/inst/u_accel/u_core/g_dual_gemm.u_gemm/quant_biased_reg[4][21]/C
                         clock pessimism             -0.035     1.159    <hidden>
    SLICE_X48Y40         FDRE (Hold_fdre_C_D)         0.105     1.264    rl_system_luban7020_i/rl_accel_0/inst/u_accel/u_core/g_dual_gemm.u_gemm/quant_biased_reg[4][21]
  -------------------------------------------------------------------
                         required time                         -1.264    <hidden>
                         arrival time                           1.328    <hidden>
  -------------------------------------------------------------------
                         slack                                  0.064    <hidden>

Slack (MET) :             0.065ns  (arrival time - required time)
  Source:                 rl_system_luban7020_i/rl_accel_0/inst/u_accel/u_core/g_dual_gemm.u_gemm/quant_shifted_reg[15][28]/C
                            (rising edge-triggered cell FDRE clocked by clk_fpga_0  {rise@0.000ns fall@3.000ns period=6.000ns})
  Destination:            rl_system_luban7020_i/rl_accel_0/inst/u_accel/u_core/g_dual_gemm.u_gemm/quant_biased_reg[15][38]/D
                            (rising edge-triggered cell FDRE clocked by clk_fpga_0  {rise@0.000ns fall@3.000ns period=6.000ns})
  Path Group:             clk_fpga_0
  Path Type:              Hold (Min at Fast Process Corner)
  Requirement:            0.000ns  (clk_fpga_0 rise@0.000ns - clk_fpga_0 rise@0.000ns)
  Data Path Delay:        0.520ns  (logic 0.442ns (85.017%)  route 0.078ns (14.983%))
  Logic Levels:           4  (CARRY4=3 LUT2=1)
  Clock Path Skew:        0.350ns (DCD - SCD - CPR)
    Destination Clock Delay (DCD):    1.301ns
    Source Clock Delay      (SCD):    0.916ns
    Clock Pessimism Removal (CPR):    0.035ns

    Location             Delay type                Incr(ns)  Path(ns)    Netlist Resource(s)
  -------------------------------------------------------------------    -------------------
                         (clock clk_fpga_0 rise edge)
                                                      0.000     0.000 r  <hidden>
    PS7_X0Y0             PS7                          0.000     0.000 r  rl_system_luban7020_i/ps7/inst/PS7_i/FCLKCLK[0]
                         net (fo=1, routed)           0.310     0.310    rl_system_luban7020_i/ps7/inst/FCLK_CLK_unbuffered[0]
    BUFGCTRL_X0Y16       BUFG (Prop_bufg_I_O)         0.026     0.336 r  rl_system_luban7020_i/ps7/inst/buffer_fclk_clk_0.FCLK_CLK_0_BUFG/O
                         net (fo=16934, routed)       0.580     0.916    rl_system_luban7020_i/rl_accel_0/inst/u_accel/u_core/g_dual_gemm.u_gemm/s_axi_aclk
    SLICE_X61Y98         FDRE                                         r  rl_system_luban7020_i/rl_accel_0/inst/u_accel/u_core/g_dual_gemm.u_gemm/quant_shifted_reg[15][28]/C
  -------------------------------------------------------------------    -------------------
    SLICE_X61Y98         FDRE (Prop_fdre_C_Q)         0.141     1.057 r  rl_system_luban7020_i/rl_accel_0/inst/u_accel/u_core/g_dual_gemm.u_gemm/quant_shifted_reg[15][28]/Q
                         net (fo=3, routed)           0.077     1.134    rl_system_luban7020_i/rl_accel_0/inst/u_accel/u_core/g_dual_gemm.u_gemm/quant_shifted_reg[15]_143[28]
    SLICE_X60Y98         LUT2 (Prop_lut2_I1_O)        0.045     1.179 r  rl_system_luban7020_i/rl_accel_0/inst/u_accel/u_core/g_dual_gemm.u_gemm/quant_biased[15][31]_i_5/O
                         net (fo=1, routed)           0.000     1.179    rl_system_luban7020_i/rl_accel_0/inst/u_accel/u_core/g_dual_gemm.u_gemm/quant_biased[15][31]_i_5_n_0
    SLICE_X60Y98         CARRY4 (Prop_carry4_S[0]_CO[3])
                                                      0.152     1.331 r  rl_system_luban7020_i/rl_accel_0/inst/u_accel/u_core/g_dual_gemm.u_gemm/quant_biased_reg[15][31]_i_1/CO[3]
                         net (fo=1, routed)           0.000     1.331    rl_system_luban7020_i/rl_accel_0/inst/u_accel/u_core/g_dual_gemm.u_gemm/quant_biased_reg[15][31]_i_1_n_0
    SLICE_X60Y99         CARRY4 (Prop_carry4_CI_CO[3])
                                                      0.039     1.370 r  rl_system_luban7020_i/rl_accel_0/inst/u_accel/u_core/g_dual_gemm.u_gemm/quant_biased_reg[15][35]_i_1/CO[3]
                         net (fo=1, routed)           0.001     1.370    rl_system_luban7020_i/rl_accel_0/inst/u_accel/u_core/g_dual_gemm.u_gemm/quant_biased_reg[15][35]_i_1_n_0
    SLICE_X60Y100        CARRY4 (Prop_carry4_CI_O[2])
                                                      0.065     1.435 r  rl_system_luban7020_i/rl_accel_0/inst/u_accel/u_core/g_dual_gemm.u_gemm/quant_biased_reg[15][39]_i_1/O[2]
                         net (fo=1, routed)           0.000     1.435    rl_system_luban7020_i/rl_accel_0/inst/u_accel/u_core/g_dual_gemm.u_gemm/p_0_out[38]
    SLICE_X60Y100        FDRE                                         r  rl_system_luban7020_i/rl_accel_0/inst/u_accel/u_core/g_dual_gemm.u_gemm/quant_biased_reg[15][38]/D
  -------------------------------------------------------------------    -------------------

                         (clock clk_fpga_0 rise edge)
                                                      0.000     0.000 r  <hidden>
    PS7_X0Y0             PS7                          0.000     0.000 r  rl_system_luban7020_i/ps7/inst/PS7_i/FCLKCLK[0]
                         net (fo=1, routed)           0.337     0.337    rl_system_luban7020_i/ps7/inst/FCLK_CLK_unbuffered[0]
    BUFGCTRL_X0Y16       BUFG (Prop_bufg_I_O)         0.029     0.366 r  rl_system_luban7020_i/ps7/inst/buffer_fclk_clk_0.FCLK_CLK_0_BUFG/O
                         net (fo=16934, routed)       0.935     1.301    rl_system_luban7020_i/rl_accel_0/inst/u_accel/u_core/g_dual_gemm.u_gemm/s_axi_aclk
    SLICE_X60Y100        FDRE                                         r  rl_system_luban7020_i/rl_accel_0/inst/u_accel/u_core/g_dual_gemm.u_gemm/quant_biased_reg[15][38]/C
                         clock pessimism             -0.035     1.266    <hidden>
    SLICE_X60Y100        FDRE (Hold_fdre_C_D)         0.105     1.371    rl_system_luban7020_i/rl_accel_0/inst/u_accel/u_core/g_dual_gemm.u_gemm/quant_biased_reg[15][38]
  -------------------------------------------------------------------
                         required time                         -1.371    <hidden>
                         arrival time                           1.435    <hidden>
  -------------------------------------------------------------------
                         slack                                  0.065    <hidden>

Slack (MET) :             0.065ns  (arrival time - required time)
  Source:                 rl_system_luban7020_i/rl_accel_0/inst/u_accel/u_core/g_dual_gemm.u_gemm/quant_shifted_reg[12][23]/C
                            (rising edge-triggered cell FDRE clocked by clk_fpga_0  {rise@0.000ns fall@3.000ns period=6.000ns})
  Destination:            rl_system_luban7020_i/rl_accel_0/inst/u_accel/u_core/g_dual_gemm.u_gemm/quant_biased_reg[12][34]/D
                            (rising edge-triggered cell FDRE clocked by clk_fpga_0  {rise@0.000ns fall@3.000ns period=6.000ns})
  Path Group:             clk_fpga_0
  Path Type:              Hold (Min at Fast Process Corner)
  Requirement:            0.000ns  (clk_fpga_0 rise@0.000ns - clk_fpga_0 rise@0.000ns)
  Data Path Delay:        0.519ns  (logic 0.442ns (85.156%)  route 0.077ns (14.844%))
  Logic Levels:           4  (CARRY4=3 LUT2=1)
  Clock Path Skew:        0.349ns (DCD - SCD - CPR)
    Destination Clock Delay (DCD):    1.273ns
    Source Clock Delay      (SCD):    0.889ns
    Clock Pessimism Removal (CPR):    0.035ns

    Location             Delay type                Incr(ns)  Path(ns)    Netlist Resource(s)
  -------------------------------------------------------------------    -------------------
                         (clock clk_fpga_0 rise edge)
                                                      0.000     0.000 r  <hidden>
    PS7_X0Y0             PS7                          0.000     0.000 r  rl_system_luban7020_i/ps7/inst/PS7_i/FCLKCLK[0]
                         net (fo=1, routed)           0.310     0.310    rl_system_luban7020_i/ps7/inst/FCLK_CLK_unbuffered[0]
    BUFGCTRL_X0Y16       BUFG (Prop_bufg_I_O)         0.026     0.336 r  rl_system_luban7020_i/ps7/inst/buffer_fclk_clk_0.FCLK_CLK_0_BUFG/O
                         net (fo=16934, routed)       0.553     0.889    rl_system_luban7020_i/rl_accel_0/inst/u_accel/u_core/g_dual_gemm.u_gemm/s_axi_aclk
    SLICE_X52Y98         FDRE                                         r  rl_system_luban7020_i/rl_accel_0/inst/u_accel/u_core/g_dual_gemm.u_gemm/quant_shifted_reg[12][23]/C
  -------------------------------------------------------------------    -------------------
    SLICE_X52Y98         FDRE (Prop_fdre_C_Q)         0.141     1.030 r  rl_system_luban7020_i/rl_accel_0/inst/u_accel/u_core/g_dual_gemm.u_gemm/quant_shifted_reg[12][23]/Q
                         net (fo=3, routed)           0.076     1.106    rl_system_luban7020_i/rl_accel_0/inst/u_accel/u_core/g_dual_gemm.u_gemm/quant_shifted_reg[12]_113[23]
    SLICE_X53Y98         LUT2 (Prop_lut2_I0_O)        0.045     1.151 r  rl_system_luban7020_i/rl_accel_0/inst/u_accel/u_core/g_dual_gemm.u_gemm/quant_biased[12][27]_i_5/O
                         net (fo=1, routed)           0.000     1.151    rl_system_luban7020_i/rl_accel_0/inst/u_accel/u_core/g_dual_gemm.u_gemm/quant_biased[12][27]_i_5_n_0
    SLICE_X53Y98         CARRY4 (Prop_carry4_S[0]_CO[3])
                                                      0.152     1.303 r  rl_system_luban7020_i/rl_accel_0/inst/u_accel/u_core/g_dual_gemm.u_gemm/quant_biased_reg[12][27]_i_1/CO[3]
                         net (fo=1, routed)           0.000     1.303    rl_system_luban7020_i/rl_accel_0/inst/u_accel/u_core/g_dual_gemm.u_gemm/quant_biased_reg[12][27]_i_1_n_0
    SLICE_X53Y99         CARRY4 (Prop_carry4_CI_CO[3])
                                                      0.039     1.342 r  rl_system_luban7020_i/rl_accel_0/inst/u_accel/u_core/g_dual_gemm.u_gemm/quant_biased_reg[12][31]_i_1/CO[3]
                         net (fo=1, routed)           0.001     1.343    rl_system_luban7020_i/rl_accel_0/inst/u_accel/u_core/g_dual_gemm.u_gemm/quant_biased_reg[12][31]_i_1_n_0
    SLICE_X53Y100        CARRY4 (Prop_carry4_CI_O[2])
                                                      0.065     1.408 r  rl_system_luban7020_i/rl_accel_0/inst/u_accel/u_core/g_dual_gemm.u_gemm/quant_biased_reg[12][35]_i_1/O[2]
                         net (fo=1, routed)           0.000     1.408    rl_system_luban7020_i/rl_accel_0/inst/u_accel/u_core/g_dual_gemm.u_gemm/p_6_out[34]
    SLICE_X53Y100        FDRE                                         r  rl_system_luban7020_i/rl_accel_0/inst/u_accel/u_core/g_dual_gemm.u_gemm/quant_biased_reg[12][34]/D
  -------------------------------------------------------------------    -------------------

                         (clock clk_fpga_0 rise edge)
                                                      0.000     0.000 r  <hidden>
    PS7_X0Y0             PS7                          0.000     0.000 r  rl_system_luban7020_i/ps7/inst/PS7_i/FCLKCLK[0]
                         net (fo=1, routed)           0.337     0.337    rl_system_luban7020_i/ps7/inst/FCLK_CLK_unbuffered[0]
    BUFGCTRL_X0Y16       BUFG (Prop_bufg_I_O)         0.029     0.366 r  rl_system_luban7020_i/ps7/inst/buffer_fclk_clk_0.FCLK_CLK_0_BUFG/O
                         net (fo=16934, routed)       0.907     1.273    rl_system_luban7020_i/rl_accel_0/inst/u_accel/u_core/g_dual_gemm.u_gemm/s_axi_aclk
    SLICE_X53Y100        FDRE                                         r  rl_system_luban7020_i/rl_accel_0/inst/u_accel/u_core/g_dual_gemm.u_gemm/quant_biased_reg[12][34]/C
                         clock pessimism             -0.035     1.238    <hidden>
    SLICE_X53Y100        FDRE (Hold_fdre_C_D)         0.105     1.343    rl_system_luban7020_i/rl_accel_0/inst/u_accel/u_core/g_dual_gemm.u_gemm/quant_biased_reg[12][34]
  -------------------------------------------------------------------
                         required time                         -1.343    <hidden>
                         arrival time                           1.408    <hidden>
  -------------------------------------------------------------------
                         slack                                  0.065    <hidden>

Slack (MET) :             0.065ns  (arrival time - required time)
  Source:                 rl_system_luban7020_i/rl_accel_0/inst/u_accel/u_core/g_dual_gemm.u_gemm/quant_shifted_reg[1][37]/C
                            (rising edge-triggered cell FDRE clocked by clk_fpga_0  {rise@0.000ns fall@3.000ns period=6.000ns})
  Destination:            rl_system_luban7020_i/rl_accel_0/inst/u_accel/u_core/g_dual_gemm.u_gemm/quant_biased_reg[1][37]/D
                            (rising edge-triggered cell FDRE clocked by clk_fpga_0  {rise@0.000ns fall@3.000ns period=6.000ns})
  Path Group:             clk_fpga_0
  Path Type:              Hold (Min at Fast Process Corner)
  Requirement:            0.000ns  (clk_fpga_0 rise@0.000ns - clk_fpga_0 rise@0.000ns)
  Data Path Delay:        0.463ns  (logic 0.252ns (54.451%)  route 0.211ns (45.549%))
  Logic Levels:           2  (CARRY4=1 LUT2=1)
  Clock Path Skew:        0.263ns (DCD - SCD - CPR)
    Destination Clock Delay (DCD):    1.243ns
    Source Clock Delay      (SCD):    0.950ns
    Clock Pessimism Removal (CPR):    0.030ns

    Location             Delay type                Incr(ns)  Path(ns)    Netlist Resource(s)
  -------------------------------------------------------------------    -------------------
                         (clock clk_fpga_0 rise edge)
                                                      0.000     0.000 r  <hidden>
    PS7_X0Y0             PS7                          0.000     0.000 r  rl_system_luban7020_i/ps7/inst/PS7_i/FCLKCLK[0]
                         net (fo=1, routed)           0.310     0.310    rl_system_luban7020_i/ps7/inst/FCLK_CLK_unbuffered[0]
    BUFGCTRL_X0Y16       BUFG (Prop_bufg_I_O)         0.026     0.336 r  rl_system_luban7020_i/ps7/inst/buffer_fclk_clk_0.FCLK_CLK_0_BUFG/O
                         net (fo=16934, routed)       0.614     0.950    rl_system_luban7020_i/rl_accel_0/inst/u_accel/u_core/g_dual_gemm.u_gemm/s_axi_aclk
    SLICE_X95Y49         FDRE                                         r  rl_system_luban7020_i/rl_accel_0/inst/u_accel/u_core/g_dual_gemm.u_gemm/quant_shifted_reg[1][37]/C
  -------------------------------------------------------------------    -------------------
    SLICE_X95Y49         FDRE (Prop_fdre_C_Q)         0.141     1.091 r  rl_system_luban7020_i/rl_accel_0/inst/u_accel/u_core/g_dual_gemm.u_gemm/quant_shifted_reg[1][37]/Q
                         net (fo=3, routed)           0.211     1.301    rl_system_luban7020_i/rl_accel_0/inst/u_accel/u_core/g_dual_gemm.u_gemm/quant_shifted_reg[1]_126[37]
    SLICE_X90Y50         LUT2 (Prop_lut2_I1_O)        0.045     1.346 r  rl_system_luban7020_i/rl_accel_0/inst/u_accel/u_core/g_dual_gemm.u_gemm/quant_biased[1][39]_i_4/O
                         net (fo=1, routed)           0.000     1.346    rl_system_luban7020_i/rl_accel_0/inst/u_accel/u_core/g_dual_gemm.u_gemm/quant_biased[1][39]_i_4_n_0
    SLICE_X90Y50         CARRY4 (Prop_carry4_S[1]_O[1])
                                                      0.066     1.412 r  rl_system_luban7020_i/rl_accel_0/inst/u_accel/u_core/g_dual_gemm.u_gemm/quant_biased_reg[1][39]_i_1/O[1]
                         net (fo=1, routed)           0.000     1.412    rl_system_luban7020_i/rl_accel_0/inst/u_accel/u_core/g_dual_gemm.u_gemm/p_28_out[37]
    SLICE_X90Y50         FDRE                                         r  rl_system_luban7020_i/rl_accel_0/inst/u_accel/u_core/g_dual_gemm.u_gemm/quant_biased_reg[1][37]/D
  -------------------------------------------------------------------    -------------------

                         (clock clk_fpga_0 rise edge)
                                                      0.000     0.000 r  <hidden>
    PS7_X0Y0             PS7                          0.000     0.000 r  rl_system_luban7020_i/ps7/inst/PS7_i/FCLKCLK[0]
                         net (fo=1, routed)           0.337     0.337    rl_system_luban7020_i/ps7/inst/FCLK_CLK_unbuffered[0]
    BUFGCTRL_X0Y16       BUFG (Prop_bufg_I_O)         0.029     0.366 r  rl_system_luban7020_i/ps7/inst/buffer_fclk_clk_0.FCLK_CLK_0_BUFG/O
                         net (fo=16934, routed)       0.877     1.243    rl_system_luban7020_i/rl_accel_0/inst/u_accel/u_core/g_dual_gemm.u_gemm/s_axi_aclk
    SLICE_X90Y50         FDRE                                         r  rl_system_luban7020_i/rl_accel_0/inst/u_accel/u_core/g_dual_gemm.u_gemm/quant_biased_reg[1][37]/C
                         clock pessimism             -0.030     1.213    <hidden>
    SLICE_X90Y50         FDRE (Hold_fdre_C_D)         0.134     1.347    rl_system_luban7020_i/rl_accel_0/inst/u_accel/u_core/g_dual_gemm.u_gemm/quant_biased_reg[1][37]
  -------------------------------------------------------------------
                         required time                         -1.347    <hidden>
                         arrival time                           1.412    <hidden>
  -------------------------------------------------------------------
                         slack                                  0.065    <hidden>

Slack (MET) :             0.067ns  (arrival time - required time)
  Source:                 rl_system_luban7020_i/rl_accel_0/inst/u_accel/u_core/g_dual_gemm.u_gemm/quant_shifted_reg[4][11]/C
                            (rising edge-triggered cell FDRE clocked by clk_fpga_0  {rise@0.000ns fall@3.000ns period=6.000ns})
  Destination:            rl_system_luban7020_i/rl_accel_0/inst/u_accel/u_core/g_dual_gemm.u_gemm/quant_biased_reg[4][11]/D
                            (rising edge-triggered cell FDRE clocked by clk_fpga_0  {rise@0.000ns fall@3.000ns period=6.000ns})
  Path Group:             clk_fpga_0
  Path Type:              Hold (Min at Fast Process Corner)
  Requirement:            0.000ns  (clk_fpga_0 rise@0.000ns - clk_fpga_0 rise@0.000ns)
  Data Path Delay:        0.437ns  (logic 0.272ns (62.241%)  route 0.165ns (37.759%))
  Logic Levels:           2  (CARRY4=1 LUT2=1)
  Clock Path Skew:        0.265ns (DCD - SCD - CPR)
    Destination Clock Delay (DCD):    1.191ns
    Source Clock Delay      (SCD):    0.891ns
    Clock Pessimism Removal (CPR):    0.035ns

    Location             Delay type                Incr(ns)  Path(ns)    Netlist Resource(s)
  -------------------------------------------------------------------    -------------------
                         (clock clk_fpga_0 rise edge)
                                                      0.000     0.000 r  <hidden>
    PS7_X0Y0             PS7                          0.000     0.000 r  rl_system_luban7020_i/ps7/inst/PS7_i/FCLKCLK[0]
                         net (fo=1, routed)           0.310     0.310    rl_system_luban7020_i/ps7/inst/FCLK_CLK_unbuffered[0]
    BUFGCTRL_X0Y16       BUFG (Prop_bufg_I_O)         0.026     0.336 r  rl_system_luban7020_i/ps7/inst/buffer_fclk_clk_0.FCLK_CLK_0_BUFG/O
                         net (fo=16934, routed)       0.555     0.891    rl_system_luban7020_i/rl_accel_0/inst/u_accel/u_core/g_dual_gemm.u_gemm/s_axi_aclk
    SLICE_X50Y37         FDRE                                         r  rl_system_luban7020_i/rl_accel_0/inst/u_accel/u_core/g_dual_gemm.u_gemm/quant_shifted_reg[4][11]/C
  -------------------------------------------------------------------    -------------------
    SLICE_X50Y37         FDRE (Prop_fdre_C_Q)         0.164     1.055 r  rl_system_luban7020_i/rl_accel_0/inst/u_accel/u_core/g_dual_gemm.u_gemm/quant_shifted_reg[4][11]/Q
                         net (fo=2, routed)           0.165     1.220    rl_system_luban7020_i/rl_accel_0/inst/u_accel/u_core/g_dual_gemm.u_gemm/quant_shifted_reg[4]_147[11]
    SLICE_X48Y37         LUT2 (Prop_lut2_I0_O)        0.045     1.265 r  rl_system_luban7020_i/rl_accel_0/inst/u_accel/u_core/g_dual_gemm.u_gemm/quant_biased[4][11]_i_2/O
                         net (fo=1, routed)           0.000     1.265    rl_system_luban7020_i/rl_accel_0/inst/u_accel/u_core/g_dual_gemm.u_gemm/quant_biased[4][11]_i_2_n_0
    SLICE_X48Y37         CARRY4 (Prop_carry4_S[3]_O[3])
                                                      0.063     1.328 r  rl_system_luban7020_i/rl_accel_0/inst/u_accel/u_core/g_dual_gemm.u_gemm/quant_biased_reg[4][11]_i_1/O[3]
                         net (fo=1, routed)           0.000     1.328    rl_system_luban7020_i/rl_accel_0/inst/u_accel/u_core/g_dual_gemm.u_gemm/p_22_out[11]
    SLICE_X48Y37         FDRE                                         r  rl_system_luban7020_i/rl_accel_0/inst/u_accel/u_core/g_dual_gemm.u_gemm/quant_biased_reg[4][11]/D
  -------------------------------------------------------------------    -------------------

                         (clock clk_fpga_0 rise edge)
                                                      0.000     0.000 r  <hidden>
    PS7_X0Y0             PS7                          0.000     0.000 r  rl_system_luban7020_i/ps7/inst/PS7_i/FCLKCLK[0]
                         net (fo=1, routed)           0.337     0.337    rl_system_luban7020_i/ps7/inst/FCLK_CLK_unbuffered[0]
    BUFGCTRL_X0Y16       BUFG (Prop_bufg_I_O)         0.029     0.366 r  rl_system_luban7020_i/ps7/inst/buffer_fclk_clk_0.FCLK_CLK_0_BUFG/O
                         net (fo=16934, routed)       0.825     1.191    rl_system_luban7020_i/rl_accel_0/inst/u_accel/u_core/g_dual_gemm.u_gemm/s_axi_aclk
    SLICE_X48Y37         FDRE                                         r  rl_system_luban7020_i/rl_accel_0/inst/u_accel/u_core/g_dual_gemm.u_gemm/quant_biased_reg[4][11]/C
                         clock pessimism             -0.035     1.156    <hidden>
    SLICE_X48Y37         FDRE (Hold_fdre_C_D)         0.105     1.261    rl_system_luban7020_i/rl_accel_0/inst/u_accel/u_core/g_dual_gemm.u_gemm/quant_biased_reg[4][11]
  -------------------------------------------------------------------
                         required time                         -1.261    <hidden>
                         arrival time                           1.328    <hidden>
  -------------------------------------------------------------------
                         slack                                  0.067    <hidden>

Slack (MET) :             0.069ns  (arrival time - required time)
  Source:                 rl_system_luban7020_i/rl_accel_0/inst/u_accel/u_core/g_dual_gemm.u_gemm/quant_shifted_reg[4][20]/C
                            (rising edge-triggered cell FDRE clocked by clk_fpga_0  {rise@0.000ns fall@3.000ns period=6.000ns})
  Destination:            rl_system_luban7020_i/rl_accel_0/inst/u_accel/u_core/g_dual_gemm.u_gemm/quant_biased_reg[4][20]/D
                            (rising edge-triggered cell FDRE clocked by clk_fpga_0  {rise@0.000ns fall@3.000ns period=6.000ns})
  Path Group:             clk_fpga_0
  Path Type:              Hold (Min at Fast Process Corner)
  Requirement:            0.000ns  (clk_fpga_0 rise@0.000ns - clk_fpga_0 rise@0.000ns)
  Data Path Delay:        0.440ns  (logic 0.256ns (58.146%)  route 0.184ns (41.854%))
  Logic Levels:           2  (CARRY4=1 LUT2=1)
  Clock Path Skew:        0.266ns (DCD - SCD - CPR)
    Destination Clock Delay (DCD):    1.194ns
    Source Clock Delay      (SCD):    0.893ns
    Clock Pessimism Removal (CPR):    0.035ns

    Location             Delay type                Incr(ns)  Path(ns)    Netlist Resource(s)
  -------------------------------------------------------------------    -------------------
                         (clock clk_fpga_0 rise edge)
                                                      0.000     0.000 r  <hidden>
    PS7_X0Y0             PS7                          0.000     0.000 r  rl_system_luban7020_i/ps7/inst/PS7_i/FCLKCLK[0]
                         net (fo=1, routed)           0.310     0.310    rl_system_luban7020_i/ps7/inst/FCLK_CLK_unbuffered[0]
    BUFGCTRL_X0Y16       BUFG (Prop_bufg_I_O)         0.026     0.336 r  rl_system_luban7020_i/ps7/inst/buffer_fclk_clk_0.FCLK_CLK_0_BUFG/O
                         net (fo=16934, routed)       0.557     0.893    rl_system_luban7020_i/rl_accel_0/inst/u_accel/u_core/g_dual_gemm.u_gemm/s_axi_aclk
    SLICE_X52Y40         FDRE                                         r  rl_system_luban7020_i/rl_accel_0/inst/u_accel/u_core/g_dual_gemm.u_gemm/quant_shifted_reg[4][20]/C
  -------------------------------------------------------------------    -------------------
    SLICE_X52Y40         FDRE (Prop_fdre_C_Q)         0.141     1.034 r  rl_system_luban7020_i/rl_accel_0/inst/u_accel/u_core/g_dual_gemm.u_gemm/quant_shifted_reg[4][20]/Q
                         net (fo=3, routed)           0.184     1.218    rl_system_luban7020_i/rl_accel_0/inst/u_accel/u_core/g_dual_gemm.u_gemm/quant_shifted_reg[4]_147[20]
    SLICE_X48Y40         LUT2 (Prop_lut2_I1_O)        0.045     1.263 r  rl_system_luban7020_i/rl_accel_0/inst/u_accel/u_core/g_dual_gemm.u_gemm/quant_biased[4][23]_i_5/O
                         net (fo=1, routed)           0.000     1.263    rl_system_luban7020_i/rl_accel_0/inst/u_accel/u_core/g_dual_gemm.u_gemm/quant_biased[4][23]_i_5_n_0
    SLICE_X48Y40         CARRY4 (Prop_carry4_S[0]_O[0])
                                                      0.070     1.333 r  rl_system_luban7020_i/rl_accel_0/inst/u_accel/u_core/g_dual_gemm.u_gemm/quant_biased_reg[4][23]_i_1/O[0]
                         net (fo=1, routed)           0.000     1.333    rl_system_luban7020_i/rl_accel_0/inst/u_accel/u_core/g_dual_gemm.u_gemm/p_22_out[20]
    SLICE_X48Y40         FDRE                                         r  rl_system_luban7020_i/rl_accel_0/inst/u_accel/u_core/g_dual_gemm.u_gemm/quant_biased_reg[4][20]/D
  -------------------------------------------------------------------    -------------------

                         (clock clk_fpga_0 rise edge)
                                                      0.000     0.000 r  <hidden>
    PS7_X0Y0             PS7                          0.000     0.000 r  rl_system_luban7020_i/ps7/inst/PS7_i/FCLKCLK[0]
                         net (fo=1, routed)           0.337     0.337    rl_system_luban7020_i/ps7/inst/FCLK_CLK_unbuffered[0]
    BUFGCTRL_X0Y16       BUFG (Prop_bufg_I_O)         0.029     0.366 r  rl_system_luban7020_i/ps7/inst/buffer_fclk_clk_0.FCLK_CLK_0_BUFG/O
                         net (fo=16934, routed)       0.828     1.194    rl_system_luban7020_i/rl_accel_0/inst/u_accel/u_core/g_dual_gemm.u_gemm/s_axi_aclk
    SLICE_X48Y40         FDRE                                         r  rl_system_luban7020_i/rl_accel_0/inst/u_accel/u_core/g_dual_gemm.u_gemm/quant_biased_reg[4][20]/C
                         clock pessimism             -0.035     1.159    <hidden>
    SLICE_X48Y40         FDRE (Hold_fdre_C_D)         0.105     1.264    rl_system_luban7020_i/rl_accel_0/inst/u_accel/u_core/g_dual_gemm.u_gemm/quant_biased_reg[4][20]
  -------------------------------------------------------------------
                         required time                         -1.264    <hidden>
                         arrival time                           1.333    <hidden>
  -------------------------------------------------------------------
                         slack                                  0.069    <hidden>

Slack (MET) :             0.070ns  (arrival time - required time)
  Source:                 rl_system_luban7020_i/rl_accel_0/inst/u_accel/u_core/g_dual_gemm.u_gemm/quant_shifted_reg[4][25]/C
                            (rising edge-triggered cell FDRE clocked by clk_fpga_0  {rise@0.000ns fall@3.000ns period=6.000ns})
  Destination:            rl_system_luban7020_i/rl_accel_0/inst/u_accel/u_core/g_dual_gemm.u_gemm/quant_biased_reg[4][27]/D
                            (rising edge-triggered cell FDRE clocked by clk_fpga_0  {rise@0.000ns fall@3.000ns period=6.000ns})
  Path Group:             clk_fpga_0
  Path Type:              Hold (Min at Fast Process Corner)
  Requirement:            0.000ns  (clk_fpga_0 rise@0.000ns - clk_fpga_0 rise@0.000ns)
  Data Path Delay:        0.441ns  (logic 0.268ns (60.715%)  route 0.173ns (39.285%))
  Logic Levels:           1  (CARRY4=1)
  Clock Path Skew:        0.266ns (DCD - SCD - CPR)
    Destination Clock Delay (DCD):    1.194ns
    Source Clock Delay      (SCD):    0.893ns
    Clock Pessimism Removal (CPR):    0.035ns

    Location             Delay type                Incr(ns)  Path(ns)    Netlist Resource(s)
  -------------------------------------------------------------------    -------------------
                         (clock clk_fpga_0 rise edge)
                                                      0.000     0.000 r  <hidden>
    PS7_X0Y0             PS7                          0.000     0.000 r  rl_system_luban7020_i/ps7/inst/PS7_i/FCLKCLK[0]
                         net (fo=1, routed)           0.310     0.310    rl_system_luban7020_i/ps7/inst/FCLK_CLK_unbuffered[0]
    BUFGCTRL_X0Y16       BUFG (Prop_bufg_I_O)         0.026     0.336 r  rl_system_luban7020_i/ps7/inst/buffer_fclk_clk_0.FCLK_CLK_0_BUFG/O
                         net (fo=16934, routed)       0.557     0.893    rl_system_luban7020_i/rl_accel_0/inst/u_accel/u_core/g_dual_gemm.u_gemm/s_axi_aclk
    SLICE_X52Y41         FDRE                                         r  rl_system_luban7020_i/rl_accel_0/inst/u_accel/u_core/g_dual_gemm.u_gemm/quant_shifted_reg[4][25]/C
  -------------------------------------------------------------------    -------------------
    SLICE_X52Y41         FDRE (Prop_fdre_C_Q)         0.141     1.034 r  rl_system_luban7020_i/rl_accel_0/inst/u_accel/u_core/g_dual_gemm.u_gemm/quant_shifted_reg[4][25]/Q
                         net (fo=3, routed)           0.173     1.207    rl_system_luban7020_i/rl_accel_0/inst/u_accel/u_core/g_dual_gemm.u_gemm/quant_shifted_reg[4]_147[25]
    SLICE_X48Y41         CARRY4 (Prop_carry4_DI[2]_O[3])
                                                      0.127     1.334 r  rl_system_luban7020_i/rl_accel_0/inst/u_accel/u_core/g_dual_gemm.u_gemm/quant_biased_reg[4][27]_i_1/O[3]
                         net (fo=1, routed)           0.000     1.334    rl_system_luban7020_i/rl_accel_0/inst/u_accel/u_core/g_dual_gemm.u_gemm/p_22_out[27]
    SLICE_X48Y41         FDRE                                         r  rl_system_luban7020_i/rl_accel_0/inst/u_accel/u_core/g_dual_gemm.u_gemm/quant_biased_reg[4][27]/D
  -------------------------------------------------------------------    -------------------

                         (clock clk_fpga_0 rise edge)
                                                      0.000     0.000 r  <hidden>
    PS7_X0Y0             PS7                          0.000     0.000 r  rl_system_luban7020_i/ps7/inst/PS7_i/FCLKCLK[0]
                         net (fo=1, routed)           0.337     0.337    rl_system_luban7020_i/ps7/inst/FCLK_CLK_unbuffered[0]
    BUFGCTRL_X0Y16       BUFG (Prop_bufg_I_O)         0.029     0.366 r  rl_system_luban7020_i/ps7/inst/buffer_fclk_clk_0.FCLK_CLK_0_BUFG/O
                         net (fo=16934, routed)       0.828     1.194    rl_system_luban7020_i/rl_accel_0/inst/u_accel/u_core/g_dual_gemm.u_gemm/s_axi_aclk
    SLICE_X48Y41         FDRE                                         r  rl_system_luban7020_i/rl_accel_0/inst/u_accel/u_core/g_dual_gemm.u_gemm/quant_biased_reg[4][27]/C
                         clock pessimism             -0.035     1.159    <hidden>
    SLICE_X48Y41         FDRE (Hold_fdre_C_D)         0.105     1.264    rl_system_luban7020_i/rl_accel_0/inst/u_accel/u_core/g_dual_gemm.u_gemm/quant_biased_reg[4][27]
  -------------------------------------------------------------------
                         required time                         -1.264    <hidden>
                         arrival time                           1.334    <hidden>
  -------------------------------------------------------------------
                         slack                                  0.070    <hidden>

Slack (MET) :             0.071ns  (arrival time - required time)
  Source:                 rl_system_luban7020_i/rl_accel_0/inst/u_accel/u_core/g_stream_elu.u_elu/elu/pass_s2_reg[4][9]/C
                            (rising edge-triggered cell FDRE clocked by clk_fpga_0  {rise@0.000ns fall@3.000ns period=6.000ns})
  Destination:            rl_system_luban7020_i/rl_accel_0/inst/u_accel/u_core/g_stream_elu.u_elu/elu/pass_s3_reg[4][9]/D
                            (rising edge-triggered cell FDRE clocked by clk_fpga_0  {rise@0.000ns fall@3.000ns period=6.000ns})
  Path Group:             clk_fpga_0
  Path Type:              Hold (Min at Fast Process Corner)
  Requirement:            0.000ns  (clk_fpga_0 rise@0.000ns - clk_fpga_0 rise@0.000ns)
  Data Path Delay:        0.348ns  (logic 0.128ns (36.833%)  route 0.220ns (63.167%))
  Logic Levels:           0  
  Clock Path Skew:        0.265ns (DCD - SCD - CPR)
    Destination Clock Delay (DCD):    1.178ns
    Source Clock Delay      (SCD):    0.878ns
    Clock Pessimism Removal (CPR):    0.035ns

    Location             Delay type                Incr(ns)  Path(ns)    Netlist Resource(s)
  -------------------------------------------------------------------    -------------------
                         (clock clk_fpga_0 rise edge)
                                                      0.000     0.000 r  <hidden>
    PS7_X0Y0             PS7                          0.000     0.000 r  rl_system_luban7020_i/ps7/inst/PS7_i/FCLKCLK[0]
                         net (fo=1, routed)           0.310     0.310    rl_system_luban7020_i/ps7/inst/FCLK_CLK_unbuffered[0]
    BUFGCTRL_X0Y16       BUFG (Prop_bufg_I_O)         0.026     0.336 r  rl_system_luban7020_i/ps7/inst/buffer_fclk_clk_0.FCLK_CLK_0_BUFG/O
                         net (fo=16934, routed)       0.542     0.878    rl_system_luban7020_i/rl_accel_0/inst/u_accel/u_core/g_stream_elu.u_elu/elu/s_axi_aclk
    SLICE_X51Y77         FDRE                                         r  rl_system_luban7020_i/rl_accel_0/inst/u_accel/u_core/g_stream_elu.u_elu/elu/pass_s2_reg[4][9]/C
  -------------------------------------------------------------------    -------------------
    SLICE_X51Y77         FDRE (Prop_fdre_C_Q)         0.128     1.006 r  rl_system_luban7020_i/rl_accel_0/inst/u_accel/u_core/g_stream_elu.u_elu/elu/pass_s2_reg[4][9]/Q
                         net (fo=1, routed)           0.220     1.225    rl_system_luban7020_i/rl_accel_0/inst/u_accel/u_core/g_stream_elu.u_elu/elu/pass_s2_reg[4]_197[9]
    SLICE_X46Y78         FDRE                                         r  rl_system_luban7020_i/rl_accel_0/inst/u_accel/u_core/g_stream_elu.u_elu/elu/pass_s3_reg[4][9]/D
  -------------------------------------------------------------------    -------------------

                         (clock clk_fpga_0 rise edge)
                                                      0.000     0.000 r  <hidden>
    PS7_X0Y0             PS7                          0.000     0.000 r  rl_system_luban7020_i/ps7/inst/PS7_i/FCLKCLK[0]
                         net (fo=1, routed)           0.337     0.337    rl_system_luban7020_i/ps7/inst/FCLK_CLK_unbuffered[0]
    BUFGCTRL_X0Y16       BUFG (Prop_bufg_I_O)         0.029     0.366 r  rl_system_luban7020_i/ps7/inst/buffer_fclk_clk_0.FCLK_CLK_0_BUFG/O
                         net (fo=16934, routed)       0.812     1.178    rl_system_luban7020_i/rl_accel_0/inst/u_accel/u_core/g_stream_elu.u_elu/elu/s_axi_aclk
    SLICE_X46Y78         FDRE                                         r  rl_system_luban7020_i/rl_accel_0/inst/u_accel/u_core/g_stream_elu.u_elu/elu/pass_s3_reg[4][9]/C
                         clock pessimism             -0.035     1.143    <hidden>
    SLICE_X46Y78         FDRE (Hold_fdre_C_D)         0.011     1.154    rl_system_luban7020_i/rl_accel_0/inst/u_accel/u_core/g_stream_elu.u_elu/elu/pass_s3_reg[4][9]
  -------------------------------------------------------------------
                         required time                         -1.154    <hidden>
                         arrival time                           1.225    <hidden>
  -------------------------------------------------------------------
                         slack                                  0.071    <hidden>

Slack (MET) :             0.072ns  (arrival time - required time)
  Source:                 rl_system_luban7020_i/hp_ic/s00_couplers/auto_pc/inst/gen_axi4_axi3.axi3_conv_inst/USE_READ.USE_SPLIT_R.read_addr_inst/USE_R_CHANNEL.cmd_queue/inst/fifo_gen_inst/<hidden>/<hidden>/<hidden>/<hidden>/<hidden>/<hidden>/<hidden>
                            (rising edge-triggered cell FDCE clocked by clk_fpga_0  {rise@0.000ns fall@3.000ns period=6.000ns})
  Destination:            rl_system_luban7020_i/hp_ic/s00_couplers/auto_pc/inst/gen_axi4_axi3.axi3_conv_inst/USE_READ.USE_SPLIT_R.read_addr_inst/USE_R_CHANNEL.cmd_queue/inst/fifo_gen_inst/<hidden>/<hidden>/<hidden>/<hidden>/<hidden>/<hidden>/<hidden>/<hidden>
                            (rising edge-triggered cell RAMD32 clocked by clk_fpga_0  {rise@0.000ns fall@3.000ns period=6.000ns})
  Path Group:             clk_fpga_0
  Path Type:              Hold (Min at Fast Process Corner)
  Requirement:            0.000ns  (clk_fpga_0 rise@0.000ns - clk_fpga_0 rise@0.000ns)
  Data Path Delay:        0.399ns  (logic 0.141ns (35.340%)  route 0.258ns (64.660%))
  Logic Levels:           0  
  Clock Path Skew:        0.017ns (DCD - SCD - CPR)
    Destination Clock Delay (DCD):    1.232ns
    Source Clock Delay      (SCD):    0.932ns
    Clock Pessimism Removal (CPR):    0.283ns

    Location             Delay type                Incr(ns)  Path(ns)    Netlist Resource(s)
  -------------------------------------------------------------------    -------------------
                         (clock clk_fpga_0 rise edge)
                                                      0.000     0.000 r  <hidden>
    PS7_X0Y0             PS7                          0.000     0.000 r  rl_system_luban7020_i/ps7/inst/PS7_i/FCLKCLK[0]
                         net (fo=1, routed)           0.310     0.310    rl_system_luban7020_i/ps7/inst/FCLK_CLK_unbuffered[0]
    BUFGCTRL_X0Y16       BUFG (Prop_bufg_I_O)         0.026     0.336 r  rl_system_luban7020_i/ps7/inst/buffer_fclk_clk_0.FCLK_CLK_0_BUFG/O
                         net (fo=16934, routed)       0.596     0.932    rl_system_luban7020_i/hp_ic/s00_couplers/auto_pc/inst/gen_axi4_axi3.axi3_conv_inst/USE_READ.USE_SPLIT_R.read_addr_inst/USE_R_CHANNEL.cmd_queue/inst/fifo_gen_inst/<hidden>/<hidden>/<hidden>/<hidden>/<hidden>/<hidden>
    SLICE_X13Y46         FDCE                                         r  rl_system_luban7020_i/hp_ic/s00_couplers/auto_pc/inst/gen_axi4_axi3.axi3_conv_inst/USE_READ.USE_SPLIT_R.read_addr_inst/USE_R_CHANNEL.cmd_queue/inst/fifo_gen_inst/<hidden>/<hidden>/<hidden>/<hidden>/<hidden>/<hidden>/<hidden>
  -------------------------------------------------------------------    -------------------
    SLICE_X13Y46         FDCE (Prop_fdce_C_Q)         0.141     1.072 r  rl_system_luban7020_i/hp_ic/s00_couplers/auto_pc/inst/gen_axi4_axi3.axi3_conv_inst/USE_READ.USE_SPLIT_R.read_addr_inst/USE_R_CHANNEL.cmd_queue/inst/fifo_gen_inst/<hidden>/<hidden>/<hidden>/<hidden>/<hidden>/<hidden>/<hidden>
                         net (fo=5, routed)           0.258     1.330    rl_system_luban7020_i/hp_ic/s00_couplers/auto_pc/inst/gen_axi4_axi3.axi3_conv_inst/USE_READ.USE_SPLIT_R.read_addr_inst/USE_R_CHANNEL.cmd_queue/inst/fifo_gen_inst/<hidden>/<hidden>/<hidden>/<hidden>/<hidden>/<hidden>/<hidden>
    SLICE_X14Y47         RAMD32                                       r  rl_system_luban7020_i/hp_ic/s00_couplers/auto_pc/inst/gen_axi4_axi3.axi3_conv_inst/USE_READ.USE_SPLIT_R.read_addr_inst/USE_R_CHANNEL.cmd_queue/inst/fifo_gen_inst/<hidden>/<hidden>/<hidden>/<hidden>/<hidden>/<hidden>/<hidden>/<hidden>
  -------------------------------------------------------------------    -------------------

                         (clock clk_fpga_0 rise edge)
                                                      0.000     0.000 r  <hidden>
    PS7_X0Y0             PS7                          0.000     0.000 r  rl_system_luban7020_i/ps7/inst/PS7_i/FCLKCLK[0]
                         net (fo=1, routed)           0.337     0.337    rl_system_luban7020_i/ps7/inst/FCLK_CLK_unbuffered[0]
    BUFGCTRL_X0Y16       BUFG (Prop_bufg_I_O)         0.029     0.366 r  rl_system_luban7020_i/ps7/inst/buffer_fclk_clk_0.FCLK_CLK_0_BUFG/O
                         net (fo=16934, routed)       0.866     1.232    rl_system_luban7020_i/hp_ic/s00_couplers/auto_pc/inst/gen_axi4_axi3.axi3_conv_inst/USE_READ.USE_SPLIT_R.read_addr_inst/USE_R_CHANNEL.cmd_queue/inst/fifo_gen_inst/<hidden>/<hidden>/<hidden>/<hidden>/<hidden>/<hidden>/<hidden>
    SLICE_X14Y47         RAMD32                                       r  rl_system_luban7020_i/hp_ic/s00_couplers/auto_pc/inst/gen_axi4_axi3.axi3_conv_inst/USE_READ.USE_SPLIT_R.read_addr_inst/USE_R_CHANNEL.cmd_queue/inst/fifo_gen_inst/<hidden>/<hidden>/<hidden>/<hidden>/<hidden>/<hidden>/<hidden>/<hidden>
                         clock pessimism             -0.283     0.949    <hidden>
    SLICE_X14Y47         RAMD32 (Hold_ramd32_CLK_WADR0)
                                                      0.310     1.259    rl_system_luban7020_i/hp_ic/s00_couplers/auto_pc/inst/gen_axi4_axi3.axi3_conv_inst/USE_READ.USE_SPLIT_R.read_addr_inst/USE_R_CHANNEL.cmd_queue/inst/fifo_gen_inst/<hidden>/<hidden>/<hidden>/<hidden>/<hidden>/<hidden>/<hidden>
  -------------------------------------------------------------------
                         required time                         -1.259    <hidden>
                         arrival time                           1.330    <hidden>
  -------------------------------------------------------------------
                         slack                                  0.072    <hidden>

Slack (MET) :             0.072ns  (arrival time - required time)
  Source:                 rl_system_luban7020_i/hp_ic/s00_couplers/auto_pc/inst/gen_axi4_axi3.axi3_conv_inst/USE_READ.USE_SPLIT_R.read_addr_inst/USE_R_CHANNEL.cmd_queue/inst/fifo_gen_inst/<hidden>/<hidden>/<hidden>/<hidden>/<hidden>/<hidden>/<hidden>
                            (rising edge-triggered cell FDCE clocked by clk_fpga_0  {rise@0.000ns fall@3.000ns period=6.000ns})
  Destination:            rl_system_luban7020_i/hp_ic/s00_couplers/auto_pc/inst/gen_axi4_axi3.axi3_conv_inst/USE_READ.USE_SPLIT_R.read_addr_inst/USE_R_CHANNEL.cmd_queue/inst/fifo_gen_inst/<hidden>/<hidden>/<hidden>/<hidden>/<hidden>/<hidden>/<hidden>/<hidden>
                            (rising edge-triggered cell RAMD32 clocked by clk_fpga_0  {rise@0.000ns fall@3.000ns period=6.000ns})
  Path Group:             clk_fpga_0
  Path Type:              Hold (Min at Fast Process Corner)
  Requirement:            0.000ns  (clk_fpga_0 rise@0.000ns - clk_fpga_0 rise@0.000ns)
  Data Path Delay:        0.399ns  (logic 0.141ns (35.340%)  route 0.258ns (64.660%))
  Logic Levels:           0  
  Clock Path Skew:        0.017ns (DCD - SCD - CPR)
    Destination Clock Delay (DCD):    1.232ns
    Source Clock Delay      (SCD):    0.932ns
    Clock Pessimism Removal (CPR):    0.283ns

    Location             Delay type                Incr(ns)  Path(ns)    Netlist Resource(s)
  -------------------------------------------------------------------    -------------------
                         (clock clk_fpga_0 rise edge)
                                                      0.000     0.000 r  <hidden>
    PS7_X0Y0             PS7                          0.000     0.000 r  rl_system_luban7020_i/ps7/inst/PS7_i/FCLKCLK[0]
                         net (fo=1, routed)           0.310     0.310    rl_system_luban7020_i/ps7/inst/FCLK_CLK_unbuffered[0]
    BUFGCTRL_X0Y16       BUFG (Prop_bufg_I_O)         0.026     0.336 r  rl_system_luban7020_i/ps7/inst/buffer_fclk_clk_0.FCLK_CLK_0_BUFG/O
                         net (fo=16934, routed)       0.596     0.932    rl_system_luban7020_i/hp_ic/s00_couplers/auto_pc/inst/gen_axi4_axi3.axi3_conv_inst/USE_READ.USE_SPLIT_R.read_addr_inst/USE_R_CHANNEL.cmd_queue/inst/fifo_gen_inst/<hidden>/<hidden>/<hidden>/<hidden>/<hidden>/<hidden>
    SLICE_X13Y46         FDCE                                         r  rl_system_luban7020_i/hp_ic/s00_couplers/auto_pc/inst/gen_axi4_axi3.axi3_conv_inst/USE_READ.USE_SPLIT_R.read_addr_inst/USE_R_CHANNEL.cmd_queue/inst/fifo_gen_inst/<hidden>/<hidden>/<hidden>/<hidden>/<hidden>/<hidden>/<hidden>
  -------------------------------------------------------------------    -------------------
    SLICE_X13Y46         FDCE (Prop_fdce_C_Q)         0.141     1.072 r  rl_system_luban7020_i/hp_ic/s00_couplers/auto_pc/inst/gen_axi4_axi3.axi3_conv_inst/USE_READ.USE_SPLIT_R.read_addr_inst/USE_R_CHANNEL.cmd_queue/inst/fifo_gen_inst/<hidden>/<hidden>/<hidden>/<hidden>/<hidden>/<hidden>/<hidden>
                         net (fo=5, routed)           0.258     1.330    rl_system_luban7020_i/hp_ic/s00_couplers/auto_pc/inst/gen_axi4_axi3.axi3_conv_inst/USE_READ.USE_SPLIT_R.read_addr_inst/USE_R_CHANNEL.cmd_queue/inst/fifo_gen_inst/<hidden>/<hidden>/<hidden>/<hidden>/<hidden>/<hidden>/<hidden>
    SLICE_X14Y47         RAMD32                                       r  rl_system_luban7020_i/hp_ic/s00_couplers/auto_pc/inst/gen_axi4_axi3.axi3_conv_inst/USE_READ.USE_SPLIT_R.read_addr_inst/USE_R_CHANNEL.cmd_queue/inst/fifo_gen_inst/<hidden>/<hidden>/<hidden>/<hidden>/<hidden>/<hidden>/<hidden>/<hidden>
  -------------------------------------------------------------------    -------------------

                         (clock clk_fpga_0 rise edge)
                                                      0.000     0.000 r  <hidden>
    PS7_X0Y0             PS7                          0.000     0.000 r  rl_system_luban7020_i/ps7/inst/PS7_i/FCLKCLK[0]
                         net (fo=1, routed)           0.337     0.337    rl_system_luban7020_i/ps7/inst/FCLK_CLK_unbuffered[0]
    BUFGCTRL_X0Y16       BUFG (Prop_bufg_I_O)         0.029     0.366 r  rl_system_luban7020_i/ps7/inst/buffer_fclk_clk_0.FCLK_CLK_0_BUFG/O
                         net (fo=16934, routed)       0.866     1.232    rl_system_luban7020_i/hp_ic/s00_couplers/auto_pc/inst/gen_axi4_axi3.axi3_conv_inst/USE_READ.USE_SPLIT_R.read_addr_inst/USE_R_CHANNEL.cmd_queue/inst/fifo_gen_inst/<hidden>/<hidden>/<hidden>/<hidden>/<hidden>/<hidden>/<hidden>
    SLICE_X14Y47         RAMD32                                       r  rl_system_luban7020_i/hp_ic/s00_couplers/auto_pc/inst/gen_axi4_axi3.axi3_conv_inst/USE_READ.USE_SPLIT_R.read_addr_inst/USE_R_CHANNEL.cmd_queue/inst/fifo_gen_inst/<hidden>/<hidden>/<hidden>/<hidden>/<hidden>/<hidden>/<hidden>/<hidden>
                         clock pessimism             -0.283     0.949    <hidden>
    SLICE_X14Y47         RAMD32 (Hold_ramd32_CLK_WADR0)
                                                      0.310     1.259    rl_system_luban7020_i/hp_ic/s00_couplers/auto_pc/inst/gen_axi4_axi3.axi3_conv_inst/USE_READ.USE_SPLIT_R.read_addr_inst/USE_R_CHANNEL.cmd_queue/inst/fifo_gen_inst/<hidden>/<hidden>/<hidden>/<hidden>/<hidden>/<hidden>/<hidden>
  -------------------------------------------------------------------
                         required time                         -1.259    <hidden>
                         arrival time                           1.330    <hidden>
  -------------------------------------------------------------------
                         slack                                  0.072    <hidden>

Slack (MET) :             0.073ns  (arrival time - required time)
  Source:                 rl_system_luban7020_i/rl_accel_0/inst/u_accel/u_core/g_dual_gemm.u_gemm/quant_biased_reg[11][5]/C
                            (rising edge-triggered cell FDRE clocked by clk_fpga_0  {rise@0.000ns fall@3.000ns period=6.000ns})
  Destination:            rl_system_luban7020_i/rl_accel_0/inst/u_accel/u_core/g_dual_gemm.u_gemm/output_word_reg[181]/D
                            (rising edge-triggered cell FDRE clocked by clk_fpga_0  {rise@0.000ns fall@3.000ns period=6.000ns})
  Path Group:             clk_fpga_0
  Path Type:              Hold (Min at Fast Process Corner)
  Requirement:            0.000ns  (clk_fpga_0 rise@0.000ns - clk_fpga_0 rise@0.000ns)
  Data Path Delay:        0.430ns  (logic 0.186ns (43.295%)  route 0.244ns (56.705%))
  Logic Levels:           1  (LUT4=1)
  Clock Path Skew:        0.264ns (DCD - SCD - CPR)
    Destination Clock Delay (DCD):    1.179ns
    Source Clock Delay      (SCD):    0.880ns
    Clock Pessimism Removal (CPR):    0.035ns

    Location             Delay type                Incr(ns)  Path(ns)    Netlist Resource(s)
  -------------------------------------------------------------------    -------------------
                         (clock clk_fpga_0 rise edge)
                                                      0.000     0.000 r  <hidden>
    PS7_X0Y0             PS7                          0.000     0.000 r  rl_system_luban7020_i/ps7/inst/PS7_i/FCLKCLK[0]
                         net (fo=1, routed)           0.310     0.310    rl_system_luban7020_i/ps7/inst/FCLK_CLK_unbuffered[0]
    BUFGCTRL_X0Y16       BUFG (Prop_bufg_I_O)         0.026     0.336 r  rl_system_luban7020_i/ps7/inst/buffer_fclk_clk_0.FCLK_CLK_0_BUFG/O
                         net (fo=16934, routed)       0.544     0.880    rl_system_luban7020_i/rl_accel_0/inst/u_accel/u_core/g_dual_gemm.u_gemm/s_axi_aclk
    SLICE_X52Y80         FDRE                                         r  rl_system_luban7020_i/rl_accel_0/inst/u_accel/u_core/g_dual_gemm.u_gemm/quant_biased_reg[11][5]/C
  -------------------------------------------------------------------    -------------------
    SLICE_X52Y80         FDRE (Prop_fdre_C_Q)         0.141     1.021 r  rl_system_luban7020_i/rl_accel_0/inst/u_accel/u_core/g_dual_gemm.u_gemm/quant_biased_reg[11][5]/Q
                         net (fo=1, routed)           0.244     1.264    rl_system_luban7020_i/rl_accel_0/inst/u_accel/u_core/g_dual_gemm.u_gemm/quant_biased_reg_n_0_[11][5]
    SLICE_X48Y79         LUT4 (Prop_lut4_I0_O)        0.045     1.309 r  rl_system_luban7020_i/rl_accel_0/inst/u_accel/u_core/g_dual_gemm.u_gemm/output_word[181]_i_1/O
                         net (fo=1, routed)           0.000     1.309    rl_system_luban7020_i/rl_accel_0/inst/u_accel/u_core/g_dual_gemm.u_gemm/p_48_out[181]
    SLICE_X48Y79         FDRE                                         r  rl_system_luban7020_i/rl_accel_0/inst/u_accel/u_core/g_dual_gemm.u_gemm/output_word_reg[181]/D
  -------------------------------------------------------------------    -------------------

                         (clock clk_fpga_0 rise edge)
                                                      0.000     0.000 r  <hidden>
    PS7_X0Y0             PS7                          0.000     0.000 r  rl_system_luban7020_i/ps7/inst/PS7_i/FCLKCLK[0]
                         net (fo=1, routed)           0.337     0.337    rl_system_luban7020_i/ps7/inst/FCLK_CLK_unbuffered[0]
    BUFGCTRL_X0Y16       BUFG (Prop_bufg_I_O)         0.029     0.366 r  rl_system_luban7020_i/ps7/inst/buffer_fclk_clk_0.FCLK_CLK_0_BUFG/O
                         net (fo=16934, routed)       0.813     1.179    rl_system_luban7020_i/rl_accel_0/inst/u_accel/u_core/g_dual_gemm.u_gemm/s_axi_aclk
    SLICE_X48Y79         FDRE                                         r  rl_system_luban7020_i/rl_accel_0/inst/u_accel/u_core/g_dual_gemm.u_gemm/output_word_reg[181]/C
                         clock pessimism             -0.035     1.144    <hidden>
    SLICE_X48Y79         FDRE (Hold_fdre_C_D)         0.092     1.236    rl_system_luban7020_i/rl_accel_0/inst/u_accel/u_core/g_dual_gemm.u_gemm/output_word_reg[181]
  -------------------------------------------------------------------
                         required time                         -1.236    <hidden>
                         arrival time                           1.309    <hidden>
  -------------------------------------------------------------------
                         slack                                  0.073    <hidden>

Slack (MET) :             0.074ns  (arrival time - required time)
  Source:                 rl_system_luban7020_i/rl_accel_0/inst/u_accel/u_core/g_dual_gemm.u_gemm/quant_shifted_reg[4][28]/C
                            (rising edge-triggered cell FDRE clocked by clk_fpga_0  {rise@0.000ns fall@3.000ns period=6.000ns})
  Destination:            rl_system_luban7020_i/rl_accel_0/inst/u_accel/u_core/g_dual_gemm.u_gemm/quant_biased_reg[4][30]/D
                            (rising edge-triggered cell FDRE clocked by clk_fpga_0  {rise@0.000ns fall@3.000ns period=6.000ns})
  Path Group:             clk_fpga_0
  Path Type:              Hold (Min at Fast Process Corner)
  Requirement:            0.000ns  (clk_fpga_0 rise@0.000ns - clk_fpga_0 rise@0.000ns)
  Data Path Delay:        0.445ns  (logic 0.310ns (69.649%)  route 0.135ns (30.351%))
  Logic Levels:           1  (CARRY4=1)
  Clock Path Skew:        0.266ns (DCD - SCD - CPR)
    Destination Clock Delay (DCD):    1.194ns
    Source Clock Delay      (SCD):    0.893ns
    Clock Pessimism Removal (CPR):    0.035ns

    Location             Delay type                Incr(ns)  Path(ns)    Netlist Resource(s)
  -------------------------------------------------------------------    -------------------
                         (clock clk_fpga_0 rise edge)
                                                      0.000     0.000 r  <hidden>
    PS7_X0Y0             PS7                          0.000     0.000 r  rl_system_luban7020_i/ps7/inst/PS7_i/FCLKCLK[0]
                         net (fo=1, routed)           0.310     0.310    rl_system_luban7020_i/ps7/inst/FCLK_CLK_unbuffered[0]
    BUFGCTRL_X0Y16       BUFG (Prop_bufg_I_O)         0.026     0.336 r  rl_system_luban7020_i/ps7/inst/buffer_fclk_clk_0.FCLK_CLK_0_BUFG/O
                         net (fo=16934, routed)       0.557     0.893    rl_system_luban7020_i/rl_accel_0/inst/u_accel/u_core/g_dual_gemm.u_gemm/s_axi_aclk
    SLICE_X50Y42         FDRE                                         r  rl_system_luban7020_i/rl_accel_0/inst/u_accel/u_core/g_dual_gemm.u_gemm/quant_shifted_reg[4][28]/C
  -------------------------------------------------------------------    -------------------
    SLICE_X50Y42         FDRE (Prop_fdre_C_Q)         0.164     1.057 r  rl_system_luban7020_i/rl_accel_0/inst/u_accel/u_core/g_dual_gemm.u_gemm/quant_shifted_reg[4][28]/Q
                         net (fo=3, routed)           0.135     1.192    rl_system_luban7020_i/rl_accel_0/inst/u_accel/u_core/g_dual_gemm.u_gemm/quant_shifted_reg[4]_147[28]
    SLICE_X48Y42         CARRY4 (Prop_carry4_DI[1]_O[2])
                                                      0.146     1.338 r  rl_system_luban7020_i/rl_accel_0/inst/u_accel/u_core/g_dual_gemm.u_gemm/quant_biased_reg[4][31]_i_1/O[2]
                         net (fo=1, routed)           0.000     1.338    rl_system_luban7020_i/rl_accel_0/inst/u_accel/u_core/g_dual_gemm.u_gemm/p_22_out[30]
    SLICE_X48Y42         FDRE                                         r  rl_system_luban7020_i/rl_accel_0/inst/u_accel/u_core/g_dual_gemm.u_gemm/quant_biased_reg[4][30]/D
  -------------------------------------------------------------------    -------------------

                         (clock clk_fpga_0 rise edge)
                                                      0.000     0.000 r  <hidden>
    PS7_X0Y0             PS7                          0.000     0.000 r  rl_system_luban7020_i/ps7/inst/PS7_i/FCLKCLK[0]
                         net (fo=1, routed)           0.337     0.337    rl_system_luban7020_i/ps7/inst/FCLK_CLK_unbuffered[0]
    BUFGCTRL_X0Y16       BUFG (Prop_bufg_I_O)         0.029     0.366 r  rl_system_luban7020_i/ps7/inst/buffer_fclk_clk_0.FCLK_CLK_0_BUFG/O
                         net (fo=16934, routed)       0.828     1.194    rl_system_luban7020_i/rl_accel_0/inst/u_accel/u_core/g_dual_gemm.u_gemm/s_axi_aclk
    SLICE_X48Y42         FDRE                                         r  rl_system_luban7020_i/rl_accel_0/inst/u_accel/u_core/g_dual_gemm.u_gemm/quant_biased_reg[4][30]/C
                         clock pessimism             -0.035     1.159    <hidden>
    SLICE_X48Y42         FDRE (Hold_fdre_C_D)         0.105     1.264    rl_system_luban7020_i/rl_accel_0/inst/u_accel/u_core/g_dual_gemm.u_gemm/quant_biased_reg[4][30]
  -------------------------------------------------------------------
                         required time                         -1.264    <hidden>
                         arrival time                           1.338    <hidden>
  -------------------------------------------------------------------
                         slack                                  0.074    <hidden>

Slack (MET) :             0.080ns  (arrival time - required time)
  Source:                 rl_system_luban7020_i/rl_accel_0/inst/u_accel/u_core/g_dual_gemm.u_gemm/quant_shifted_reg[4][12]/C
                            (rising edge-triggered cell FDRE clocked by clk_fpga_0  {rise@0.000ns fall@3.000ns period=6.000ns})
  Destination:            rl_system_luban7020_i/rl_accel_0/inst/u_accel/u_core/g_dual_gemm.u_gemm/quant_biased_reg[4][13]/D
                            (rising edge-triggered cell FDRE clocked by clk_fpga_0  {rise@0.000ns fall@3.000ns period=6.000ns})
  Path Group:             clk_fpga_0
  Path Type:              Hold (Min at Fast Process Corner)
  Requirement:            0.000ns  (clk_fpga_0 rise@0.000ns - clk_fpga_0 rise@0.000ns)
  Data Path Delay:        0.452ns  (logic 0.288ns (63.731%)  route 0.164ns (36.269%))
  Logic Levels:           1  (CARRY4=1)
  Clock Path Skew:        0.266ns (DCD - SCD - CPR)
    Destination Clock Delay (DCD):    1.193ns
    Source Clock Delay      (SCD):    0.892ns
    Clock Pessimism Removal (CPR):    0.035ns

    Location             Delay type                Incr(ns)  Path(ns)    Netlist Resource(s)
  -------------------------------------------------------------------    -------------------
                         (clock clk_fpga_0 rise edge)
                                                      0.000     0.000 r  <hidden>
    PS7_X0Y0             PS7                          0.000     0.000 r  rl_system_luban7020_i/ps7/inst/PS7_i/FCLKCLK[0]
                         net (fo=1, routed)           0.310     0.310    rl_system_luban7020_i/ps7/inst/FCLK_CLK_unbuffered[0]
    BUFGCTRL_X0Y16       BUFG (Prop_bufg_I_O)         0.026     0.336 r  rl_system_luban7020_i/ps7/inst/buffer_fclk_clk_0.FCLK_CLK_0_BUFG/O
                         net (fo=16934, routed)       0.556     0.891    rl_system_luban7020_i/rl_accel_0/inst/u_accel/u_core/g_dual_gemm.u_gemm/s_axi_aclk
    SLICE_X50Y38         FDRE                                         r  rl_system_luban7020_i/rl_accel_0/inst/u_accel/u_core/g_dual_gemm.u_gemm/quant_shifted_reg[4][12]/C
  -------------------------------------------------------------------    -------------------
    SLICE_X50Y38         FDRE (Prop_fdre_C_Q)         0.164     1.056 r  rl_system_luban7020_i/rl_accel_0/inst/u_accel/u_core/g_dual_gemm.u_gemm/quant_shifted_reg[4][12]/Q
                         net (fo=2, routed)           0.164     1.219    rl_system_luban7020_i/rl_accel_0/inst/u_accel/u_core/g_dual_gemm.u_gemm/quant_shifted_reg[4]_147[12]
    SLICE_X48Y38         CARRY4 (Prop_carry4_DI[0]_O[1])
                                                      0.124     1.343 r  rl_system_luban7020_i/rl_accel_0/inst/u_accel/u_core/g_dual_gemm.u_gemm/quant_biased_reg[4][15]_i_1/O[1]
                         net (fo=1, routed)           0.000     1.343    rl_system_luban7020_i/rl_accel_0/inst/u_accel/u_core/g_dual_gemm.u_gemm/p_22_out[13]
    SLICE_X48Y38         FDRE                                         r  rl_system_luban7020_i/rl_accel_0/inst/u_accel/u_core/g_dual_gemm.u_gemm/quant_biased_reg[4][13]/D
  -------------------------------------------------------------------    -------------------

                         (clock clk_fpga_0 rise edge)
                                                      0.000     0.000 r  <hidden>
    PS7_X0Y0             PS7                          0.000     0.000 r  rl_system_luban7020_i/ps7/inst/PS7_i/FCLKCLK[0]
                         net (fo=1, routed)           0.337     0.337    rl_system_luban7020_i/ps7/inst/FCLK_CLK_unbuffered[0]
    BUFGCTRL_X0Y16       BUFG (Prop_bufg_I_O)         0.029     0.366 r  rl_system_luban7020_i/ps7/inst/buffer_fclk_clk_0.FCLK_CLK_0_BUFG/O
                         net (fo=16934, routed)       0.827     1.193    rl_system_luban7020_i/rl_accel_0/inst/u_accel/u_core/g_dual_gemm.u_gemm/s_axi_aclk
    SLICE_X48Y38         FDRE                                         r  rl_system_luban7020_i/rl_accel_0/inst/u_accel/u_core/g_dual_gemm.u_gemm/quant_biased_reg[4][13]/C
                         clock pessimism             -0.035     1.158    <hidden>
    SLICE_X48Y38         FDRE (Hold_fdre_C_D)         0.105     1.263    rl_system_luban7020_i/rl_accel_0/inst/u_accel/u_core/g_dual_gemm.u_gemm/quant_biased_reg[4][13]
  -------------------------------------------------------------------
                         required time                         -1.263    <hidden>
                         arrival time                           1.343    <hidden>
  -------------------------------------------------------------------
                         slack                                  0.080    <hidden>

Slack (MET) :             0.081ns  (arrival time - required time)
  Source:                 rl_system_luban7020_i/rl_accel_0/inst/u_accel/u_core/g_dual_gemm.u_gemm/u_mac_b/sum2_reg[7][3][18]/C
                            (rising edge-triggered cell FDRE clocked by clk_fpga_0  {rise@0.000ns fall@3.000ns period=6.000ns})
  Destination:            rl_system_luban7020_i/rl_accel_0/inst/u_accel/u_core/g_dual_gemm.u_gemm/u_mac_b/sum4_reg[7][1][20]/D
                            (rising edge-triggered cell FDRE clocked by clk_fpga_0  {rise@0.000ns fall@3.000ns period=6.000ns})
  Path Group:             clk_fpga_0
  Path Type:              Hold (Min at Fast Process Corner)
  Requirement:            0.000ns  (clk_fpga_0 rise@0.000ns - clk_fpga_0 rise@0.000ns)
  Data Path Delay:        0.536ns  (logic 0.378ns (70.532%)  route 0.158ns (29.468%))
  Logic Levels:           3  (CARRY4=2 LUT2=1)
  Clock Path Skew:        0.350ns (DCD - SCD - CPR)
    Destination Clock Delay (DCD):    1.329ns
    Source Clock Delay      (SCD):    0.944ns
    Clock Pessimism Removal (CPR):    0.035ns

    Location             Delay type                Incr(ns)  Path(ns)    Netlist Resource(s)
  -------------------------------------------------------------------    -------------------
                         (clock clk_fpga_0 rise edge)
                                                      0.000     0.000 r  <hidden>
    PS7_X0Y0             PS7                          0.000     0.000 r  rl_system_luban7020_i/ps7/inst/PS7_i/FCLKCLK[0]
                         net (fo=1, routed)           0.310     0.310    rl_system_luban7020_i/ps7/inst/FCLK_CLK_unbuffered[0]
    BUFGCTRL_X0Y16       BUFG (Prop_bufg_I_O)         0.026     0.336 r  rl_system_luban7020_i/ps7/inst/buffer_fclk_clk_0.FCLK_CLK_0_BUFG/O
                         net (fo=16934, routed)       0.608     0.944    rl_system_luban7020_i/rl_accel_0/inst/u_accel/u_core/g_dual_gemm.u_gemm/u_mac_b/s_axi_aclk
    SLICE_X94Y99         FDRE                                         r  rl_system_luban7020_i/rl_accel_0/inst/u_accel/u_core/g_dual_gemm.u_gemm/u_mac_b/sum2_reg[7][3][18]/C
  -------------------------------------------------------------------    -------------------
    SLICE_X94Y99         FDRE (Prop_fdre_C_Q)         0.164     1.108 r  rl_system_luban7020_i/rl_accel_0/inst/u_accel/u_core/g_dual_gemm.u_gemm/u_mac_b/sum2_reg[7][3][18]/Q
                         net (fo=1, routed)           0.157     1.265    rl_system_luban7020_i/rl_accel_0/inst/u_accel/u_core/g_dual_gemm.u_gemm/u_mac_b/sum2_reg[7][3]_90[18]
    SLICE_X93Y99         LUT2 (Prop_lut2_I1_O)        0.045     1.310 r  rl_system_luban7020_i/rl_accel_0/inst/u_accel/u_core/g_dual_gemm.u_gemm/u_mac_b/sum4[7][1][19]_i_3__0/O
                         net (fo=1, routed)           0.000     1.310    rl_system_luban7020_i/rl_accel_0/inst/u_accel/u_core/g_dual_gemm.u_gemm/u_mac_b/sum4[7][1][19]_i_3__0_n_0
    SLICE_X93Y99         CARRY4 (Prop_carry4_S[2]_CO[3])
                                                      0.115     1.425 r  rl_system_luban7020_i/rl_accel_0/inst/u_accel/u_core/g_dual_gemm.u_gemm/u_mac_b/sum4_reg[7][1][19]_i_1__0/CO[3]
                         net (fo=1, routed)           0.001     1.426    rl_system_luban7020_i/rl_accel_0/inst/u_accel/u_core/g_dual_gemm.u_gemm/u_mac_b/sum4_reg[7][1][19]_i_1__0_n_0
    SLICE_X93Y100        CARRY4 (Prop_carry4_CI_O[0])
                                                      0.054     1.480 r  rl_system_luban7020_i/rl_accel_0/inst/u_accel/u_core/g_dual_gemm.u_gemm/u_mac_b/sum4_reg[7][1][23]_i_1__0/O[0]
                         net (fo=1, routed)           0.000     1.480    rl_system_luban7020_i/rl_accel_0/inst/u_accel/u_core/g_dual_gemm.u_gemm/u_mac_b/sum4_reg[7][1][23]_i_1__0_n_7
    SLICE_X93Y100        FDRE                                         r  rl_system_luban7020_i/rl_accel_0/inst/u_accel/u_core/g_dual_gemm.u_gemm/u_mac_b/sum4_reg[7][1][20]/D
  -------------------------------------------------------------------    -------------------

                         (clock clk_fpga_0 rise edge)
                                                      0.000     0.000 r  <hidden>
    PS7_X0Y0             PS7                          0.000     0.000 r  rl_system_luban7020_i/ps7/inst/PS7_i/FCLKCLK[0]
                         net (fo=1, routed)           0.337     0.337    rl_system_luban7020_i/ps7/inst/FCLK_CLK_unbuffered[0]
    BUFGCTRL_X0Y16       BUFG (Prop_bufg_I_O)         0.029     0.366 r  rl_system_luban7020_i/ps7/inst/buffer_fclk_clk_0.FCLK_CLK_0_BUFG/O
                         net (fo=16934, routed)       0.963     1.329    rl_system_luban7020_i/rl_accel_0/inst/u_accel/u_core/g_dual_gemm.u_gemm/u_mac_b/s_axi_aclk
    SLICE_X93Y100        FDRE                                         r  rl_system_luban7020_i/rl_accel_0/inst/u_accel/u_core/g_dual_gemm.u_gemm/u_mac_b/sum4_reg[7][1][20]/C
                         clock pessimism             -0.035     1.294    <hidden>
    SLICE_X93Y100        FDRE (Hold_fdre_C_D)         0.105     1.399    rl_system_luban7020_i/rl_accel_0/inst/u_accel/u_core/g_dual_gemm.u_gemm/u_mac_b/sum4_reg[7][1][20]
  -------------------------------------------------------------------
                         required time                         -1.399    <hidden>
                         arrival time                           1.480    <hidden>
  -------------------------------------------------------------------
                         slack                                  0.081    <hidden>

Slack (MET) :             0.082ns  (arrival time - required time)
  Source:                 rl_system_luban7020_i/rl_accel_0/inst/u_accel/u_core/g_dual_gemm.u_gemm/quant_shifted_reg[14][13]/C
                            (rising edge-triggered cell FDRE clocked by clk_fpga_0  {rise@0.000ns fall@3.000ns period=6.000ns})
  Destination:            rl_system_luban7020_i/rl_accel_0/inst/u_accel/u_core/g_dual_gemm.u_gemm/quant_biased_reg[14][24]/D
                            (rising edge-triggered cell FDRE clocked by clk_fpga_0  {rise@0.000ns fall@3.000ns period=6.000ns})
  Path Group:             clk_fpga_0
  Path Type:              Hold (Min at Fast Process Corner)
  Requirement:            0.000ns  (clk_fpga_0 rise@0.000ns - clk_fpga_0 rise@0.000ns)
  Data Path Delay:        0.537ns  (logic 0.420ns (78.196%)  route 0.117ns (21.804%))
  Logic Levels:           4  (CARRY4=4)
  Clock Path Skew:        0.350ns (DCD - SCD - CPR)
    Destination Clock Delay (DCD):    1.277ns
    Source Clock Delay      (SCD):    0.892ns
    Clock Pessimism Removal (CPR):    0.035ns

    Location             Delay type                Incr(ns)  Path(ns)    Netlist Resource(s)
  -------------------------------------------------------------------    -------------------
                         (clock clk_fpga_0 rise edge)
                                                      0.000     0.000 r  <hidden>
    PS7_X0Y0             PS7                          0.000     0.000 r  rl_system_luban7020_i/ps7/inst/PS7_i/FCLKCLK[0]
                         net (fo=1, routed)           0.310     0.310    rl_system_luban7020_i/ps7/inst/FCLK_CLK_unbuffered[0]
    BUFGCTRL_X0Y16       BUFG (Prop_bufg_I_O)         0.026     0.336 r  rl_system_luban7020_i/ps7/inst/buffer_fclk_clk_0.FCLK_CLK_0_BUFG/O
                         net (fo=16934, routed)       0.556     0.892    rl_system_luban7020_i/rl_accel_0/inst/u_accel/u_core/g_dual_gemm.u_gemm/s_axi_aclk
    SLICE_X49Y98         FDRE                                         r  rl_system_luban7020_i/rl_accel_0/inst/u_accel/u_core/g_dual_gemm.u_gemm/quant_shifted_reg[14][13]/C
  -------------------------------------------------------------------    -------------------
    SLICE_X49Y98         FDRE (Prop_fdre_C_Q)         0.141     1.033 r  rl_system_luban7020_i/rl_accel_0/inst/u_accel/u_core/g_dual_gemm.u_gemm/quant_shifted_reg[14][13]/Q
                         net (fo=2, routed)           0.116     1.149    rl_system_luban7020_i/rl_accel_0/inst/u_accel/u_core/g_dual_gemm.u_gemm/quant_shifted_reg[14]_119[13]
    SLICE_X48Y97         CARRY4 (Prop_carry4_DI[1]_CO[3])
                                                      0.147     1.296 r  rl_system_luban7020_i/rl_accel_0/inst/u_accel/u_core/g_dual_gemm.u_gemm/quant_biased_reg[14][15]_i_1/CO[3]
                         net (fo=1, routed)           0.000     1.296    rl_system_luban7020_i/rl_accel_0/inst/u_accel/u_core/g_dual_gemm.u_gemm/quant_biased_reg[14][15]_i_1_n_0
    SLICE_X48Y98         CARRY4 (Prop_carry4_CI_CO[3])
                                                      0.039     1.335 r  rl_system_luban7020_i/rl_accel_0/inst/u_accel/u_core/g_dual_gemm.u_gemm/quant_biased_reg[14][19]_i_1/CO[3]
                         net (fo=1, routed)           0.000     1.335    rl_system_luban7020_i/rl_accel_0/inst/u_accel/u_core/g_dual_gemm.u_gemm/quant_biased_reg[14][19]_i_1_n_0
    SLICE_X48Y99         CARRY4 (Prop_carry4_CI_CO[3])
                                                      0.039     1.374 r  rl_system_luban7020_i/rl_accel_0/inst/u_accel/u_core/g_dual_gemm.u_gemm/quant_biased_reg[14][23]_i_1/CO[3]
                         net (fo=1, routed)           0.001     1.375    rl_system_luban7020_i/rl_accel_0/inst/u_accel/u_core/g_dual_gemm.u_gemm/quant_biased_reg[14][23]_i_1_n_0
    SLICE_X48Y100        CARRY4 (Prop_carry4_CI_O[0])
                                                      0.054     1.429 r  rl_system_luban7020_i/rl_accel_0/inst/u_accel/u_core/g_dual_gemm.u_gemm/quant_biased_reg[14][27]_i_1/O[0]
                         net (fo=1, routed)           0.000     1.429    rl_system_luban7020_i/rl_accel_0/inst/u_accel/u_core/g_dual_gemm.u_gemm/p_2_out[24]
    SLICE_X48Y100        FDRE                                         r  rl_system_luban7020_i/rl_accel_0/inst/u_accel/u_core/g_dual_gemm.u_gemm/quant_biased_reg[14][24]/D
  -------------------------------------------------------------------    -------------------

                         (clock clk_fpga_0 rise edge)
                                                      0.000     0.000 r  <hidden>
    PS7_X0Y0             PS7                          0.000     0.000 r  rl_system_luban7020_i/ps7/inst/PS7_i/FCLKCLK[0]
                         net (fo=1, routed)           0.337     0.337    rl_system_luban7020_i/ps7/inst/FCLK_CLK_unbuffered[0]
    BUFGCTRL_X0Y16       BUFG (Prop_bufg_I_O)         0.029     0.366 r  rl_system_luban7020_i/ps7/inst/buffer_fclk_clk_0.FCLK_CLK_0_BUFG/O
                         net (fo=16934, routed)       0.911     1.277    rl_system_luban7020_i/rl_accel_0/inst/u_accel/u_core/g_dual_gemm.u_gemm/s_axi_aclk
    SLICE_X48Y100        FDRE                                         r  rl_system_luban7020_i/rl_accel_0/inst/u_accel/u_core/g_dual_gemm.u_gemm/quant_biased_reg[14][24]/C
                         clock pessimism             -0.035     1.242    <hidden>
    SLICE_X48Y100        FDRE (Hold_fdre_C_D)         0.105     1.347    rl_system_luban7020_i/rl_accel_0/inst/u_accel/u_core/g_dual_gemm.u_gemm/quant_biased_reg[14][24]
  -------------------------------------------------------------------
                         required time                         -1.347    <hidden>
                         arrival time                           1.429    <hidden>
  -------------------------------------------------------------------
                         slack                                  0.082    <hidden>





Pulse Width Checks
--------------------------------------------------------------------------------------
Clock Name:         clk_fpga_0
Waveform(ns):       { 0.000 3.000 }
Period(ns):         6.000
Sources:            { rl_system_luban7020_i/ps7/inst/PS7_i/FCLKCLK[0] }

Check Type        Corner  Lib Pin      Reference Pin  Required(ns)  Actual(ns)  Slack(ns)  Location      Pin
Min Period        n/a     DSP48E1/CLK  n/a            3.272         6.000       2.728      DSP48_X4Y8    rl_system_luban7020_i/rl_accel_0/inst/u_accel/u_core/g_dual_gemm.u_gemm/u_mac/product_reg[0][0]/CLK
Min Period        n/a     DSP48E1/CLK  n/a            3.272         6.000       2.728      DSP48_X4Y9    rl_system_luban7020_i/rl_accel_0/inst/u_accel/u_core/g_dual_gemm.u_gemm/u_mac/product_reg[0][1]/CLK
Min Period        n/a     DSP48E1/CLK  n/a            3.272         6.000       2.728      DSP48_X3Y6    rl_system_luban7020_i/rl_accel_0/inst/u_accel/u_core/g_dual_gemm.u_gemm/u_mac/product_reg[0][2]/CLK
Min Period        n/a     DSP48E1/CLK  n/a            3.272         6.000       2.728      DSP48_X3Y12   rl_system_luban7020_i/rl_accel_0/inst/u_accel/u_core/g_dual_gemm.u_gemm/u_mac/product_reg[0][3]/CLK
Min Period        n/a     DSP48E1/CLK  n/a            3.272         6.000       2.728      DSP48_X2Y11   rl_system_luban7020_i/rl_accel_0/inst/u_accel/u_core/g_dual_gemm.u_gemm/u_mac/product_reg[0][4]/CLK
Min Period        n/a     DSP48E1/CLK  n/a            3.272         6.000       2.728      DSP48_X2Y14   rl_system_luban7020_i/rl_accel_0/inst/u_accel/u_core/g_dual_gemm.u_gemm/u_mac/product_reg[0][5]/CLK
Min Period        n/a     DSP48E1/CLK  n/a            3.272         6.000       2.728      DSP48_X2Y9    rl_system_luban7020_i/rl_accel_0/inst/u_accel/u_core/g_dual_gemm.u_gemm/u_mac/product_reg[0][6]/CLK
Min Period        n/a     DSP48E1/CLK  n/a            3.272         6.000       2.728      DSP48_X2Y12   rl_system_luban7020_i/rl_accel_0/inst/u_accel/u_core/g_dual_gemm.u_gemm/u_mac/product_reg[0][7]/CLK
Min Period        n/a     DSP48E1/CLK  n/a            3.272         6.000       2.728      DSP48_X3Y11   rl_system_luban7020_i/rl_accel_0/inst/u_accel/u_core/g_dual_gemm.u_gemm/u_mac/product_reg[1][0]/CLK
Min Period        n/a     DSP48E1/CLK  n/a            3.272         6.000       2.728      DSP48_X3Y10   rl_system_luban7020_i/rl_accel_0/inst/u_accel/u_core/g_dual_gemm.u_gemm/u_mac/product_reg[1][1]/CLK
Min Period        n/a     DSP48E1/CLK  n/a            3.272         6.000       2.728      DSP48_X4Y10   rl_system_luban7020_i/rl_accel_0/inst/u_accel/u_core/g_dual_gemm.u_gemm/u_mac/product_reg[1][2]/CLK
Min Period        n/a     DSP48E1/CLK  n/a            3.272         6.000       2.728      DSP48_X4Y11   rl_system_luban7020_i/rl_accel_0/inst/u_accel/u_core/g_dual_gemm.u_gemm/u_mac/product_reg[1][3]/CLK
Min Period        n/a     DSP48E1/CLK  n/a            3.272         6.000       2.728      DSP48_X2Y4    rl_system_luban7020_i/rl_accel_0/inst/u_accel/u_core/g_dual_gemm.u_gemm/u_mac/product_reg[1][4]/CLK
Min Period        n/a     DSP48E1/CLK  n/a            3.272         6.000       2.728      DSP48_X3Y5    rl_system_luban7020_i/rl_accel_0/inst/u_accel/u_core/g_dual_gemm.u_gemm/u_mac/product_reg[1][5]/CLK
Min Period        n/a     DSP48E1/CLK  n/a            3.272         6.000       2.728      DSP48_X3Y14   rl_system_luban7020_i/rl_accel_0/inst/u_accel/u_core/g_dual_gemm.u_gemm/u_mac/product_reg[1][6]/CLK
Min Period        n/a     DSP48E1/CLK  n/a            3.272         6.000       2.728      DSP48_X4Y12   rl_system_luban7020_i/rl_accel_0/inst/u_accel/u_core/g_dual_gemm.u_gemm/u_mac/product_reg[1][7]/CLK
Min Period        n/a     DSP48E1/CLK  n/a            3.272         6.000       2.728      DSP48_X3Y3    rl_system_luban7020_i/rl_accel_0/inst/u_accel/u_core/g_dual_gemm.u_gemm/u_mac/product_reg[2][0]/CLK
Min Period        n/a     DSP48E1/CLK  n/a            3.272         6.000       2.728      DSP48_X4Y6    rl_system_luban7020_i/rl_accel_0/inst/u_accel/u_core/g_dual_gemm.u_gemm/u_mac/product_reg[2][1]/CLK
Min Period        n/a     DSP48E1/CLK  n/a            3.272         6.000       2.728      DSP48_X2Y8    rl_system_luban7020_i/rl_accel_0/inst/u_accel/u_core/g_dual_gemm.u_gemm/u_mac/product_reg[2][2]/CLK
Min Period        n/a     DSP48E1/CLK  n/a            3.272         6.000       2.728      DSP48_X2Y13   rl_system_luban7020_i/rl_accel_0/inst/u_accel/u_core/g_dual_gemm.u_gemm/u_mac/product_reg[2][3]/CLK
Low Pulse Width   Slow    RAMD32/CLK   n/a            1.130         3.000       1.870      SLICE_X14Y47  rl_system_luban7020_i/hp_ic/s00_couplers/auto_pc/inst/gen_axi4_axi3.axi3_conv_inst/USE_READ.USE_SPLIT_R.read_addr_inst/USE_R_CHANNEL.cmd_queue/inst/fifo_gen_inst/<hidden>/<hidden>/<hidden>/<hidden>/<hidden>/<hidden>/<hidden>/<hidden>
Low Pulse Width   Fast    RAMD32/CLK   n/a            1.130         3.000       1.870      SLICE_X14Y47  rl_system_luban7020_i/hp_ic/s00_couplers/auto_pc/inst/gen_axi4_axi3.axi3_conv_inst/USE_READ.USE_SPLIT_R.read_addr_inst/USE_R_CHANNEL.cmd_queue/inst/fifo_gen_inst/<hidden>/<hidden>/<hidden>/<hidden>/<hidden>/<hidden>/<hidden>/<hidden>
Low Pulse Width   Slow    RAMD32/CLK   n/a            1.130         3.000       1.870      SLICE_X14Y47  rl_system_luban7020_i/hp_ic/s00_couplers/auto_pc/inst/gen_axi4_axi3.axi3_conv_inst/USE_READ.USE_SPLIT_R.read_addr_inst/USE_R_CHANNEL.cmd_queue/inst/fifo_gen_inst/<hidden>/<hidden>/<hidden>/<hidden>/<hidden>/<hidden>/<hidden>/<hidden>
Low Pulse Width   Fast    RAMD32/CLK   n/a            1.130         3.000       1.870      SLICE_X14Y47  rl_system_luban7020_i/hp_ic/s00_couplers/auto_pc/inst/gen_axi4_axi3.axi3_conv_inst/USE_READ.USE_SPLIT_R.read_addr_inst/USE_R_CHANNEL.cmd_queue/inst/fifo_gen_inst/<hidden>/<hidden>/<hidden>/<hidden>/<hidden>/<hidden>/<hidden>/<hidden>
Low Pulse Width   Slow    RAMD32/CLK   n/a            1.130         3.000       1.870      SLICE_X50Y20  rl_system_luban7020_i/rl_accel_0/inst/u_accel/u_core/u_weight_streamer/buffer_reg_0_1_0_0/DP/CLK
Low Pulse Width   Fast    RAMD32/CLK   n/a            1.130         3.000       1.870      SLICE_X50Y20  rl_system_luban7020_i/rl_accel_0/inst/u_accel/u_core/u_weight_streamer/buffer_reg_0_1_0_0/DP/CLK
Low Pulse Width   Slow    RAMD32/CLK   n/a            1.130         3.000       1.870      SLICE_X50Y20  rl_system_luban7020_i/rl_accel_0/inst/u_accel/u_core/u_weight_streamer/buffer_reg_0_1_0_0/SP/CLK
Low Pulse Width   Fast    RAMD32/CLK   n/a            1.130         3.000       1.870      SLICE_X50Y20  rl_system_luban7020_i/rl_accel_0/inst/u_accel/u_core/u_weight_streamer/buffer_reg_0_1_0_0/SP/CLK
Low Pulse Width   Slow    RAMD32/CLK   n/a            1.130         3.000       1.870      SLICE_X22Y22  rl_system_luban7020_i/rl_accel_0/inst/u_accel/u_core/u_weight_streamer/buffer_reg_0_1_1000_1000/DP/CLK
Low Pulse Width   Fast    RAMD32/CLK   n/a            1.130         3.000       1.870      SLICE_X22Y22  rl_system_luban7020_i/rl_accel_0/inst/u_accel/u_core/u_weight_streamer/buffer_reg_0_1_1000_1000/DP/CLK
Low Pulse Width   Slow    RAMD32/CLK   n/a            1.130         3.000       1.870      SLICE_X22Y22  rl_system_luban7020_i/rl_accel_0/inst/u_accel/u_core/u_weight_streamer/buffer_reg_0_1_1000_1000/SP/CLK
Low Pulse Width   Fast    RAMD32/CLK   n/a            1.130         3.000       1.870      SLICE_X22Y22  rl_system_luban7020_i/rl_accel_0/inst/u_accel/u_core/u_weight_streamer/buffer_reg_0_1_1000_1000/SP/CLK
Low Pulse Width   Slow    RAMD32/CLK   n/a            1.130         3.000       1.870      SLICE_X22Y22  rl_system_luban7020_i/rl_accel_0/inst/u_accel/u_core/u_weight_streamer/buffer_reg_0_1_1001_1001/DP/CLK
Low Pulse Width   Fast    RAMD32/CLK   n/a            1.130         3.000       1.870      SLICE_X22Y22  rl_system_luban7020_i/rl_accel_0/inst/u_accel/u_core/u_weight_streamer/buffer_reg_0_1_1001_1001/DP/CLK
Low Pulse Width   Slow    RAMD32/CLK   n/a            1.130         3.000       1.870      SLICE_X22Y22  rl_system_luban7020_i/rl_accel_0/inst/u_accel/u_core/u_weight_streamer/buffer_reg_0_1_1001_1001/SP/CLK
Low Pulse Width   Fast    RAMD32/CLK   n/a            1.130         3.000       1.870      SLICE_X22Y22  rl_system_luban7020_i/rl_accel_0/inst/u_accel/u_core/u_weight_streamer/buffer_reg_0_1_1001_1001/SP/CLK
Low Pulse Width   Slow    RAMD32/CLK   n/a            1.130         3.000       1.870      SLICE_X22Y22  rl_system_luban7020_i/rl_accel_0/inst/u_accel/u_core/u_weight_streamer/buffer_reg_0_1_1002_1002/DP/CLK
Low Pulse Width   Fast    RAMD32/CLK   n/a            1.130         3.000       1.870      SLICE_X22Y22  rl_system_luban7020_i/rl_accel_0/inst/u_accel/u_core/u_weight_streamer/buffer_reg_0_1_1002_1002/DP/CLK
Low Pulse Width   Slow    RAMD32/CLK   n/a            1.130         3.000       1.870      SLICE_X22Y22  rl_system_luban7020_i/rl_accel_0/inst/u_accel/u_core/u_weight_streamer/buffer_reg_0_1_1002_1002/SP/CLK
Low Pulse Width   Fast    RAMD32/CLK   n/a            1.130         3.000       1.870      SLICE_X22Y22  rl_system_luban7020_i/rl_accel_0/inst/u_accel/u_core/u_weight_streamer/buffer_reg_0_1_1002_1002/SP/CLK
High Pulse Width  Slow    RAMD32/CLK   n/a            1.130         3.000       1.870      SLICE_X14Y47  rl_system_luban7020_i/hp_ic/s00_couplers/auto_pc/inst/gen_axi4_axi3.axi3_conv_inst/USE_READ.USE_SPLIT_R.read_addr_inst/USE_R_CHANNEL.cmd_queue/inst/fifo_gen_inst/<hidden>/<hidden>/<hidden>/<hidden>/<hidden>/<hidden>/<hidden>/<hidden>
High Pulse Width  Fast    RAMD32/CLK   n/a            1.130         3.000       1.870      SLICE_X14Y47  rl_system_luban7020_i/hp_ic/s00_couplers/auto_pc/inst/gen_axi4_axi3.axi3_conv_inst/USE_READ.USE_SPLIT_R.read_addr_inst/USE_R_CHANNEL.cmd_queue/inst/fifo_gen_inst/<hidden>/<hidden>/<hidden>/<hidden>/<hidden>/<hidden>/<hidden>/<hidden>
High Pulse Width  Slow    RAMD32/CLK   n/a            1.130         3.000       1.870      SLICE_X14Y47  rl_system_luban7020_i/hp_ic/s00_couplers/auto_pc/inst/gen_axi4_axi3.axi3_conv_inst/USE_READ.USE_SPLIT_R.read_addr_inst/USE_R_CHANNEL.cmd_queue/inst/fifo_gen_inst/<hidden>/<hidden>/<hidden>/<hidden>/<hidden>/<hidden>/<hidden>/<hidden>
High Pulse Width  Fast    RAMD32/CLK   n/a            1.130         3.000       1.870      SLICE_X14Y47  rl_system_luban7020_i/hp_ic/s00_couplers/auto_pc/inst/gen_axi4_axi3.axi3_conv_inst/USE_READ.USE_SPLIT_R.read_addr_inst/USE_R_CHANNEL.cmd_queue/inst/fifo_gen_inst/<hidden>/<hidden>/<hidden>/<hidden>/<hidden>/<hidden>/<hidden>/<hidden>
High Pulse Width  Slow    RAMD32/CLK   n/a            1.130         3.000       1.870      SLICE_X50Y20  rl_system_luban7020_i/rl_accel_0/inst/u_accel/u_core/u_weight_streamer/buffer_reg_0_1_0_0/DP/CLK
High Pulse Width  Fast    RAMD32/CLK   n/a            1.130         3.000       1.870      SLICE_X50Y20  rl_system_luban7020_i/rl_accel_0/inst/u_accel/u_core/u_weight_streamer/buffer_reg_0_1_0_0/DP/CLK
High Pulse Width  Slow    RAMD32/CLK   n/a            1.130         3.000       1.870      SLICE_X50Y20  rl_system_luban7020_i/rl_accel_0/inst/u_accel/u_core/u_weight_streamer/buffer_reg_0_1_0_0/SP/CLK
High Pulse Width  Fast    RAMD32/CLK   n/a            1.130         3.000       1.870      SLICE_X50Y20  rl_system_luban7020_i/rl_accel_0/inst/u_accel/u_core/u_weight_streamer/buffer_reg_0_1_0_0/SP/CLK
High Pulse Width  Slow    RAMD32/CLK   n/a            1.130         3.000       1.870      SLICE_X22Y22  rl_system_luban7020_i/rl_accel_0/inst/u_accel/u_core/u_weight_streamer/buffer_reg_0_1_1000_1000/DP/CLK
High Pulse Width  Fast    RAMD32/CLK   n/a            1.130         3.000       1.870      SLICE_X22Y22  rl_system_luban7020_i/rl_accel_0/inst/u_accel/u_core/u_weight_streamer/buffer_reg_0_1_1000_1000/DP/CLK
High Pulse Width  Slow    RAMD32/CLK   n/a            1.130         3.000       1.870      SLICE_X22Y22  rl_system_luban7020_i/rl_accel_0/inst/u_accel/u_core/u_weight_streamer/buffer_reg_0_1_1000_1000/SP/CLK
High Pulse Width  Fast    RAMD32/CLK   n/a            1.130         3.000       1.870      SLICE_X22Y22  rl_system_luban7020_i/rl_accel_0/inst/u_accel/u_core/u_weight_streamer/buffer_reg_0_1_1000_1000/SP/CLK
High Pulse Width  Slow    RAMD32/CLK   n/a            1.130         3.000       1.870      SLICE_X22Y22  rl_system_luban7020_i/rl_accel_0/inst/u_accel/u_core/u_weight_streamer/buffer_reg_0_1_1001_1001/DP/CLK
High Pulse Width  Fast    RAMD32/CLK   n/a            1.130         3.000       1.870      SLICE_X22Y22  rl_system_luban7020_i/rl_accel_0/inst/u_accel/u_core/u_weight_streamer/buffer_reg_0_1_1001_1001/DP/CLK
High Pulse Width  Slow    RAMD32/CLK   n/a            1.130         3.000       1.870      SLICE_X22Y22  rl_system_luban7020_i/rl_accel_0/inst/u_accel/u_core/u_weight_streamer/buffer_reg_0_1_1001_1001/SP/CLK
High Pulse Width  Fast    RAMD32/CLK   n/a            1.130         3.000       1.870      SLICE_X22Y22  rl_system_luban7020_i/rl_accel_0/inst/u_accel/u_core/u_weight_streamer/buffer_reg_0_1_1001_1001/SP/CLK
High Pulse Width  Slow    RAMD32/CLK   n/a            1.130         3.000       1.870      SLICE_X22Y22  rl_system_luban7020_i/rl_accel_0/inst/u_accel/u_core/u_weight_streamer/buffer_reg_0_1_1002_1002/DP/CLK
High Pulse Width  Fast    RAMD32/CLK   n/a            1.130         3.000       1.870      SLICE_X22Y22  rl_system_luban7020_i/rl_accel_0/inst/u_accel/u_core/u_weight_streamer/buffer_reg_0_1_1002_1002/DP/CLK
High Pulse Width  Slow    RAMD32/CLK   n/a            1.130         3.000       1.870      SLICE_X22Y22  rl_system_luban7020_i/rl_accel_0/inst/u_accel/u_core/u_weight_streamer/buffer_reg_0_1_1002_1002/SP/CLK
High Pulse Width  Fast    RAMD32/CLK   n/a            1.130         3.000       1.870      SLICE_X22Y22  rl_system_luban7020_i/rl_accel_0/inst/u_accel/u_core/u_weight_streamer/buffer_reg_0_1_1002_1002/SP/CLK



---------------------------------------------------------------------------------------------------
Path Group:  **async_default**
From Clock:  clk_fpga_0
  To Clock:  clk_fpga_0

Setup :            0  Failing Endpoints,  Worst Slack        3.751ns,  Total Violation        0.000ns
Hold  :            0  Failing Endpoints,  Worst Slack        0.539ns,  Total Violation        0.000ns
---------------------------------------------------------------------------------------------------


Max Delay Paths
--------------------------------------------------------------------------------------
Slack (MET) :             3.751ns  (required time - arrival time)
  Source:                 rl_system_luban7020_i/hp_ic/s00_couplers/auto_pc/inst/gen_axi4_axi3.axi3_conv_inst/USE_READ.USE_SPLIT_R.read_addr_inst/USE_R_CHANNEL.cmd_queue/inst/fifo_gen_inst/<hidden>/<hidden>/<hidden>/<hidden>/<hidden>/<hidden>
                            (rising edge-triggered cell FDRE clocked by clk_fpga_0  {rise@0.000ns fall@3.000ns period=6.000ns})
  Destination:            rl_system_luban7020_i/hp_ic/s00_couplers/auto_pc/inst/gen_axi4_axi3.axi3_conv_inst/USE_READ.USE_SPLIT_R.read_addr_inst/USE_R_CHANNEL.cmd_queue/inst/fifo_gen_inst/<hidden>/<hidden>/<hidden>/<hidden>/<hidden>/<hidden>/<hidden>
                            (recovery check against rising-edge clock clk_fpga_0  {rise@0.000ns fall@3.000ns period=6.000ns})
  Path Group:             **async_default**
  Path Type:              Recovery (Max at Slow Process Corner)
  Requirement:            6.000ns  (clk_fpga_0 rise@6.000ns - clk_fpga_0 rise@0.000ns)
  Data Path Delay:        1.796ns  (logic 0.587ns (32.680%)  route 1.209ns (67.320%))
  Logic Levels:           1  (LUT3=1)
  Clock Path Skew:        -0.064ns (DCD - SCD + CPR)
    Destination Clock Delay (DCD):    2.307ns = ( 8.307 - 6.000 ) 
    Source Clock Delay      (SCD):    2.564ns
    Clock Pessimism Removal (CPR):    0.193ns
  Clock Uncertainty:      0.097ns  ((TSJ^2 + TIJ^2)^1/2 + DJ) / 2 + PE
    Total System Jitter     (TSJ):    0.071ns
    Total Input Jitter      (TIJ):    0.180ns
    Discrete Jitter          (DJ):    0.000ns
    Phase Error              (PE):    0.000ns

    Location             Delay type                Incr(ns)  Path(ns)    Netlist Resource(s)
  -------------------------------------------------------------------    -------------------
                         (clock clk_fpga_0 rise edge)
                                                      0.000     0.000 r  <hidden>
    PS7_X0Y0             PS7                          0.000     0.000 r  rl_system_luban7020_i/ps7/inst/PS7_i/FCLKCLK[0]
                         net (fo=1, routed)           0.994     0.994    rl_system_luban7020_i/ps7/inst/FCLK_CLK_unbuffered[0]
    BUFGCTRL_X0Y16       BUFG (Prop_bufg_I_O)         0.085     1.079 r  rl_system_luban7020_i/ps7/inst/buffer_fclk_clk_0.FCLK_CLK_0_BUFG/O
                         net (fo=16934, routed)       1.485     2.564    rl_system_luban7020_i/hp_ic/s00_couplers/auto_pc/inst/gen_axi4_axi3.axi3_conv_inst/USE_READ.USE_SPLIT_R.read_addr_inst/USE_R_CHANNEL.cmd_queue/inst/fifo_gen_inst/<hidden>/<hidden>/<hidden>/<hidden>/<hidden>
    SLICE_X15Y47         FDRE                                         r  rl_system_luban7020_i/hp_ic/s00_couplers/auto_pc/inst/gen_axi4_axi3.axi3_conv_inst/USE_READ.USE_SPLIT_R.read_addr_inst/USE_R_CHANNEL.cmd_queue/inst/fifo_gen_inst/<hidden>/<hidden>/<hidden>/<hidden>/<hidden>/<hidden>
  -------------------------------------------------------------------    -------------------
    SLICE_X15Y47         FDRE (Prop_fdre_C_Q)         0.348     2.912 f  rl_system_luban7020_i/hp_ic/s00_couplers/auto_pc/inst/gen_axi4_axi3.axi3_conv_inst/USE_READ.USE_SPLIT_R.read_addr_inst/USE_R_CHANNEL.cmd_queue/inst/fifo_gen_inst/<hidden>/<hidden>/<hidden>/<hidden>/<hidden>/<hidden>
                         net (fo=1, routed)           0.655     3.567    rl_system_luban7020_i/hp_ic/s00_couplers/auto_pc/inst/gen_axi4_axi3.axi3_conv_inst/USE_READ.USE_SPLIT_R.read_addr_inst/USE_R_CHANNEL.cmd_queue/inst/fifo_gen_inst/<hidden>/<hidden>/<hidden>/<hidden>/<hidden>
    SLICE_X14Y47         LUT3 (Prop_lut3_I0_O)        0.239     3.806 f  rl_system_luban7020_i/hp_ic/s00_couplers/auto_pc/inst/gen_axi4_axi3.axi3_conv_inst/USE_READ.USE_SPLIT_R.read_addr_inst/USE_R_CHANNEL.cmd_queue/inst/fifo_gen_inst/<hidden>/<hidden>/<hidden>/<hidden>/<hidden>/<hidden>
                         net (fo=33, routed)          0.554     4.360    rl_system_luban7020_i/hp_ic/s00_couplers/auto_pc/inst/gen_axi4_axi3.axi3_conv_inst/USE_READ.USE_SPLIT_R.read_addr_inst/USE_R_CHANNEL.cmd_queue/inst/fifo_gen_inst/<hidden>/<hidden>/<hidden>/<hidden>/<hidden>/<hidden>
    SLICE_X20Y46         FDPE                                         f  rl_system_luban7020_i/hp_ic/s00_couplers/auto_pc/inst/gen_axi4_axi3.axi3_conv_inst/USE_READ.USE_SPLIT_R.read_addr_inst/USE_R_CHANNEL.cmd_queue/inst/fifo_gen_inst/<hidden>/<hidden>/<hidden>/<hidden>/<hidden>/<hidden>/<hidden>
  -------------------------------------------------------------------    -------------------

                         (clock clk_fpga_0 rise edge)
                                                      6.000     6.000 r  <hidden>
    PS7_X0Y0             PS7                          0.000     6.000 r  rl_system_luban7020_i/ps7/inst/PS7_i/FCLKCLK[0]
                         net (fo=1, routed)           0.905     6.905    rl_system_luban7020_i/ps7/inst/FCLK_CLK_unbuffered[0]
    BUFGCTRL_X0Y16       BUFG (Prop_bufg_I_O)         0.077     6.983 r  rl_system_luban7020_i/ps7/inst/buffer_fclk_clk_0.FCLK_CLK_0_BUFG/O
                         net (fo=16934, routed)       1.325     8.307    rl_system_luban7020_i/hp_ic/s00_couplers/auto_pc/inst/gen_axi4_axi3.axi3_conv_inst/USE_READ.USE_SPLIT_R.read_addr_inst/USE_R_CHANNEL.cmd_queue/inst/fifo_gen_inst/<hidden>/<hidden>/<hidden>/<hidden>/<hidden>/<hidden>
    SLICE_X20Y46         FDPE                                         r  rl_system_luban7020_i/hp_ic/s00_couplers/auto_pc/inst/gen_axi4_axi3.axi3_conv_inst/USE_READ.USE_SPLIT_R.read_addr_inst/USE_R_CHANNEL.cmd_queue/inst/fifo_gen_inst/<hidden>/<hidden>/<hidden>/<hidden>/<hidden>/<hidden>/<hidden>
                         clock pessimism              0.193     8.500    <hidden>
                         clock uncertainty           -0.097     8.403    <hidden>
    SLICE_X20Y46         FDPE (Recov_fdpe_C_PRE)     -0.292     8.111    rl_system_luban7020_i/hp_ic/s00_couplers/auto_pc/inst/gen_axi4_axi3.axi3_conv_inst/USE_READ.USE_SPLIT_R.read_addr_inst/USE_R_CHANNEL.cmd_queue/inst/fifo_gen_inst/<hidden>/<hidden>/<hidden>/<hidden>/<hidden>/<hidden>
  -------------------------------------------------------------------
                         required time                          8.111    <hidden>
                         arrival time                          -4.360    <hidden>
  -------------------------------------------------------------------
                         slack                                  3.751    <hidden>

Slack (MET) :             3.886ns  (required time - arrival time)
  Source:                 rl_system_luban7020_i/hp_ic/s00_couplers/auto_pc/inst/gen_axi4_axi3.axi3_conv_inst/USE_READ.USE_SPLIT_R.read_addr_inst/USE_R_CHANNEL.cmd_queue/inst/fifo_gen_inst/<hidden>/<hidden>/<hidden>/<hidden>/<hidden>/<hidden>
                            (rising edge-triggered cell FDRE clocked by clk_fpga_0  {rise@0.000ns fall@3.000ns period=6.000ns})
  Destination:            rl_system_luban7020_i/hp_ic/s00_couplers/auto_pc/inst/gen_axi4_axi3.axi3_conv_inst/USE_READ.USE_SPLIT_R.read_addr_inst/USE_R_CHANNEL.cmd_queue/inst/fifo_gen_inst/<hidden>/<hidden>/<hidden>/<hidden>/<hidden>/<hidden>/<hidden>
                            (recovery check against rising-edge clock clk_fpga_0  {rise@0.000ns fall@3.000ns period=6.000ns})
  Path Group:             **async_default**
  Path Type:              Recovery (Max at Slow Process Corner)
  Requirement:            6.000ns  (clk_fpga_0 rise@6.000ns - clk_fpga_0 rise@0.000ns)
  Data Path Delay:        1.659ns  (logic 0.587ns (35.388%)  route 1.072ns (64.612%))
  Logic Levels:           1  (LUT3=1)
  Clock Path Skew:        -0.028ns (DCD - SCD + CPR)
    Destination Clock Delay (DCD):    2.310ns = ( 8.310 - 6.000 ) 
    Source Clock Delay      (SCD):    2.564ns
    Clock Pessimism Removal (CPR):    0.226ns
  Clock Uncertainty:      0.097ns  ((TSJ^2 + TIJ^2)^1/2 + DJ) / 2 + PE
    Total System Jitter     (TSJ):    0.071ns
    Total Input Jitter      (TIJ):    0.180ns
    Discrete Jitter          (DJ):    0.000ns
    Phase Error              (PE):    0.000ns

    Location             Delay type                Incr(ns)  Path(ns)    Netlist Resource(s)
  -------------------------------------------------------------------    -------------------
                         (clock clk_fpga_0 rise edge)
                                                      0.000     0.000 r  <hidden>
    PS7_X0Y0             PS7                          0.000     0.000 r  rl_system_luban7020_i/ps7/inst/PS7_i/FCLKCLK[0]
                         net (fo=1, routed)           0.994     0.994    rl_system_luban7020_i/ps7/inst/FCLK_CLK_unbuffered[0]
    BUFGCTRL_X0Y16       BUFG (Prop_bufg_I_O)         0.085     1.079 r  rl_system_luban7020_i/ps7/inst/buffer_fclk_clk_0.FCLK_CLK_0_BUFG/O
                         net (fo=16934, routed)       1.485     2.564    rl_system_luban7020_i/hp_ic/s00_couplers/auto_pc/inst/gen_axi4_axi3.axi3_conv_inst/USE_READ.USE_SPLIT_R.read_addr_inst/USE_R_CHANNEL.cmd_queue/inst/fifo_gen_inst/<hidden>/<hidden>/<hidden>/<hidden>/<hidden>
    SLICE_X15Y47         FDRE                                         r  rl_system_luban7020_i/hp_ic/s00_couplers/auto_pc/inst/gen_axi4_axi3.axi3_conv_inst/USE_READ.USE_SPLIT_R.read_addr_inst/USE_R_CHANNEL.cmd_queue/inst/fifo_gen_inst/<hidden>/<hidden>/<hidden>/<hidden>/<hidden>/<hidden>
  -------------------------------------------------------------------    -------------------
    SLICE_X15Y47         FDRE (Prop_fdre_C_Q)         0.348     2.912 f  rl_system_luban7020_i/hp_ic/s00_couplers/auto_pc/inst/gen_axi4_axi3.axi3_conv_inst/USE_READ.USE_SPLIT_R.read_addr_inst/USE_R_CHANNEL.cmd_queue/inst/fifo_gen_inst/<hidden>/<hidden>/<hidden>/<hidden>/<hidden>/<hidden>
                         net (fo=1, routed)           0.655     3.567    rl_system_luban7020_i/hp_ic/s00_couplers/auto_pc/inst/gen_axi4_axi3.axi3_conv_inst/USE_READ.USE_SPLIT_R.read_addr_inst/USE_R_CHANNEL.cmd_queue/inst/fifo_gen_inst/<hidden>/<hidden>/<hidden>/<hidden>/<hidden>
    SLICE_X14Y47         LUT3 (Prop_lut3_I0_O)        0.239     3.806 f  rl_system_luban7020_i/hp_ic/s00_couplers/auto_pc/inst/gen_axi4_axi3.axi3_conv_inst/USE_READ.USE_SPLIT_R.read_addr_inst/USE_R_CHANNEL.cmd_queue/inst/fifo_gen_inst/<hidden>/<hidden>/<hidden>/<hidden>/<hidden>/<hidden>
                         net (fo=33, routed)          0.417     4.223    rl_system_luban7020_i/hp_ic/s00_couplers/auto_pc/inst/gen_axi4_axi3.axi3_conv_inst/USE_READ.USE_SPLIT_R.read_addr_inst/USE_R_CHANNEL.cmd_queue/inst/fifo_gen_inst/<hidden>/<hidden>/<hidden>/<hidden>/<hidden>/<hidden>
    SLICE_X13Y46         FDCE                                         f  rl_system_luban7020_i/hp_ic/s00_couplers/auto_pc/inst/gen_axi4_axi3.axi3_conv_inst/USE_READ.USE_SPLIT_R.read_addr_inst/USE_R_CHANNEL.cmd_queue/inst/fifo_gen_inst/<hidden>/<hidden>/<hidden>/<hidden>/<hidden>/<hidden>/<hidden>
  -------------------------------------------------------------------    -------------------

                         (clock clk_fpga_0 rise edge)
                                                      6.000     6.000 r  <hidden>
    PS7_X0Y0             PS7                          0.000     6.000 r  rl_system_luban7020_i/ps7/inst/PS7_i/FCLKCLK[0]
                         net (fo=1, routed)           0.905     6.905    rl_system_luban7020_i/ps7/inst/FCLK_CLK_unbuffered[0]
    BUFGCTRL_X0Y16       BUFG (Prop_bufg_I_O)         0.077     6.983 r  rl_system_luban7020_i/ps7/inst/buffer_fclk_clk_0.FCLK_CLK_0_BUFG/O
                         net (fo=16934, routed)       1.328     8.310    rl_system_luban7020_i/hp_ic/s00_couplers/auto_pc/inst/gen_axi4_axi3.axi3_conv_inst/USE_READ.USE_SPLIT_R.read_addr_inst/USE_R_CHANNEL.cmd_queue/inst/fifo_gen_inst/<hidden>/<hidden>/<hidden>/<hidden>/<hidden>/<hidden>
    SLICE_X13Y46         FDCE                                         r  rl_system_luban7020_i/hp_ic/s00_couplers/auto_pc/inst/gen_axi4_axi3.axi3_conv_inst/USE_READ.USE_SPLIT_R.read_addr_inst/USE_R_CHANNEL.cmd_queue/inst/fifo_gen_inst/<hidden>/<hidden>/<hidden>/<hidden>/<hidden>/<hidden>/<hidden>
                         clock pessimism              0.226     8.536    <hidden>
                         clock uncertainty           -0.097     8.439    <hidden>
    SLICE_X13Y46         FDCE (Recov_fdce_C_CLR)     -0.331     8.108    rl_system_luban7020_i/hp_ic/s00_couplers/auto_pc/inst/gen_axi4_axi3.axi3_conv_inst/USE_READ.USE_SPLIT_R.read_addr_inst/USE_R_CHANNEL.cmd_queue/inst/fifo_gen_inst/<hidden>/<hidden>/<hidden>/<hidden>/<hidden>/<hidden>
  -------------------------------------------------------------------
                         required time                          8.108    <hidden>
                         arrival time                          -4.223    <hidden>
  -------------------------------------------------------------------
                         slack                                  3.886    <hidden>

Slack (MET) :             3.886ns  (required time - arrival time)
  Source:                 rl_system_luban7020_i/hp_ic/s00_couplers/auto_pc/inst/gen_axi4_axi3.axi3_conv_inst/USE_READ.USE_SPLIT_R.read_addr_inst/USE_R_CHANNEL.cmd_queue/inst/fifo_gen_inst/<hidden>/<hidden>/<hidden>/<hidden>/<hidden>/<hidden>
                            (rising edge-triggered cell FDRE clocked by clk_fpga_0  {rise@0.000ns fall@3.000ns period=6.000ns})
  Destination:            rl_system_luban7020_i/hp_ic/s00_couplers/auto_pc/inst/gen_axi4_axi3.axi3_conv_inst/USE_READ.USE_SPLIT_R.read_addr_inst/USE_R_CHANNEL.cmd_queue/inst/fifo_gen_inst/<hidden>/<hidden>/<hidden>/<hidden>/<hidden>/<hidden>/<hidden>
                            (recovery check against rising-edge clock clk_fpga_0  {rise@0.000ns fall@3.000ns period=6.000ns})
  Path Group:             **async_default**
  Path Type:              Recovery (Max at Slow Process Corner)
  Requirement:            6.000ns  (clk_fpga_0 rise@6.000ns - clk_fpga_0 rise@0.000ns)
  Data Path Delay:        1.659ns  (logic 0.587ns (35.388%)  route 1.072ns (64.612%))
  Logic Levels:           1  (LUT3=1)
  Clock Path Skew:        -0.028ns (DCD - SCD + CPR)
    Destination Clock Delay (DCD):    2.310ns = ( 8.310 - 6.000 ) 
    Source Clock Delay      (SCD):    2.564ns
    Clock Pessimism Removal (CPR):    0.226ns
  Clock Uncertainty:      0.097ns  ((TSJ^2 + TIJ^2)^1/2 + DJ) / 2 + PE
    Total System Jitter     (TSJ):    0.071ns
    Total Input Jitter      (TIJ):    0.180ns
    Discrete Jitter          (DJ):    0.000ns
    Phase Error              (PE):    0.000ns

    Location             Delay type                Incr(ns)  Path(ns)    Netlist Resource(s)
  -------------------------------------------------------------------    -------------------
                         (clock clk_fpga_0 rise edge)
                                                      0.000     0.000 r  <hidden>
    PS7_X0Y0             PS7                          0.000     0.000 r  rl_system_luban7020_i/ps7/inst/PS7_i/FCLKCLK[0]
                         net (fo=1, routed)           0.994     0.994    rl_system_luban7020_i/ps7/inst/FCLK_CLK_unbuffered[0]
    BUFGCTRL_X0Y16       BUFG (Prop_bufg_I_O)         0.085     1.079 r  rl_system_luban7020_i/ps7/inst/buffer_fclk_clk_0.FCLK_CLK_0_BUFG/O
                         net (fo=16934, routed)       1.485     2.564    rl_system_luban7020_i/hp_ic/s00_couplers/auto_pc/inst/gen_axi4_axi3.axi3_conv_inst/USE_READ.USE_SPLIT_R.read_addr_inst/USE_R_CHANNEL.cmd_queue/inst/fifo_gen_inst/<hidden>/<hidden>/<hidden>/<hidden>/<hidden>
    SLICE_X15Y47         FDRE                                         r  rl_system_luban7020_i/hp_ic/s00_couplers/auto_pc/inst/gen_axi4_axi3.axi3_conv_inst/USE_READ.USE_SPLIT_R.read_addr_inst/USE_R_CHANNEL.cmd_queue/inst/fifo_gen_inst/<hidden>/<hidden>/<hidden>/<hidden>/<hidden>/<hidden>
  -------------------------------------------------------------------    -------------------
    SLICE_X15Y47         FDRE (Prop_fdre_C_Q)         0.348     2.912 f  rl_system_luban7020_i/hp_ic/s00_couplers/auto_pc/inst/gen_axi4_axi3.axi3_conv_inst/USE_READ.USE_SPLIT_R.read_addr_inst/USE_R_CHANNEL.cmd_queue/inst/fifo_gen_inst/<hidden>/<hidden>/<hidden>/<hidden>/<hidden>/<hidden>
                         net (fo=1, routed)           0.655     3.567    rl_system_luban7020_i/hp_ic/s00_couplers/auto_pc/inst/gen_axi4_axi3.axi3_conv_inst/USE_READ.USE_SPLIT_R.read_addr_inst/USE_R_CHANNEL.cmd_queue/inst/fifo_gen_inst/<hidden>/<hidden>/<hidden>/<hidden>/<hidden>
    SLICE_X14Y47         LUT3 (Prop_lut3_I0_O)        0.239     3.806 f  rl_system_luban7020_i/hp_ic/s00_couplers/auto_pc/inst/gen_axi4_axi3.axi3_conv_inst/USE_READ.USE_SPLIT_R.read_addr_inst/USE_R_CHANNEL.cmd_queue/inst/fifo_gen_inst/<hidden>/<hidden>/<hidden>/<hidden>/<hidden>/<hidden>
                         net (fo=33, routed)          0.417     4.223    rl_system_luban7020_i/hp_ic/s00_couplers/auto_pc/inst/gen_axi4_axi3.axi3_conv_inst/USE_READ.USE_SPLIT_R.read_addr_inst/USE_R_CHANNEL.cmd_queue/inst/fifo_gen_inst/<hidden>/<hidden>/<hidden>/<hidden>/<hidden>/<hidden>
    SLICE_X13Y46         FDCE                                         f  rl_system_luban7020_i/hp_ic/s00_couplers/auto_pc/inst/gen_axi4_axi3.axi3_conv_inst/USE_READ.USE_SPLIT_R.read_addr_inst/USE_R_CHANNEL.cmd_queue/inst/fifo_gen_inst/<hidden>/<hidden>/<hidden>/<hidden>/<hidden>/<hidden>/<hidden>
  -------------------------------------------------------------------    -------------------

                         (clock clk_fpga_0 rise edge)
                                                      6.000     6.000 r  <hidden>
    PS7_X0Y0             PS7                          0.000     6.000 r  rl_system_luban7020_i/ps7/inst/PS7_i/FCLKCLK[0]
                         net (fo=1, routed)           0.905     6.905    rl_system_luban7020_i/ps7/inst/FCLK_CLK_unbuffered[0]
    BUFGCTRL_X0Y16       BUFG (Prop_bufg_I_O)         0.077     6.983 r  rl_system_luban7020_i/ps7/inst/buffer_fclk_clk_0.FCLK_CLK_0_BUFG/O
                         net (fo=16934, routed)       1.328     8.310    rl_system_luban7020_i/hp_ic/s00_couplers/auto_pc/inst/gen_axi4_axi3.axi3_conv_inst/USE_READ.USE_SPLIT_R.read_addr_inst/USE_R_CHANNEL.cmd_queue/inst/fifo_gen_inst/<hidden>/<hidden>/<hidden>/<hidden>/<hidden>/<hidden>
    SLICE_X13Y46         FDCE                                         r  rl_system_luban7020_i/hp_ic/s00_couplers/auto_pc/inst/gen_axi4_axi3.axi3_conv_inst/USE_READ.USE_SPLIT_R.read_addr_inst/USE_R_CHANNEL.cmd_queue/inst/fifo_gen_inst/<hidden>/<hidden>/<hidden>/<hidden>/<hidden>/<hidden>/<hidden>
                         clock pessimism              0.226     8.536    <hidden>
                         clock uncertainty           -0.097     8.439    <hidden>
    SLICE_X13Y46         FDCE (Recov_fdce_C_CLR)     -0.331     8.108    rl_system_luban7020_i/hp_ic/s00_couplers/auto_pc/inst/gen_axi4_axi3.axi3_conv_inst/USE_READ.USE_SPLIT_R.read_addr_inst/USE_R_CHANNEL.cmd_queue/inst/fifo_gen_inst/<hidden>/<hidden>/<hidden>/<hidden>/<hidden>/<hidden>
  -------------------------------------------------------------------
                         required time                          8.108    <hidden>
                         arrival time                          -4.223    <hidden>
  -------------------------------------------------------------------
                         slack                                  3.886    <hidden>

Slack (MET) :             3.886ns  (required time - arrival time)
  Source:                 rl_system_luban7020_i/hp_ic/s00_couplers/auto_pc/inst/gen_axi4_axi3.axi3_conv_inst/USE_READ.USE_SPLIT_R.read_addr_inst/USE_R_CHANNEL.cmd_queue/inst/fifo_gen_inst/<hidden>/<hidden>/<hidden>/<hidden>/<hidden>/<hidden>
                            (rising edge-triggered cell FDRE clocked by clk_fpga_0  {rise@0.000ns fall@3.000ns period=6.000ns})
  Destination:            rl_system_luban7020_i/hp_ic/s00_couplers/auto_pc/inst/gen_axi4_axi3.axi3_conv_inst/USE_READ.USE_SPLIT_R.read_addr_inst/USE_R_CHANNEL.cmd_queue/inst/fifo_gen_inst/<hidden>/<hidden>/<hidden>/<hidden>/<hidden>/<hidden>/<hidden>
                            (recovery check against rising-edge clock clk_fpga_0  {rise@0.000ns fall@3.000ns period=6.000ns})
  Path Group:             **async_default**
  Path Type:              Recovery (Max at Slow Process Corner)
  Requirement:            6.000ns  (clk_fpga_0 rise@6.000ns - clk_fpga_0 rise@0.000ns)
  Data Path Delay:        1.659ns  (logic 0.587ns (35.388%)  route 1.072ns (64.612%))
  Logic Levels:           1  (LUT3=1)
  Clock Path Skew:        -0.028ns (DCD - SCD + CPR)
    Destination Clock Delay (DCD):    2.310ns = ( 8.310 - 6.000 ) 
    Source Clock Delay      (SCD):    2.564ns
    Clock Pessimism Removal (CPR):    0.226ns
  Clock Uncertainty:      0.097ns  ((TSJ^2 + TIJ^2)^1/2 + DJ) / 2 + PE
    Total System Jitter     (TSJ):    0.071ns
    Total Input Jitter      (TIJ):    0.180ns
    Discrete Jitter          (DJ):    0.000ns
    Phase Error              (PE):    0.000ns

    Location             Delay type                Incr(ns)  Path(ns)    Netlist Resource(s)
  -------------------------------------------------------------------    -------------------
                         (clock clk_fpga_0 rise edge)
                                                      0.000     0.000 r  <hidden>
    PS7_X0Y0             PS7                          0.000     0.000 r  rl_system_luban7020_i/ps7/inst/PS7_i/FCLKCLK[0]
                         net (fo=1, routed)           0.994     0.994    rl_system_luban7020_i/ps7/inst/FCLK_CLK_unbuffered[0]
    BUFGCTRL_X0Y16       BUFG (Prop_bufg_I_O)         0.085     1.079 r  rl_system_luban7020_i/ps7/inst/buffer_fclk_clk_0.FCLK_CLK_0_BUFG/O
                         net (fo=16934, routed)       1.485     2.564    rl_system_luban7020_i/hp_ic/s00_couplers/auto_pc/inst/gen_axi4_axi3.axi3_conv_inst/USE_READ.USE_SPLIT_R.read_addr_inst/USE_R_CHANNEL.cmd_queue/inst/fifo_gen_inst/<hidden>/<hidden>/<hidden>/<hidden>/<hidden>
    SLICE_X15Y47         FDRE                                         r  rl_system_luban7020_i/hp_ic/s00_couplers/auto_pc/inst/gen_axi4_axi3.axi3_conv_inst/USE_READ.USE_SPLIT_R.read_addr_inst/USE_R_CHANNEL.cmd_queue/inst/fifo_gen_inst/<hidden>/<hidden>/<hidden>/<hidden>/<hidden>/<hidden>
  -------------------------------------------------------------------    -------------------
    SLICE_X15Y47         FDRE (Prop_fdre_C_Q)         0.348     2.912 f  rl_system_luban7020_i/hp_ic/s00_couplers/auto_pc/inst/gen_axi4_axi3.axi3_conv_inst/USE_READ.USE_SPLIT_R.read_addr_inst/USE_R_CHANNEL.cmd_queue/inst/fifo_gen_inst/<hidden>/<hidden>/<hidden>/<hidden>/<hidden>/<hidden>
                         net (fo=1, routed)           0.655     3.567    rl_system_luban7020_i/hp_ic/s00_couplers/auto_pc/inst/gen_axi4_axi3.axi3_conv_inst/USE_READ.USE_SPLIT_R.read_addr_inst/USE_R_CHANNEL.cmd_queue/inst/fifo_gen_inst/<hidden>/<hidden>/<hidden>/<hidden>/<hidden>
    SLICE_X14Y47         LUT3 (Prop_lut3_I0_O)        0.239     3.806 f  rl_system_luban7020_i/hp_ic/s00_couplers/auto_pc/inst/gen_axi4_axi3.axi3_conv_inst/USE_READ.USE_SPLIT_R.read_addr_inst/USE_R_CHANNEL.cmd_queue/inst/fifo_gen_inst/<hidden>/<hidden>/<hidden>/<hidden>/<hidden>/<hidden>
                         net (fo=33, routed)          0.417     4.223    rl_system_luban7020_i/hp_ic/s00_couplers/auto_pc/inst/gen_axi4_axi3.axi3_conv_inst/USE_READ.USE_SPLIT_R.read_addr_inst/USE_R_CHANNEL.cmd_queue/inst/fifo_gen_inst/<hidden>/<hidden>/<hidden>/<hidden>/<hidden>/<hidden>
    SLICE_X13Y46         FDCE                                         f  rl_system_luban7020_i/hp_ic/s00_couplers/auto_pc/inst/gen_axi4_axi3.axi3_conv_inst/USE_READ.USE_SPLIT_R.read_addr_inst/USE_R_CHANNEL.cmd_queue/inst/fifo_gen_inst/<hidden>/<hidden>/<hidden>/<hidden>/<hidden>/<hidden>/<hidden>
  -------------------------------------------------------------------    -------------------

                         (clock clk_fpga_0 rise edge)
                                                      6.000     6.000 r  <hidden>
    PS7_X0Y0             PS7                          0.000     6.000 r  rl_system_luban7020_i/ps7/inst/PS7_i/FCLKCLK[0]
                         net (fo=1, routed)           0.905     6.905    rl_system_luban7020_i/ps7/inst/FCLK_CLK_unbuffered[0]
    BUFGCTRL_X0Y16       BUFG (Prop_bufg_I_O)         0.077     6.983 r  rl_system_luban7020_i/ps7/inst/buffer_fclk_clk_0.FCLK_CLK_0_BUFG/O
                         net (fo=16934, routed)       1.328     8.310    rl_system_luban7020_i/hp_ic/s00_couplers/auto_pc/inst/gen_axi4_axi3.axi3_conv_inst/USE_READ.USE_SPLIT_R.read_addr_inst/USE_R_CHANNEL.cmd_queue/inst/fifo_gen_inst/<hidden>/<hidden>/<hidden>/<hidden>/<hidden>/<hidden>
    SLICE_X13Y46         FDCE                                         r  rl_system_luban7020_i/hp_ic/s00_couplers/auto_pc/inst/gen_axi4_axi3.axi3_conv_inst/USE_READ.USE_SPLIT_R.read_addr_inst/USE_R_CHANNEL.cmd_queue/inst/fifo_gen_inst/<hidden>/<hidden>/<hidden>/<hidden>/<hidden>/<hidden>/<hidden>
                         clock pessimism              0.226     8.536    <hidden>
                         clock uncertainty           -0.097     8.439    <hidden>
    SLICE_X13Y46         FDCE (Recov_fdce_C_CLR)     -0.331     8.108    rl_system_luban7020_i/hp_ic/s00_couplers/auto_pc/inst/gen_axi4_axi3.axi3_conv_inst/USE_READ.USE_SPLIT_R.read_addr_inst/USE_R_CHANNEL.cmd_queue/inst/fifo_gen_inst/<hidden>/<hidden>/<hidden>/<hidden>/<hidden>/<hidden>
  -------------------------------------------------------------------
                         required time                          8.108    <hidden>
                         arrival time                          -4.223    <hidden>
  -------------------------------------------------------------------
                         slack                                  3.886    <hidden>

Slack (MET) :             3.925ns  (required time - arrival time)
  Source:                 rl_system_luban7020_i/hp_ic/s00_couplers/auto_pc/inst/gen_axi4_axi3.axi3_conv_inst/USE_READ.USE_SPLIT_R.read_addr_inst/USE_R_CHANNEL.cmd_queue/inst/fifo_gen_inst/<hidden>/<hidden>/<hidden>/<hidden>/<hidden>/<hidden>
                            (rising edge-triggered cell FDRE clocked by clk_fpga_0  {rise@0.000ns fall@3.000ns period=6.000ns})
  Destination:            rl_system_luban7020_i/hp_ic/s00_couplers/auto_pc/inst/gen_axi4_axi3.axi3_conv_inst/USE_READ.USE_SPLIT_R.read_addr_inst/USE_R_CHANNEL.cmd_queue/inst/fifo_gen_inst/<hidden>/<hidden>/<hidden>/<hidden>/<hidden>/<hidden>/<hidden>
                            (recovery check against rising-edge clock clk_fpga_0  {rise@0.000ns fall@3.000ns period=6.000ns})
  Path Group:             **async_default**
  Path Type:              Recovery (Max at Slow Process Corner)
  Requirement:            6.000ns  (clk_fpga_0 rise@6.000ns - clk_fpga_0 rise@0.000ns)
  Data Path Delay:        1.659ns  (logic 0.587ns (35.388%)  route 1.072ns (64.612%))
  Logic Levels:           1  (LUT3=1)
  Clock Path Skew:        -0.028ns (DCD - SCD + CPR)
    Destination Clock Delay (DCD):    2.310ns = ( 8.310 - 6.000 ) 
    Source Clock Delay      (SCD):    2.564ns
    Clock Pessimism Removal (CPR):    0.226ns
  Clock Uncertainty:      0.097ns  ((TSJ^2 + TIJ^2)^1/2 + DJ) / 2 + PE
    Total System Jitter     (TSJ):    0.071ns
    Total Input Jitter      (TIJ):    0.180ns
    Discrete Jitter          (DJ):    0.000ns
    Phase Error              (PE):    0.000ns

    Location             Delay type                Incr(ns)  Path(ns)    Netlist Resource(s)
  -------------------------------------------------------------------    -------------------
                         (clock clk_fpga_0 rise edge)
                                                      0.000     0.000 r  <hidden>
    PS7_X0Y0             PS7                          0.000     0.000 r  rl_system_luban7020_i/ps7/inst/PS7_i/FCLKCLK[0]
                         net (fo=1, routed)           0.994     0.994    rl_system_luban7020_i/ps7/inst/FCLK_CLK_unbuffered[0]
    BUFGCTRL_X0Y16       BUFG (Prop_bufg_I_O)         0.085     1.079 r  rl_system_luban7020_i/ps7/inst/buffer_fclk_clk_0.FCLK_CLK_0_BUFG/O
                         net (fo=16934, routed)       1.485     2.564    rl_system_luban7020_i/hp_ic/s00_couplers/auto_pc/inst/gen_axi4_axi3.axi3_conv_inst/USE_READ.USE_SPLIT_R.read_addr_inst/USE_R_CHANNEL.cmd_queue/inst/fifo_gen_inst/<hidden>/<hidden>/<hidden>/<hidden>/<hidden>
    SLICE_X15Y47         FDRE                                         r  rl_system_luban7020_i/hp_ic/s00_couplers/auto_pc/inst/gen_axi4_axi3.axi3_conv_inst/USE_READ.USE_SPLIT_R.read_addr_inst/USE_R_CHANNEL.cmd_queue/inst/fifo_gen_inst/<hidden>/<hidden>/<hidden>/<hidden>/<hidden>/<hidden>
  -------------------------------------------------------------------    -------------------
    SLICE_X15Y47         FDRE (Prop_fdre_C_Q)         0.348     2.912 f  rl_system_luban7020_i/hp_ic/s00_couplers/auto_pc/inst/gen_axi4_axi3.axi3_conv_inst/USE_READ.USE_SPLIT_R.read_addr_inst/USE_R_CHANNEL.cmd_queue/inst/fifo_gen_inst/<hidden>/<hidden>/<hidden>/<hidden>/<hidden>/<hidden>
                         net (fo=1, routed)           0.655     3.567    rl_system_luban7020_i/hp_ic/s00_couplers/auto_pc/inst/gen_axi4_axi3.axi3_conv_inst/USE_READ.USE_SPLIT_R.read_addr_inst/USE_R_CHANNEL.cmd_queue/inst/fifo_gen_inst/<hidden>/<hidden>/<hidden>/<hidden>/<hidden>
    SLICE_X14Y47         LUT3 (Prop_lut3_I0_O)        0.239     3.806 f  rl_system_luban7020_i/hp_ic/s00_couplers/auto_pc/inst/gen_axi4_axi3.axi3_conv_inst/USE_READ.USE_SPLIT_R.read_addr_inst/USE_R_CHANNEL.cmd_queue/inst/fifo_gen_inst/<hidden>/<hidden>/<hidden>/<hidden>/<hidden>/<hidden>
                         net (fo=33, routed)          0.417     4.223    rl_system_luban7020_i/hp_ic/s00_couplers/auto_pc/inst/gen_axi4_axi3.axi3_conv_inst/USE_READ.USE_SPLIT_R.read_addr_inst/USE_R_CHANNEL.cmd_queue/inst/fifo_gen_inst/<hidden>/<hidden>/<hidden>/<hidden>/<hidden>/<hidden>
    SLICE_X12Y46         FDCE                                         f  rl_system_luban7020_i/hp_ic/s00_couplers/auto_pc/inst/gen_axi4_axi3.axi3_conv_inst/USE_READ.USE_SPLIT_R.read_addr_inst/USE_R_CHANNEL.cmd_queue/inst/fifo_gen_inst/<hidden>/<hidden>/<hidden>/<hidden>/<hidden>/<hidden>/<hidden>
  -------------------------------------------------------------------    -------------------

                         (clock clk_fpga_0 rise edge)
                                                      6.000     6.000 r  <hidden>
    PS7_X0Y0             PS7                          0.000     6.000 r  rl_system_luban7020_i/ps7/inst/PS7_i/FCLKCLK[0]
                         net (fo=1, routed)           0.905     6.905    rl_system_luban7020_i/ps7/inst/FCLK_CLK_unbuffered[0]
    BUFGCTRL_X0Y16       BUFG (Prop_bufg_I_O)         0.077     6.983 r  rl_system_luban7020_i/ps7/inst/buffer_fclk_clk_0.FCLK_CLK_0_BUFG/O
                         net (fo=16934, routed)       1.328     8.310    rl_system_luban7020_i/hp_ic/s00_couplers/auto_pc/inst/gen_axi4_axi3.axi3_conv_inst/USE_READ.USE_SPLIT_R.read_addr_inst/USE_R_CHANNEL.cmd_queue/inst/fifo_gen_inst/<hidden>/<hidden>/<hidden>/<hidden>/<hidden>/<hidden>
    SLICE_X12Y46         FDCE                                         r  rl_system_luban7020_i/hp_ic/s00_couplers/auto_pc/inst/gen_axi4_axi3.axi3_conv_inst/USE_READ.USE_SPLIT_R.read_addr_inst/USE_R_CHANNEL.cmd_queue/inst/fifo_gen_inst/<hidden>/<hidden>/<hidden>/<hidden>/<hidden>/<hidden>/<hidden>
                         clock pessimism              0.226     8.536    <hidden>
                         clock uncertainty           -0.097     8.439    <hidden>
    SLICE_X12Y46         FDCE (Recov_fdce_C_CLR)     -0.292     8.147    rl_system_luban7020_i/hp_ic/s00_couplers/auto_pc/inst/gen_axi4_axi3.axi3_conv_inst/USE_READ.USE_SPLIT_R.read_addr_inst/USE_R_CHANNEL.cmd_queue/inst/fifo_gen_inst/<hidden>/<hidden>/<hidden>/<hidden>/<hidden>/<hidden>
  -------------------------------------------------------------------
                         required time                          8.147    <hidden>
                         arrival time                          -4.223    <hidden>
  -------------------------------------------------------------------
                         slack                                  3.925    <hidden>

Slack (MET) :             3.925ns  (required time - arrival time)
  Source:                 rl_system_luban7020_i/hp_ic/s00_couplers/auto_pc/inst/gen_axi4_axi3.axi3_conv_inst/USE_READ.USE_SPLIT_R.read_addr_inst/USE_R_CHANNEL.cmd_queue/inst/fifo_gen_inst/<hidden>/<hidden>/<hidden>/<hidden>/<hidden>/<hidden>
                            (rising edge-triggered cell FDRE clocked by clk_fpga_0  {rise@0.000ns fall@3.000ns period=6.000ns})
  Destination:            rl_system_luban7020_i/hp_ic/s00_couplers/auto_pc/inst/gen_axi4_axi3.axi3_conv_inst/USE_READ.USE_SPLIT_R.read_addr_inst/USE_R_CHANNEL.cmd_queue/inst/fifo_gen_inst/<hidden>/<hidden>/<hidden>/<hidden>/<hidden>/<hidden>/<hidden>
                            (recovery check against rising-edge clock clk_fpga_0  {rise@0.000ns fall@3.000ns period=6.000ns})
  Path Group:             **async_default**
  Path Type:              Recovery (Max at Slow Process Corner)
  Requirement:            6.000ns  (clk_fpga_0 rise@6.000ns - clk_fpga_0 rise@0.000ns)
  Data Path Delay:        1.659ns  (logic 0.587ns (35.388%)  route 1.072ns (64.612%))
  Logic Levels:           1  (LUT3=1)
  Clock Path Skew:        -0.028ns (DCD - SCD + CPR)
    Destination Clock Delay (DCD):    2.310ns = ( 8.310 - 6.000 ) 
    Source Clock Delay      (SCD):    2.564ns
    Clock Pessimism Removal (CPR):    0.226ns
  Clock Uncertainty:      0.097ns  ((TSJ^2 + TIJ^2)^1/2 + DJ) / 2 + PE
    Total System Jitter     (TSJ):    0.071ns
    Total Input Jitter      (TIJ):    0.180ns
    Discrete Jitter          (DJ):    0.000ns
    Phase Error              (PE):    0.000ns

    Location             Delay type                Incr(ns)  Path(ns)    Netlist Resource(s)
  -------------------------------------------------------------------    -------------------
                         (clock clk_fpga_0 rise edge)
                                                      0.000     0.000 r  <hidden>
    PS7_X0Y0             PS7                          0.000     0.000 r  rl_system_luban7020_i/ps7/inst/PS7_i/FCLKCLK[0]
                         net (fo=1, routed)           0.994     0.994    rl_system_luban7020_i/ps7/inst/FCLK_CLK_unbuffered[0]
    BUFGCTRL_X0Y16       BUFG (Prop_bufg_I_O)         0.085     1.079 r  rl_system_luban7020_i/ps7/inst/buffer_fclk_clk_0.FCLK_CLK_0_BUFG/O
                         net (fo=16934, routed)       1.485     2.564    rl_system_luban7020_i/hp_ic/s00_couplers/auto_pc/inst/gen_axi4_axi3.axi3_conv_inst/USE_READ.USE_SPLIT_R.read_addr_inst/USE_R_CHANNEL.cmd_queue/inst/fifo_gen_inst/<hidden>/<hidden>/<hidden>/<hidden>/<hidden>
    SLICE_X15Y47         FDRE                                         r  rl_system_luban7020_i/hp_ic/s00_couplers/auto_pc/inst/gen_axi4_axi3.axi3_conv_inst/USE_READ.USE_SPLIT_R.read_addr_inst/USE_R_CHANNEL.cmd_queue/inst/fifo_gen_inst/<hidden>/<hidden>/<hidden>/<hidden>/<hidden>/<hidden>
  -------------------------------------------------------------------    -------------------
    SLICE_X15Y47         FDRE (Prop_fdre_C_Q)         0.348     2.912 f  rl_system_luban7020_i/hp_ic/s00_couplers/auto_pc/inst/gen_axi4_axi3.axi3_conv_inst/USE_READ.USE_SPLIT_R.read_addr_inst/USE_R_CHANNEL.cmd_queue/inst/fifo_gen_inst/<hidden>/<hidden>/<hidden>/<hidden>/<hidden>/<hidden>
                         net (fo=1, routed)           0.655     3.567    rl_system_luban7020_i/hp_ic/s00_couplers/auto_pc/inst/gen_axi4_axi3.axi3_conv_inst/USE_READ.USE_SPLIT_R.read_addr_inst/USE_R_CHANNEL.cmd_queue/inst/fifo_gen_inst/<hidden>/<hidden>/<hidden>/<hidden>/<hidden>
    SLICE_X14Y47         LUT3 (Prop_lut3_I0_O)        0.239     3.806 f  rl_system_luban7020_i/hp_ic/s00_couplers/auto_pc/inst/gen_axi4_axi3.axi3_conv_inst/USE_READ.USE_SPLIT_R.read_addr_inst/USE_R_CHANNEL.cmd_queue/inst/fifo_gen_inst/<hidden>/<hidden>/<hidden>/<hidden>/<hidden>/<hidden>
                         net (fo=33, routed)          0.417     4.223    rl_system_luban7020_i/hp_ic/s00_couplers/auto_pc/inst/gen_axi4_axi3.axi3_conv_inst/USE_READ.USE_SPLIT_R.read_addr_inst/USE_R_CHANNEL.cmd_queue/inst/fifo_gen_inst/<hidden>/<hidden>/<hidden>/<hidden>/<hidden>/<hidden>
    SLICE_X12Y46         FDPE                                         f  rl_system_luban7020_i/hp_ic/s00_couplers/auto_pc/inst/gen_axi4_axi3.axi3_conv_inst/USE_READ.USE_SPLIT_R.read_addr_inst/USE_R_CHANNEL.cmd_queue/inst/fifo_gen_inst/<hidden>/<hidden>/<hidden>/<hidden>/<hidden>/<hidden>/<hidden>
  -------------------------------------------------------------------    -------------------

                         (clock clk_fpga_0 rise edge)
                                                      6.000     6.000 r  <hidden>
    PS7_X0Y0             PS7                          0.000     6.000 r  rl_system_luban7020_i/ps7/inst/PS7_i/FCLKCLK[0]
                         net (fo=1, routed)           0.905     6.905    rl_system_luban7020_i/ps7/inst/FCLK_CLK_unbuffered[0]
    BUFGCTRL_X0Y16       BUFG (Prop_bufg_I_O)         0.077     6.983 r  rl_system_luban7020_i/ps7/inst/buffer_fclk_clk_0.FCLK_CLK_0_BUFG/O
                         net (fo=16934, routed)       1.328     8.310    rl_system_luban7020_i/hp_ic/s00_couplers/auto_pc/inst/gen_axi4_axi3.axi3_conv_inst/USE_READ.USE_SPLIT_R.read_addr_inst/USE_R_CHANNEL.cmd_queue/inst/fifo_gen_inst/<hidden>/<hidden>/<hidden>/<hidden>/<hidden>/<hidden>
    SLICE_X12Y46         FDPE                                         r  rl_system_luban7020_i/hp_ic/s00_couplers/auto_pc/inst/gen_axi4_axi3.axi3_conv_inst/USE_READ.USE_SPLIT_R.read_addr_inst/USE_R_CHANNEL.cmd_queue/inst/fifo_gen_inst/<hidden>/<hidden>/<hidden>/<hidden>/<hidden>/<hidden>/<hidden>
                         clock pessimism              0.226     8.536    <hidden>
                         clock uncertainty           -0.097     8.439    <hidden>
    SLICE_X12Y46         FDPE (Recov_fdpe_C_PRE)     -0.292     8.147    rl_system_luban7020_i/hp_ic/s00_couplers/auto_pc/inst/gen_axi4_axi3.axi3_conv_inst/USE_READ.USE_SPLIT_R.read_addr_inst/USE_R_CHANNEL.cmd_queue/inst/fifo_gen_inst/<hidden>/<hidden>/<hidden>/<hidden>/<hidden>/<hidden>
  -------------------------------------------------------------------
                         required time                          8.147    <hidden>
                         arrival time                          -4.223    <hidden>
  -------------------------------------------------------------------
                         slack                                  3.925    <hidden>

Slack (MET) :             3.925ns  (required time - arrival time)
  Source:                 rl_system_luban7020_i/hp_ic/s00_couplers/auto_pc/inst/gen_axi4_axi3.axi3_conv_inst/USE_READ.USE_SPLIT_R.read_addr_inst/USE_R_CHANNEL.cmd_queue/inst/fifo_gen_inst/<hidden>/<hidden>/<hidden>/<hidden>/<hidden>/<hidden>
                            (rising edge-triggered cell FDRE clocked by clk_fpga_0  {rise@0.000ns fall@3.000ns period=6.000ns})
  Destination:            rl_system_luban7020_i/hp_ic/s00_couplers/auto_pc/inst/gen_axi4_axi3.axi3_conv_inst/USE_READ.USE_SPLIT_R.read_addr_inst/USE_R_CHANNEL.cmd_queue/inst/fifo_gen_inst/<hidden>/<hidden>/<hidden>/<hidden>/<hidden>/<hidden>/<hidden>
                            (recovery check against rising-edge clock clk_fpga_0  {rise@0.000ns fall@3.000ns period=6.000ns})
  Path Group:             **async_default**
  Path Type:              Recovery (Max at Slow Process Corner)
  Requirement:            6.000ns  (clk_fpga_0 rise@6.000ns - clk_fpga_0 rise@0.000ns)
  Data Path Delay:        1.659ns  (logic 0.587ns (35.388%)  route 1.072ns (64.612%))
  Logic Levels:           1  (LUT3=1)
  Clock Path Skew:        -0.028ns (DCD - SCD + CPR)
    Destination Clock Delay (DCD):    2.310ns = ( 8.310 - 6.000 ) 
    Source Clock Delay      (SCD):    2.564ns
    Clock Pessimism Removal (CPR):    0.226ns
  Clock Uncertainty:      0.097ns  ((TSJ^2 + TIJ^2)^1/2 + DJ) / 2 + PE
    Total System Jitter     (TSJ):    0.071ns
    Total Input Jitter      (TIJ):    0.180ns
    Discrete Jitter          (DJ):    0.000ns
    Phase Error              (PE):    0.000ns

    Location             Delay type                Incr(ns)  Path(ns)    Netlist Resource(s)
  -------------------------------------------------------------------    -------------------
                         (clock clk_fpga_0 rise edge)
                                                      0.000     0.000 r  <hidden>
    PS7_X0Y0             PS7                          0.000     0.000 r  rl_system_luban7020_i/ps7/inst/PS7_i/FCLKCLK[0]
                         net (fo=1, routed)           0.994     0.994    rl_system_luban7020_i/ps7/inst/FCLK_CLK_unbuffered[0]
    BUFGCTRL_X0Y16       BUFG (Prop_bufg_I_O)         0.085     1.079 r  rl_system_luban7020_i/ps7/inst/buffer_fclk_clk_0.FCLK_CLK_0_BUFG/O
                         net (fo=16934, routed)       1.485     2.564    rl_system_luban7020_i/hp_ic/s00_couplers/auto_pc/inst/gen_axi4_axi3.axi3_conv_inst/USE_READ.USE_SPLIT_R.read_addr_inst/USE_R_CHANNEL.cmd_queue/inst/fifo_gen_inst/<hidden>/<hidden>/<hidden>/<hidden>/<hidden>
    SLICE_X15Y47         FDRE                                         r  rl_system_luban7020_i/hp_ic/s00_couplers/auto_pc/inst/gen_axi4_axi3.axi3_conv_inst/USE_READ.USE_SPLIT_R.read_addr_inst/USE_R_CHANNEL.cmd_queue/inst/fifo_gen_inst/<hidden>/<hidden>/<hidden>/<hidden>/<hidden>/<hidden>
  -------------------------------------------------------------------    -------------------
    SLICE_X15Y47         FDRE (Prop_fdre_C_Q)         0.348     2.912 f  rl_system_luban7020_i/hp_ic/s00_couplers/auto_pc/inst/gen_axi4_axi3.axi3_conv_inst/USE_READ.USE_SPLIT_R.read_addr_inst/USE_R_CHANNEL.cmd_queue/inst/fifo_gen_inst/<hidden>/<hidden>/<hidden>/<hidden>/<hidden>/<hidden>
                         net (fo=1, routed)           0.655     3.567    rl_system_luban7020_i/hp_ic/s00_couplers/auto_pc/inst/gen_axi4_axi3.axi3_conv_inst/USE_READ.USE_SPLIT_R.read_addr_inst/USE_R_CHANNEL.cmd_queue/inst/fifo_gen_inst/<hidden>/<hidden>/<hidden>/<hidden>/<hidden>
    SLICE_X14Y47         LUT3 (Prop_lut3_I0_O)        0.239     3.806 f  rl_system_luban7020_i/hp_ic/s00_couplers/auto_pc/inst/gen_axi4_axi3.axi3_conv_inst/USE_READ.USE_SPLIT_R.read_addr_inst/USE_R_CHANNEL.cmd_queue/inst/fifo_gen_inst/<hidden>/<hidden>/<hidden>/<hidden>/<hidden>/<hidden>
                         net (fo=33, routed)          0.417     4.223    rl_system_luban7020_i/hp_ic/s00_couplers/auto_pc/inst/gen_axi4_axi3.axi3_conv_inst/USE_READ.USE_SPLIT_R.read_addr_inst/USE_R_CHANNEL.cmd_queue/inst/fifo_gen_inst/<hidden>/<hidden>/<hidden>/<hidden>/<hidden>/<hidden>
    SLICE_X12Y46         FDCE                                         f  rl_system_luban7020_i/hp_ic/s00_couplers/auto_pc/inst/gen_axi4_axi3.axi3_conv_inst/USE_READ.USE_SPLIT_R.read_addr_inst/USE_R_CHANNEL.cmd_queue/inst/fifo_gen_inst/<hidden>/<hidden>/<hidden>/<hidden>/<hidden>/<hidden>/<hidden>
  -------------------------------------------------------------------    -------------------

                         (clock clk_fpga_0 rise edge)
                                                      6.000     6.000 r  <hidden>
    PS7_X0Y0             PS7                          0.000     6.000 r  rl_system_luban7020_i/ps7/inst/PS7_i/FCLKCLK[0]
                         net (fo=1, routed)           0.905     6.905    rl_system_luban7020_i/ps7/inst/FCLK_CLK_unbuffered[0]
    BUFGCTRL_X0Y16       BUFG (Prop_bufg_I_O)         0.077     6.983 r  rl_system_luban7020_i/ps7/inst/buffer_fclk_clk_0.FCLK_CLK_0_BUFG/O
                         net (fo=16934, routed)       1.328     8.310    rl_system_luban7020_i/hp_ic/s00_couplers/auto_pc/inst/gen_axi4_axi3.axi3_conv_inst/USE_READ.USE_SPLIT_R.read_addr_inst/USE_R_CHANNEL.cmd_queue/inst/fifo_gen_inst/<hidden>/<hidden>/<hidden>/<hidden>/<hidden>/<hidden>
    SLICE_X12Y46         FDCE                                         r  rl_system_luban7020_i/hp_ic/s00_couplers/auto_pc/inst/gen_axi4_axi3.axi3_conv_inst/USE_READ.USE_SPLIT_R.read_addr_inst/USE_R_CHANNEL.cmd_queue/inst/fifo_gen_inst/<hidden>/<hidden>/<hidden>/<hidden>/<hidden>/<hidden>/<hidden>
                         clock pessimism              0.226     8.536    <hidden>
                         clock uncertainty           -0.097     8.439    <hidden>
    SLICE_X12Y46         FDCE (Recov_fdce_C_CLR)     -0.292     8.147    rl_system_luban7020_i/hp_ic/s00_couplers/auto_pc/inst/gen_axi4_axi3.axi3_conv_inst/USE_READ.USE_SPLIT_R.read_addr_inst/USE_R_CHANNEL.cmd_queue/inst/fifo_gen_inst/<hidden>/<hidden>/<hidden>/<hidden>/<hidden>/<hidden>
  -------------------------------------------------------------------
                         required time                          8.147    <hidden>
                         arrival time                          -4.223    <hidden>
  -------------------------------------------------------------------
                         slack                                  3.925    <hidden>

Slack (MET) :             3.925ns  (required time - arrival time)
  Source:                 rl_system_luban7020_i/hp_ic/s00_couplers/auto_pc/inst/gen_axi4_axi3.axi3_conv_inst/USE_READ.USE_SPLIT_R.read_addr_inst/USE_R_CHANNEL.cmd_queue/inst/fifo_gen_inst/<hidden>/<hidden>/<hidden>/<hidden>/<hidden>/<hidden>
                            (rising edge-triggered cell FDRE clocked by clk_fpga_0  {rise@0.000ns fall@3.000ns period=6.000ns})
  Destination:            rl_system_luban7020_i/hp_ic/s00_couplers/auto_pc/inst/gen_axi4_axi3.axi3_conv_inst/USE_READ.USE_SPLIT_R.read_addr_inst/USE_R_CHANNEL.cmd_queue/inst/fifo_gen_inst/<hidden>/<hidden>/<hidden>/<hidden>/<hidden>/<hidden>/<hidden>
                            (recovery check against rising-edge clock clk_fpga_0  {rise@0.000ns fall@3.000ns period=6.000ns})
  Path Group:             **async_default**
  Path Type:              Recovery (Max at Slow Process Corner)
  Requirement:            6.000ns  (clk_fpga_0 rise@6.000ns - clk_fpga_0 rise@0.000ns)
  Data Path Delay:        1.659ns  (logic 0.587ns (35.388%)  route 1.072ns (64.612%))
  Logic Levels:           1  (LUT3=1)
  Clock Path Skew:        -0.028ns (DCD - SCD + CPR)
    Destination Clock Delay (DCD):    2.310ns = ( 8.310 - 6.000 ) 
    Source Clock Delay      (SCD):    2.564ns
    Clock Pessimism Removal (CPR):    0.226ns
  Clock Uncertainty:      0.097ns  ((TSJ^2 + TIJ^2)^1/2 + DJ) / 2 + PE
    Total System Jitter     (TSJ):    0.071ns
    Total Input Jitter      (TIJ):    0.180ns
    Discrete Jitter          (DJ):    0.000ns
    Phase Error              (PE):    0.000ns

    Location             Delay type                Incr(ns)  Path(ns)    Netlist Resource(s)
  -------------------------------------------------------------------    -------------------
                         (clock clk_fpga_0 rise edge)
                                                      0.000     0.000 r  <hidden>
    PS7_X0Y0             PS7                          0.000     0.000 r  rl_system_luban7020_i/ps7/inst/PS7_i/FCLKCLK[0]
                         net (fo=1, routed)           0.994     0.994    rl_system_luban7020_i/ps7/inst/FCLK_CLK_unbuffered[0]
    BUFGCTRL_X0Y16       BUFG (Prop_bufg_I_O)         0.085     1.079 r  rl_system_luban7020_i/ps7/inst/buffer_fclk_clk_0.FCLK_CLK_0_BUFG/O
                         net (fo=16934, routed)       1.485     2.564    rl_system_luban7020_i/hp_ic/s00_couplers/auto_pc/inst/gen_axi4_axi3.axi3_conv_inst/USE_READ.USE_SPLIT_R.read_addr_inst/USE_R_CHANNEL.cmd_queue/inst/fifo_gen_inst/<hidden>/<hidden>/<hidden>/<hidden>/<hidden>
    SLICE_X15Y47         FDRE                                         r  rl_system_luban7020_i/hp_ic/s00_couplers/auto_pc/inst/gen_axi4_axi3.axi3_conv_inst/USE_READ.USE_SPLIT_R.read_addr_inst/USE_R_CHANNEL.cmd_queue/inst/fifo_gen_inst/<hidden>/<hidden>/<hidden>/<hidden>/<hidden>/<hidden>
  -------------------------------------------------------------------    -------------------
    SLICE_X15Y47         FDRE (Prop_fdre_C_Q)         0.348     2.912 f  rl_system_luban7020_i/hp_ic/s00_couplers/auto_pc/inst/gen_axi4_axi3.axi3_conv_inst/USE_READ.USE_SPLIT_R.read_addr_inst/USE_R_CHANNEL.cmd_queue/inst/fifo_gen_inst/<hidden>/<hidden>/<hidden>/<hidden>/<hidden>/<hidden>
                         net (fo=1, routed)           0.655     3.567    rl_system_luban7020_i/hp_ic/s00_couplers/auto_pc/inst/gen_axi4_axi3.axi3_conv_inst/USE_READ.USE_SPLIT_R.read_addr_inst/USE_R_CHANNEL.cmd_queue/inst/fifo_gen_inst/<hidden>/<hidden>/<hidden>/<hidden>/<hidden>
    SLICE_X14Y47         LUT3 (Prop_lut3_I0_O)        0.239     3.806 f  rl_system_luban7020_i/hp_ic/s00_couplers/auto_pc/inst/gen_axi4_axi3.axi3_conv_inst/USE_READ.USE_SPLIT_R.read_addr_inst/USE_R_CHANNEL.cmd_queue/inst/fifo_gen_inst/<hidden>/<hidden>/<hidden>/<hidden>/<hidden>/<hidden>
                         net (fo=33, routed)          0.417     4.223    rl_system_luban7020_i/hp_ic/s00_couplers/auto_pc/inst/gen_axi4_axi3.axi3_conv_inst/USE_READ.USE_SPLIT_R.read_addr_inst/USE_R_CHANNEL.cmd_queue/inst/fifo_gen_inst/<hidden>/<hidden>/<hidden>/<hidden>/<hidden>/<hidden>
    SLICE_X12Y46         FDCE                                         f  rl_system_luban7020_i/hp_ic/s00_couplers/auto_pc/inst/gen_axi4_axi3.axi3_conv_inst/USE_READ.USE_SPLIT_R.read_addr_inst/USE_R_CHANNEL.cmd_queue/inst/fifo_gen_inst/<hidden>/<hidden>/<hidden>/<hidden>/<hidden>/<hidden>/<hidden>
  -------------------------------------------------------------------    -------------------

                         (clock clk_fpga_0 rise edge)
                                                      6.000     6.000 r  <hidden>
    PS7_X0Y0             PS7                          0.000     6.000 r  rl_system_luban7020_i/ps7/inst/PS7_i/FCLKCLK[0]
                         net (fo=1, routed)           0.905     6.905    rl_system_luban7020_i/ps7/inst/FCLK_CLK_unbuffered[0]
    BUFGCTRL_X0Y16       BUFG (Prop_bufg_I_O)         0.077     6.983 r  rl_system_luban7020_i/ps7/inst/buffer_fclk_clk_0.FCLK_CLK_0_BUFG/O
                         net (fo=16934, routed)       1.328     8.310    rl_system_luban7020_i/hp_ic/s00_couplers/auto_pc/inst/gen_axi4_axi3.axi3_conv_inst/USE_READ.USE_SPLIT_R.read_addr_inst/USE_R_CHANNEL.cmd_queue/inst/fifo_gen_inst/<hidden>/<hidden>/<hidden>/<hidden>/<hidden>/<hidden>
    SLICE_X12Y46         FDCE                                         r  rl_system_luban7020_i/hp_ic/s00_couplers/auto_pc/inst/gen_axi4_axi3.axi3_conv_inst/USE_READ.USE_SPLIT_R.read_addr_inst/USE_R_CHANNEL.cmd_queue/inst/fifo_gen_inst/<hidden>/<hidden>/<hidden>/<hidden>/<hidden>/<hidden>/<hidden>
                         clock pessimism              0.226     8.536    <hidden>
                         clock uncertainty           -0.097     8.439    <hidden>
    SLICE_X12Y46         FDCE (Recov_fdce_C_CLR)     -0.292     8.147    rl_system_luban7020_i/hp_ic/s00_couplers/auto_pc/inst/gen_axi4_axi3.axi3_conv_inst/USE_READ.USE_SPLIT_R.read_addr_inst/USE_R_CHANNEL.cmd_queue/inst/fifo_gen_inst/<hidden>/<hidden>/<hidden>/<hidden>/<hidden>/<hidden>
  -------------------------------------------------------------------
                         required time                          8.147    <hidden>
                         arrival time                          -4.223    <hidden>
  -------------------------------------------------------------------
                         slack                                  3.925    <hidden>

Slack (MET) :             3.925ns  (required time - arrival time)
  Source:                 rl_system_luban7020_i/hp_ic/s00_couplers/auto_pc/inst/gen_axi4_axi3.axi3_conv_inst/USE_READ.USE_SPLIT_R.read_addr_inst/USE_R_CHANNEL.cmd_queue/inst/fifo_gen_inst/<hidden>/<hidden>/<hidden>/<hidden>/<hidden>/<hidden>
                            (rising edge-triggered cell FDRE clocked by clk_fpga_0  {rise@0.000ns fall@3.000ns period=6.000ns})
  Destination:            rl_system_luban7020_i/hp_ic/s00_couplers/auto_pc/inst/gen_axi4_axi3.axi3_conv_inst/USE_READ.USE_SPLIT_R.read_addr_inst/USE_R_CHANNEL.cmd_queue/inst/fifo_gen_inst/<hidden>/<hidden>/<hidden>/<hidden>/<hidden>/<hidden>/<hidden>
                            (recovery check against rising-edge clock clk_fpga_0  {rise@0.000ns fall@3.000ns period=6.000ns})
  Path Group:             **async_default**
  Path Type:              Recovery (Max at Slow Process Corner)
  Requirement:            6.000ns  (clk_fpga_0 rise@6.000ns - clk_fpga_0 rise@0.000ns)
  Data Path Delay:        1.659ns  (logic 0.587ns (35.388%)  route 1.072ns (64.612%))
  Logic Levels:           1  (LUT3=1)
  Clock Path Skew:        -0.028ns (DCD - SCD + CPR)
    Destination Clock Delay (DCD):    2.310ns = ( 8.310 - 6.000 ) 
    Source Clock Delay      (SCD):    2.564ns
    Clock Pessimism Removal (CPR):    0.226ns
  Clock Uncertainty:      0.097ns  ((TSJ^2 + TIJ^2)^1/2 + DJ) / 2 + PE
    Total System Jitter     (TSJ):    0.071ns
    Total Input Jitter      (TIJ):    0.180ns
    Discrete Jitter          (DJ):    0.000ns
    Phase Error              (PE):    0.000ns

    Location             Delay type                Incr(ns)  Path(ns)    Netlist Resource(s)
  -------------------------------------------------------------------    -------------------
                         (clock clk_fpga_0 rise edge)
                                                      0.000     0.000 r  <hidden>
    PS7_X0Y0             PS7                          0.000     0.000 r  rl_system_luban7020_i/ps7/inst/PS7_i/FCLKCLK[0]
                         net (fo=1, routed)           0.994     0.994    rl_system_luban7020_i/ps7/inst/FCLK_CLK_unbuffered[0]
    BUFGCTRL_X0Y16       BUFG (Prop_bufg_I_O)         0.085     1.079 r  rl_system_luban7020_i/ps7/inst/buffer_fclk_clk_0.FCLK_CLK_0_BUFG/O
                         net (fo=16934, routed)       1.485     2.564    rl_system_luban7020_i/hp_ic/s00_couplers/auto_pc/inst/gen_axi4_axi3.axi3_conv_inst/USE_READ.USE_SPLIT_R.read_addr_inst/USE_R_CHANNEL.cmd_queue/inst/fifo_gen_inst/<hidden>/<hidden>/<hidden>/<hidden>/<hidden>
    SLICE_X15Y47         FDRE                                         r  rl_system_luban7020_i/hp_ic/s00_couplers/auto_pc/inst/gen_axi4_axi3.axi3_conv_inst/USE_READ.USE_SPLIT_R.read_addr_inst/USE_R_CHANNEL.cmd_queue/inst/fifo_gen_inst/<hidden>/<hidden>/<hidden>/<hidden>/<hidden>/<hidden>
  -------------------------------------------------------------------    -------------------
    SLICE_X15Y47         FDRE (Prop_fdre_C_Q)         0.348     2.912 f  rl_system_luban7020_i/hp_ic/s00_couplers/auto_pc/inst/gen_axi4_axi3.axi3_conv_inst/USE_READ.USE_SPLIT_R.read_addr_inst/USE_R_CHANNEL.cmd_queue/inst/fifo_gen_inst/<hidden>/<hidden>/<hidden>/<hidden>/<hidden>/<hidden>
                         net (fo=1, routed)           0.655     3.567    rl_system_luban7020_i/hp_ic/s00_couplers/auto_pc/inst/gen_axi4_axi3.axi3_conv_inst/USE_READ.USE_SPLIT_R.read_addr_inst/USE_R_CHANNEL.cmd_queue/inst/fifo_gen_inst/<hidden>/<hidden>/<hidden>/<hidden>/<hidden>
    SLICE_X14Y47         LUT3 (Prop_lut3_I0_O)        0.239     3.806 f  rl_system_luban7020_i/hp_ic/s00_couplers/auto_pc/inst/gen_axi4_axi3.axi3_conv_inst/USE_READ.USE_SPLIT_R.read_addr_inst/USE_R_CHANNEL.cmd_queue/inst/fifo_gen_inst/<hidden>/<hidden>/<hidden>/<hidden>/<hidden>/<hidden>
                         net (fo=33, routed)          0.417     4.223    rl_system_luban7020_i/hp_ic/s00_couplers/auto_pc/inst/gen_axi4_axi3.axi3_conv_inst/USE_READ.USE_SPLIT_R.read_addr_inst/USE_R_CHANNEL.cmd_queue/inst/fifo_gen_inst/<hidden>/<hidden>/<hidden>/<hidden>/<hidden>/<hidden>
    SLICE_X13Y46         FDPE                                         f  rl_system_luban7020_i/hp_ic/s00_couplers/auto_pc/inst/gen_axi4_axi3.axi3_conv_inst/USE_READ.USE_SPLIT_R.read_addr_inst/USE_R_CHANNEL.cmd_queue/inst/fifo_gen_inst/<hidden>/<hidden>/<hidden>/<hidden>/<hidden>/<hidden>/<hidden>
  -------------------------------------------------------------------    -------------------

                         (clock clk_fpga_0 rise edge)
                                                      6.000     6.000 r  <hidden>
    PS7_X0Y0             PS7                          0.000     6.000 r  rl_system_luban7020_i/ps7/inst/PS7_i/FCLKCLK[0]
                         net (fo=1, routed)           0.905     6.905    rl_system_luban7020_i/ps7/inst/FCLK_CLK_unbuffered[0]
    BUFGCTRL_X0Y16       BUFG (Prop_bufg_I_O)         0.077     6.983 r  rl_system_luban7020_i/ps7/inst/buffer_fclk_clk_0.FCLK_CLK_0_BUFG/O
                         net (fo=16934, routed)       1.328     8.310    rl_system_luban7020_i/hp_ic/s00_couplers/auto_pc/inst/gen_axi4_axi3.axi3_conv_inst/USE_READ.USE_SPLIT_R.read_addr_inst/USE_R_CHANNEL.cmd_queue/inst/fifo_gen_inst/<hidden>/<hidden>/<hidden>/<hidden>/<hidden>/<hidden>
    SLICE_X13Y46         FDPE                                         r  rl_system_luban7020_i/hp_ic/s00_couplers/auto_pc/inst/gen_axi4_axi3.axi3_conv_inst/USE_READ.USE_SPLIT_R.read_addr_inst/USE_R_CHANNEL.cmd_queue/inst/fifo_gen_inst/<hidden>/<hidden>/<hidden>/<hidden>/<hidden>/<hidden>/<hidden>
                         clock pessimism              0.226     8.536    <hidden>
                         clock uncertainty           -0.097     8.439    <hidden>
    SLICE_X13Y46         FDPE (Recov_fdpe_C_PRE)     -0.292     8.147    rl_system_luban7020_i/hp_ic/s00_couplers/auto_pc/inst/gen_axi4_axi3.axi3_conv_inst/USE_READ.USE_SPLIT_R.read_addr_inst/USE_R_CHANNEL.cmd_queue/inst/fifo_gen_inst/<hidden>/<hidden>/<hidden>/<hidden>/<hidden>/<hidden>
  -------------------------------------------------------------------
                         required time                          8.147    <hidden>
                         arrival time                          -4.223    <hidden>
  -------------------------------------------------------------------
                         slack                                  3.925    <hidden>

Slack (MET) :             3.959ns  (required time - arrival time)
  Source:                 rl_system_luban7020_i/hp_ic/s00_couplers/auto_pc/inst/gen_axi4_axi3.axi3_conv_inst/USE_READ.USE_SPLIT_R.read_addr_inst/USE_R_CHANNEL.cmd_queue/inst/fifo_gen_inst/<hidden>/<hidden>/<hidden>/<hidden>/<hidden>/<hidden>
                            (rising edge-triggered cell FDRE clocked by clk_fpga_0  {rise@0.000ns fall@3.000ns period=6.000ns})
  Destination:            rl_system_luban7020_i/hp_ic/s00_couplers/auto_pc/inst/gen_axi4_axi3.axi3_conv_inst/USE_READ.USE_SPLIT_R.read_addr_inst/USE_R_CHANNEL.cmd_queue/inst/fifo_gen_inst/<hidden>/<hidden>/<hidden>/<hidden>/<hidden>/<hidden>/<hidden>
                            (recovery check against rising-edge clock clk_fpga_0  {rise@0.000ns fall@3.000ns period=6.000ns})
  Path Group:             **async_default**
  Path Type:              Recovery (Max at Slow Process Corner)
  Requirement:            6.000ns  (clk_fpga_0 rise@6.000ns - clk_fpga_0 rise@0.000ns)
  Data Path Delay:        1.659ns  (logic 0.587ns (35.388%)  route 1.072ns (64.612%))
  Logic Levels:           1  (LUT3=1)
  Clock Path Skew:        -0.028ns (DCD - SCD + CPR)
    Destination Clock Delay (DCD):    2.310ns = ( 8.310 - 6.000 ) 
    Source Clock Delay      (SCD):    2.564ns
    Clock Pessimism Removal (CPR):    0.226ns
  Clock Uncertainty:      0.097ns  ((TSJ^2 + TIJ^2)^1/2 + DJ) / 2 + PE
    Total System Jitter     (TSJ):    0.071ns
    Total Input Jitter      (TIJ):    0.180ns
    Discrete Jitter          (DJ):    0.000ns
    Phase Error              (PE):    0.000ns

    Location             Delay type                Incr(ns)  Path(ns)    Netlist Resource(s)
  -------------------------------------------------------------------    -------------------
                         (clock clk_fpga_0 rise edge)
                                                      0.000     0.000 r  <hidden>
    PS7_X0Y0             PS7                          0.000     0.000 r  rl_system_luban7020_i/ps7/inst/PS7_i/FCLKCLK[0]
                         net (fo=1, routed)           0.994     0.994    rl_system_luban7020_i/ps7/inst/FCLK_CLK_unbuffered[0]
    BUFGCTRL_X0Y16       BUFG (Prop_bufg_I_O)         0.085     1.079 r  rl_system_luban7020_i/ps7/inst/buffer_fclk_clk_0.FCLK_CLK_0_BUFG/O
                         net (fo=16934, routed)       1.485     2.564    rl_system_luban7020_i/hp_ic/s00_couplers/auto_pc/inst/gen_axi4_axi3.axi3_conv_inst/USE_READ.USE_SPLIT_R.read_addr_inst/USE_R_CHANNEL.cmd_queue/inst/fifo_gen_inst/<hidden>/<hidden>/<hidden>/<hidden>/<hidden>
    SLICE_X15Y47         FDRE                                         r  rl_system_luban7020_i/hp_ic/s00_couplers/auto_pc/inst/gen_axi4_axi3.axi3_conv_inst/USE_READ.USE_SPLIT_R.read_addr_inst/USE_R_CHANNEL.cmd_queue/inst/fifo_gen_inst/<hidden>/<hidden>/<hidden>/<hidden>/<hidden>/<hidden>
  -------------------------------------------------------------------    -------------------
    SLICE_X15Y47         FDRE (Prop_fdre_C_Q)         0.348     2.912 f  rl_system_luban7020_i/hp_ic/s00_couplers/auto_pc/inst/gen_axi4_axi3.axi3_conv_inst/USE_READ.USE_SPLIT_R.read_addr_inst/USE_R_CHANNEL.cmd_queue/inst/fifo_gen_inst/<hidden>/<hidden>/<hidden>/<hidden>/<hidden>/<hidden>
                         net (fo=1, routed)           0.655     3.567    rl_system_luban7020_i/hp_ic/s00_couplers/auto_pc/inst/gen_axi4_axi3.axi3_conv_inst/USE_READ.USE_SPLIT_R.read_addr_inst/USE_R_CHANNEL.cmd_queue/inst/fifo_gen_inst/<hidden>/<hidden>/<hidden>/<hidden>/<hidden>
    SLICE_X14Y47         LUT3 (Prop_lut3_I0_O)        0.239     3.806 f  rl_system_luban7020_i/hp_ic/s00_couplers/auto_pc/inst/gen_axi4_axi3.axi3_conv_inst/USE_READ.USE_SPLIT_R.read_addr_inst/USE_R_CHANNEL.cmd_queue/inst/fifo_gen_inst/<hidden>/<hidden>/<hidden>/<hidden>/<hidden>/<hidden>
                         net (fo=33, routed)          0.417     4.223    rl_system_luban7020_i/hp_ic/s00_couplers/auto_pc/inst/gen_axi4_axi3.axi3_conv_inst/USE_READ.USE_SPLIT_R.read_addr_inst/USE_R_CHANNEL.cmd_queue/inst/fifo_gen_inst/<hidden>/<hidden>/<hidden>/<hidden>/<hidden>/<hidden>
    SLICE_X12Y46         FDCE                                         f  rl_system_luban7020_i/hp_ic/s00_couplers/auto_pc/inst/gen_axi4_axi3.axi3_conv_inst/USE_READ.USE_SPLIT_R.read_addr_inst/USE_R_CHANNEL.cmd_queue/inst/fifo_gen_inst/<hidden>/<hidden>/<hidden>/<hidden>/<hidden>/<hidden>/<hidden>
  -------------------------------------------------------------------    -------------------

                         (clock clk_fpga_0 rise edge)
                                                      6.000     6.000 r  <hidden>
    PS7_X0Y0             PS7                          0.000     6.000 r  rl_system_luban7020_i/ps7/inst/PS7_i/FCLKCLK[0]
                         net (fo=1, routed)           0.905     6.905    rl_system_luban7020_i/ps7/inst/FCLK_CLK_unbuffered[0]
    BUFGCTRL_X0Y16       BUFG (Prop_bufg_I_O)         0.077     6.983 r  rl_system_luban7020_i/ps7/inst/buffer_fclk_clk_0.FCLK_CLK_0_BUFG/O
                         net (fo=16934, routed)       1.328     8.310    rl_system_luban7020_i/hp_ic/s00_couplers/auto_pc/inst/gen_axi4_axi3.axi3_conv_inst/USE_READ.USE_SPLIT_R.read_addr_inst/USE_R_CHANNEL.cmd_queue/inst/fifo_gen_inst/<hidden>/<hidden>/<hidden>/<hidden>/<hidden>/<hidden>
    SLICE_X12Y46         FDCE                                         r  rl_system_luban7020_i/hp_ic/s00_couplers/auto_pc/inst/gen_axi4_axi3.axi3_conv_inst/USE_READ.USE_SPLIT_R.read_addr_inst/USE_R_CHANNEL.cmd_queue/inst/fifo_gen_inst/<hidden>/<hidden>/<hidden>/<hidden>/<hidden>/<hidden>/<hidden>
                         clock pessimism              0.226     8.536    <hidden>
                         clock uncertainty           -0.097     8.439    <hidden>
    SLICE_X12Y46         FDCE (Recov_fdce_C_CLR)     -0.258     8.181    rl_system_luban7020_i/hp_ic/s00_couplers/auto_pc/inst/gen_axi4_axi3.axi3_conv_inst/USE_READ.USE_SPLIT_R.read_addr_inst/USE_R_CHANNEL.cmd_queue/inst/fifo_gen_inst/<hidden>/<hidden>/<hidden>/<hidden>/<hidden>/<hidden>
  -------------------------------------------------------------------
                         required time                          8.181    <hidden>
                         arrival time                          -4.223    <hidden>
  -------------------------------------------------------------------
                         slack                                  3.959    <hidden>

Slack (MET) :             3.959ns  (required time - arrival time)
  Source:                 rl_system_luban7020_i/hp_ic/s00_couplers/auto_pc/inst/gen_axi4_axi3.axi3_conv_inst/USE_READ.USE_SPLIT_R.read_addr_inst/USE_R_CHANNEL.cmd_queue/inst/fifo_gen_inst/<hidden>/<hidden>/<hidden>/<hidden>/<hidden>/<hidden>
                            (rising edge-triggered cell FDRE clocked by clk_fpga_0  {rise@0.000ns fall@3.000ns period=6.000ns})
  Destination:            rl_system_luban7020_i/hp_ic/s00_couplers/auto_pc/inst/gen_axi4_axi3.axi3_conv_inst/USE_READ.USE_SPLIT_R.read_addr_inst/USE_R_CHANNEL.cmd_queue/inst/fifo_gen_inst/<hidden>/<hidden>/<hidden>/<hidden>/<hidden>/<hidden>/<hidden>
                            (recovery check against rising-edge clock clk_fpga_0  {rise@0.000ns fall@3.000ns period=6.000ns})
  Path Group:             **async_default**
  Path Type:              Recovery (Max at Slow Process Corner)
  Requirement:            6.000ns  (clk_fpga_0 rise@6.000ns - clk_fpga_0 rise@0.000ns)
  Data Path Delay:        1.659ns  (logic 0.587ns (35.388%)  route 1.072ns (64.612%))
  Logic Levels:           1  (LUT3=1)
  Clock Path Skew:        -0.028ns (DCD - SCD + CPR)
    Destination Clock Delay (DCD):    2.310ns = ( 8.310 - 6.000 ) 
    Source Clock Delay      (SCD):    2.564ns
    Clock Pessimism Removal (CPR):    0.226ns
  Clock Uncertainty:      0.097ns  ((TSJ^2 + TIJ^2)^1/2 + DJ) / 2 + PE
    Total System Jitter     (TSJ):    0.071ns
    Total Input Jitter      (TIJ):    0.180ns
    Discrete Jitter          (DJ):    0.000ns
    Phase Error              (PE):    0.000ns

    Location             Delay type                Incr(ns)  Path(ns)    Netlist Resource(s)
  -------------------------------------------------------------------    -------------------
                         (clock clk_fpga_0 rise edge)
                                                      0.000     0.000 r  <hidden>
    PS7_X0Y0             PS7                          0.000     0.000 r  rl_system_luban7020_i/ps7/inst/PS7_i/FCLKCLK[0]
                         net (fo=1, routed)           0.994     0.994    rl_system_luban7020_i/ps7/inst/FCLK_CLK_unbuffered[0]
    BUFGCTRL_X0Y16       BUFG (Prop_bufg_I_O)         0.085     1.079 r  rl_system_luban7020_i/ps7/inst/buffer_fclk_clk_0.FCLK_CLK_0_BUFG/O
                         net (fo=16934, routed)       1.485     2.564    rl_system_luban7020_i/hp_ic/s00_couplers/auto_pc/inst/gen_axi4_axi3.axi3_conv_inst/USE_READ.USE_SPLIT_R.read_addr_inst/USE_R_CHANNEL.cmd_queue/inst/fifo_gen_inst/<hidden>/<hidden>/<hidden>/<hidden>/<hidden>
    SLICE_X15Y47         FDRE                                         r  rl_system_luban7020_i/hp_ic/s00_couplers/auto_pc/inst/gen_axi4_axi3.axi3_conv_inst/USE_READ.USE_SPLIT_R.read_addr_inst/USE_R_CHANNEL.cmd_queue/inst/fifo_gen_inst/<hidden>/<hidden>/<hidden>/<hidden>/<hidden>/<hidden>
  -------------------------------------------------------------------    -------------------
    SLICE_X15Y47         FDRE (Prop_fdre_C_Q)         0.348     2.912 f  rl_system_luban7020_i/hp_ic/s00_couplers/auto_pc/inst/gen_axi4_axi3.axi3_conv_inst/USE_READ.USE_SPLIT_R.read_addr_inst/USE_R_CHANNEL.cmd_queue/inst/fifo_gen_inst/<hidden>/<hidden>/<hidden>/<hidden>/<hidden>/<hidden>
                         net (fo=1, routed)           0.655     3.567    rl_system_luban7020_i/hp_ic/s00_couplers/auto_pc/inst/gen_axi4_axi3.axi3_conv_inst/USE_READ.USE_SPLIT_R.read_addr_inst/USE_R_CHANNEL.cmd_queue/inst/fifo_gen_inst/<hidden>/<hidden>/<hidden>/<hidden>/<hidden>
    SLICE_X14Y47         LUT3 (Prop_lut3_I0_O)        0.239     3.806 f  rl_system_luban7020_i/hp_ic/s00_couplers/auto_pc/inst/gen_axi4_axi3.axi3_conv_inst/USE_READ.USE_SPLIT_R.read_addr_inst/USE_R_CHANNEL.cmd_queue/inst/fifo_gen_inst/<hidden>/<hidden>/<hidden>/<hidden>/<hidden>/<hidden>
                         net (fo=33, routed)          0.417     4.223    rl_system_luban7020_i/hp_ic/s00_couplers/auto_pc/inst/gen_axi4_axi3.axi3_conv_inst/USE_READ.USE_SPLIT_R.read_addr_inst/USE_R_CHANNEL.cmd_queue/inst/fifo_gen_inst/<hidden>/<hidden>/<hidden>/<hidden>/<hidden>/<hidden>
    SLICE_X12Y46         FDCE                                         f  rl_system_luban7020_i/hp_ic/s00_couplers/auto_pc/inst/gen_axi4_axi3.axi3_conv_inst/USE_READ.USE_SPLIT_R.read_addr_inst/USE_R_CHANNEL.cmd_queue/inst/fifo_gen_inst/<hidden>/<hidden>/<hidden>/<hidden>/<hidden>/<hidden>/<hidden>
  -------------------------------------------------------------------    -------------------

                         (clock clk_fpga_0 rise edge)
                                                      6.000     6.000 r  <hidden>
    PS7_X0Y0             PS7                          0.000     6.000 r  rl_system_luban7020_i/ps7/inst/PS7_i/FCLKCLK[0]
                         net (fo=1, routed)           0.905     6.905    rl_system_luban7020_i/ps7/inst/FCLK_CLK_unbuffered[0]
    BUFGCTRL_X0Y16       BUFG (Prop_bufg_I_O)         0.077     6.983 r  rl_system_luban7020_i/ps7/inst/buffer_fclk_clk_0.FCLK_CLK_0_BUFG/O
                         net (fo=16934, routed)       1.328     8.310    rl_system_luban7020_i/hp_ic/s00_couplers/auto_pc/inst/gen_axi4_axi3.axi3_conv_inst/USE_READ.USE_SPLIT_R.read_addr_inst/USE_R_CHANNEL.cmd_queue/inst/fifo_gen_inst/<hidden>/<hidden>/<hidden>/<hidden>/<hidden>/<hidden>
    SLICE_X12Y46         FDCE                                         r  rl_system_luban7020_i/hp_ic/s00_couplers/auto_pc/inst/gen_axi4_axi3.axi3_conv_inst/USE_READ.USE_SPLIT_R.read_addr_inst/USE_R_CHANNEL.cmd_queue/inst/fifo_gen_inst/<hidden>/<hidden>/<hidden>/<hidden>/<hidden>/<hidden>/<hidden>
                         clock pessimism              0.226     8.536    <hidden>
                         clock uncertainty           -0.097     8.439    <hidden>
    SLICE_X12Y46         FDCE (Recov_fdce_C_CLR)     -0.258     8.181    rl_system_luban7020_i/hp_ic/s00_couplers/auto_pc/inst/gen_axi4_axi3.axi3_conv_inst/USE_READ.USE_SPLIT_R.read_addr_inst/USE_R_CHANNEL.cmd_queue/inst/fifo_gen_inst/<hidden>/<hidden>/<hidden>/<hidden>/<hidden>/<hidden>
  -------------------------------------------------------------------
                         required time                          8.181    <hidden>
                         arrival time                          -4.223    <hidden>
  -------------------------------------------------------------------
                         slack                                  3.959    <hidden>

Slack (MET) :             3.959ns  (required time - arrival time)
  Source:                 rl_system_luban7020_i/hp_ic/s00_couplers/auto_pc/inst/gen_axi4_axi3.axi3_conv_inst/USE_READ.USE_SPLIT_R.read_addr_inst/USE_R_CHANNEL.cmd_queue/inst/fifo_gen_inst/<hidden>/<hidden>/<hidden>/<hidden>/<hidden>/<hidden>
                            (rising edge-triggered cell FDRE clocked by clk_fpga_0  {rise@0.000ns fall@3.000ns period=6.000ns})
  Destination:            rl_system_luban7020_i/hp_ic/s00_couplers/auto_pc/inst/gen_axi4_axi3.axi3_conv_inst/USE_READ.USE_SPLIT_R.read_addr_inst/USE_R_CHANNEL.cmd_queue/inst/fifo_gen_inst/<hidden>/<hidden>/<hidden>/<hidden>/<hidden>/<hidden>/<hidden>
                            (recovery check against rising-edge clock clk_fpga_0  {rise@0.000ns fall@3.000ns period=6.000ns})
  Path Group:             **async_default**
  Path Type:              Recovery (Max at Slow Process Corner)
  Requirement:            6.000ns  (clk_fpga_0 rise@6.000ns - clk_fpga_0 rise@0.000ns)
  Data Path Delay:        1.659ns  (logic 0.587ns (35.388%)  route 1.072ns (64.612%))
  Logic Levels:           1  (LUT3=1)
  Clock Path Skew:        -0.028ns (DCD - SCD + CPR)
    Destination Clock Delay (DCD):    2.310ns = ( 8.310 - 6.000 ) 
    Source Clock Delay      (SCD):    2.564ns
    Clock Pessimism Removal (CPR):    0.226ns
  Clock Uncertainty:      0.097ns  ((TSJ^2 + TIJ^2)^1/2 + DJ) / 2 + PE
    Total System Jitter     (TSJ):    0.071ns
    Total Input Jitter      (TIJ):    0.180ns
    Discrete Jitter          (DJ):    0.000ns
    Phase Error              (PE):    0.000ns

    Location             Delay type                Incr(ns)  Path(ns)    Netlist Resource(s)
  -------------------------------------------------------------------    -------------------
                         (clock clk_fpga_0 rise edge)
                                                      0.000     0.000 r  <hidden>
    PS7_X0Y0             PS7                          0.000     0.000 r  rl_system_luban7020_i/ps7/inst/PS7_i/FCLKCLK[0]
                         net (fo=1, routed)           0.994     0.994    rl_system_luban7020_i/ps7/inst/FCLK_CLK_unbuffered[0]
    BUFGCTRL_X0Y16       BUFG (Prop_bufg_I_O)         0.085     1.079 r  rl_system_luban7020_i/ps7/inst/buffer_fclk_clk_0.FCLK_CLK_0_BUFG/O
                         net (fo=16934, routed)       1.485     2.564    rl_system_luban7020_i/hp_ic/s00_couplers/auto_pc/inst/gen_axi4_axi3.axi3_conv_inst/USE_READ.USE_SPLIT_R.read_addr_inst/USE_R_CHANNEL.cmd_queue/inst/fifo_gen_inst/<hidden>/<hidden>/<hidden>/<hidden>/<hidden>
    SLICE_X15Y47         FDRE                                         r  rl_system_luban7020_i/hp_ic/s00_couplers/auto_pc/inst/gen_axi4_axi3.axi3_conv_inst/USE_READ.USE_SPLIT_R.read_addr_inst/USE_R_CHANNEL.cmd_queue/inst/fifo_gen_inst/<hidden>/<hidden>/<hidden>/<hidden>/<hidden>/<hidden>
  -------------------------------------------------------------------    -------------------
    SLICE_X15Y47         FDRE (Prop_fdre_C_Q)         0.348     2.912 f  rl_system_luban7020_i/hp_ic/s00_couplers/auto_pc/inst/gen_axi4_axi3.axi3_conv_inst/USE_READ.USE_SPLIT_R.read_addr_inst/USE_R_CHANNEL.cmd_queue/inst/fifo_gen_inst/<hidden>/<hidden>/<hidden>/<hidden>/<hidden>/<hidden>
                         net (fo=1, routed)           0.655     3.567    rl_system_luban7020_i/hp_ic/s00_couplers/auto_pc/inst/gen_axi4_axi3.axi3_conv_inst/USE_READ.USE_SPLIT_R.read_addr_inst/USE_R_CHANNEL.cmd_queue/inst/fifo_gen_inst/<hidden>/<hidden>/<hidden>/<hidden>/<hidden>
    SLICE_X14Y47         LUT3 (Prop_lut3_I0_O)        0.239     3.806 f  rl_system_luban7020_i/hp_ic/s00_couplers/auto_pc/inst/gen_axi4_axi3.axi3_conv_inst/USE_READ.USE_SPLIT_R.read_addr_inst/USE_R_CHANNEL.cmd_queue/inst/fifo_gen_inst/<hidden>/<hidden>/<hidden>/<hidden>/<hidden>/<hidden>
                         net (fo=33, routed)          0.417     4.223    rl_system_luban7020_i/hp_ic/s00_couplers/auto_pc/inst/gen_axi4_axi3.axi3_conv_inst/USE_READ.USE_SPLIT_R.read_addr_inst/USE_R_CHANNEL.cmd_queue/inst/fifo_gen_inst/<hidden>/<hidden>/<hidden>/<hidden>/<hidden>/<hidden>
    SLICE_X12Y46         FDCE                                         f  rl_system_luban7020_i/hp_ic/s00_couplers/auto_pc/inst/gen_axi4_axi3.axi3_conv_inst/USE_READ.USE_SPLIT_R.read_addr_inst/USE_R_CHANNEL.cmd_queue/inst/fifo_gen_inst/<hidden>/<hidden>/<hidden>/<hidden>/<hidden>/<hidden>/<hidden>
  -------------------------------------------------------------------    -------------------

                         (clock clk_fpga_0 rise edge)
                                                      6.000     6.000 r  <hidden>
    PS7_X0Y0             PS7                          0.000     6.000 r  rl_system_luban7020_i/ps7/inst/PS7_i/FCLKCLK[0]
                         net (fo=1, routed)           0.905     6.905    rl_system_luban7020_i/ps7/inst/FCLK_CLK_unbuffered[0]
    BUFGCTRL_X0Y16       BUFG (Prop_bufg_I_O)         0.077     6.983 r  rl_system_luban7020_i/ps7/inst/buffer_fclk_clk_0.FCLK_CLK_0_BUFG/O
                         net (fo=16934, routed)       1.328     8.310    rl_system_luban7020_i/hp_ic/s00_couplers/auto_pc/inst/gen_axi4_axi3.axi3_conv_inst/USE_READ.USE_SPLIT_R.read_addr_inst/USE_R_CHANNEL.cmd_queue/inst/fifo_gen_inst/<hidden>/<hidden>/<hidden>/<hidden>/<hidden>/<hidden>
    SLICE_X12Y46         FDCE                                         r  rl_system_luban7020_i/hp_ic/s00_couplers/auto_pc/inst/gen_axi4_axi3.axi3_conv_inst/USE_READ.USE_SPLIT_R.read_addr_inst/USE_R_CHANNEL.cmd_queue/inst/fifo_gen_inst/<hidden>/<hidden>/<hidden>/<hidden>/<hidden>/<hidden>/<hidden>
                         clock pessimism              0.226     8.536    <hidden>
                         clock uncertainty           -0.097     8.439    <hidden>
    SLICE_X12Y46         FDCE (Recov_fdce_C_CLR)     -0.258     8.181    rl_system_luban7020_i/hp_ic/s00_couplers/auto_pc/inst/gen_axi4_axi3.axi3_conv_inst/USE_READ.USE_SPLIT_R.read_addr_inst/USE_R_CHANNEL.cmd_queue/inst/fifo_gen_inst/<hidden>/<hidden>/<hidden>/<hidden>/<hidden>/<hidden>
  -------------------------------------------------------------------
                         required time                          8.181    <hidden>
                         arrival time                          -4.223    <hidden>
  -------------------------------------------------------------------
                         slack                                  3.959    <hidden>

Slack (MET) :             4.005ns  (required time - arrival time)
  Source:                 rl_system_luban7020_i/hp_ic/s00_couplers/auto_pc/inst/gen_axi4_axi3.axi3_conv_inst/USE_READ.USE_SPLIT_R.read_addr_inst/USE_R_CHANNEL.cmd_queue/inst/fifo_gen_inst/<hidden>/<hidden>/<hidden>/<hidden>/<hidden>/<hidden>
                            (rising edge-triggered cell FDRE clocked by clk_fpga_0  {rise@0.000ns fall@3.000ns period=6.000ns})
  Destination:            rl_system_luban7020_i/hp_ic/s00_couplers/auto_pc/inst/gen_axi4_axi3.axi3_conv_inst/USE_READ.USE_SPLIT_R.read_addr_inst/USE_R_CHANNEL.cmd_queue/inst/fifo_gen_inst/<hidden>/<hidden>/<hidden>/<hidden>/<hidden>/<hidden>/<hidden>
                            (recovery check against rising-edge clock clk_fpga_0  {rise@0.000ns fall@3.000ns period=6.000ns})
  Path Group:             **async_default**
  Path Type:              Recovery (Max at Slow Process Corner)
  Requirement:            6.000ns  (clk_fpga_0 rise@6.000ns - clk_fpga_0 rise@0.000ns)
  Data Path Delay:        1.539ns  (logic 0.587ns (38.143%)  route 0.952ns (61.857%))
  Logic Levels:           1  (LUT3=1)
  Clock Path Skew:        -0.028ns (DCD - SCD + CPR)
    Destination Clock Delay (DCD):    2.310ns = ( 8.310 - 6.000 ) 
    Source Clock Delay      (SCD):    2.564ns
    Clock Pessimism Removal (CPR):    0.226ns
  Clock Uncertainty:      0.097ns  ((TSJ^2 + TIJ^2)^1/2 + DJ) / 2 + PE
    Total System Jitter     (TSJ):    0.071ns
    Total Input Jitter      (TIJ):    0.180ns
    Discrete Jitter          (DJ):    0.000ns
    Phase Error              (PE):    0.000ns

    Location             Delay type                Incr(ns)  Path(ns)    Netlist Resource(s)
  -------------------------------------------------------------------    -------------------
                         (clock clk_fpga_0 rise edge)
                                                      0.000     0.000 r  <hidden>
    PS7_X0Y0             PS7                          0.000     0.000 r  rl_system_luban7020_i/ps7/inst/PS7_i/FCLKCLK[0]
                         net (fo=1, routed)           0.994     0.994    rl_system_luban7020_i/ps7/inst/FCLK_CLK_unbuffered[0]
    BUFGCTRL_X0Y16       BUFG (Prop_bufg_I_O)         0.085     1.079 r  rl_system_luban7020_i/ps7/inst/buffer_fclk_clk_0.FCLK_CLK_0_BUFG/O
                         net (fo=16934, routed)       1.485     2.564    rl_system_luban7020_i/hp_ic/s00_couplers/auto_pc/inst/gen_axi4_axi3.axi3_conv_inst/USE_READ.USE_SPLIT_R.read_addr_inst/USE_R_CHANNEL.cmd_queue/inst/fifo_gen_inst/<hidden>/<hidden>/<hidden>/<hidden>/<hidden>
    SLICE_X15Y47         FDRE                                         r  rl_system_luban7020_i/hp_ic/s00_couplers/auto_pc/inst/gen_axi4_axi3.axi3_conv_inst/USE_READ.USE_SPLIT_R.read_addr_inst/USE_R_CHANNEL.cmd_queue/inst/fifo_gen_inst/<hidden>/<hidden>/<hidden>/<hidden>/<hidden>/<hidden>
  -------------------------------------------------------------------    -------------------
    SLICE_X15Y47         FDRE (Prop_fdre_C_Q)         0.348     2.912 f  rl_system_luban7020_i/hp_ic/s00_couplers/auto_pc/inst/gen_axi4_axi3.axi3_conv_inst/USE_READ.USE_SPLIT_R.read_addr_inst/USE_R_CHANNEL.cmd_queue/inst/fifo_gen_inst/<hidden>/<hidden>/<hidden>/<hidden>/<hidden>/<hidden>
                         net (fo=1, routed)           0.655     3.567    rl_system_luban7020_i/hp_ic/s00_couplers/auto_pc/inst/gen_axi4_axi3.axi3_conv_inst/USE_READ.USE_SPLIT_R.read_addr_inst/USE_R_CHANNEL.cmd_queue/inst/fifo_gen_inst/<hidden>/<hidden>/<hidden>/<hidden>/<hidden>
    SLICE_X14Y47         LUT3 (Prop_lut3_I0_O)        0.239     3.806 f  rl_system_luban7020_i/hp_ic/s00_couplers/auto_pc/inst/gen_axi4_axi3.axi3_conv_inst/USE_READ.USE_SPLIT_R.read_addr_inst/USE_R_CHANNEL.cmd_queue/inst/fifo_gen_inst/<hidden>/<hidden>/<hidden>/<hidden>/<hidden>/<hidden>
                         net (fo=33, routed)          0.297     4.103    rl_system_luban7020_i/hp_ic/s00_couplers/auto_pc/inst/gen_axi4_axi3.axi3_conv_inst/USE_READ.USE_SPLIT_R.read_addr_inst/USE_R_CHANNEL.cmd_queue/inst/fifo_gen_inst/<hidden>/<hidden>/<hidden>/<hidden>/<hidden>/<hidden>
    SLICE_X13Y47         FDCE                                         f  rl_system_luban7020_i/hp_ic/s00_couplers/auto_pc/inst/gen_axi4_axi3.axi3_conv_inst/USE_READ.USE_SPLIT_R.read_addr_inst/USE_R_CHANNEL.cmd_queue/inst/fifo_gen_inst/<hidden>/<hidden>/<hidden>/<hidden>/<hidden>/<hidden>/<hidden>
  -------------------------------------------------------------------    -------------------

                         (clock clk_fpga_0 rise edge)
                                                      6.000     6.000 r  <hidden>
    PS7_X0Y0             PS7                          0.000     6.000 r  rl_system_luban7020_i/ps7/inst/PS7_i/FCLKCLK[0]
                         net (fo=1, routed)           0.905     6.905    rl_system_luban7020_i/ps7/inst/FCLK_CLK_unbuffered[0]
    BUFGCTRL_X0Y16       BUFG (Prop_bufg_I_O)         0.077     6.983 r  rl_system_luban7020_i/ps7/inst/buffer_fclk_clk_0.FCLK_CLK_0_BUFG/O
                         net (fo=16934, routed)       1.328     8.310    rl_system_luban7020_i/hp_ic/s00_couplers/auto_pc/inst/gen_axi4_axi3.axi3_conv_inst/USE_READ.USE_SPLIT_R.read_addr_inst/USE_R_CHANNEL.cmd_queue/inst/fifo_gen_inst/<hidden>/<hidden>/<hidden>/<hidden>/<hidden>/<hidden>
    SLICE_X13Y47         FDCE                                         r  rl_system_luban7020_i/hp_ic/s00_couplers/auto_pc/inst/gen_axi4_axi3.axi3_conv_inst/USE_READ.USE_SPLIT_R.read_addr_inst/USE_R_CHANNEL.cmd_queue/inst/fifo_gen_inst/<hidden>/<hidden>/<hidden>/<hidden>/<hidden>/<hidden>/<hidden>
                         clock pessimism              0.226     8.536    <hidden>
                         clock uncertainty           -0.097     8.439    <hidden>
    SLICE_X13Y47         FDCE (Recov_fdce_C_CLR)     -0.331     8.108    rl_system_luban7020_i/hp_ic/s00_couplers/auto_pc/inst/gen_axi4_axi3.axi3_conv_inst/USE_READ.USE_SPLIT_R.read_addr_inst/USE_R_CHANNEL.cmd_queue/inst/fifo_gen_inst/<hidden>/<hidden>/<hidden>/<hidden>/<hidden>/<hidden>
  -------------------------------------------------------------------
                         required time                          8.108    <hidden>
                         arrival time                          -4.103    <hidden>
  -------------------------------------------------------------------
                         slack                                  4.005    <hidden>

Slack (MET) :             4.005ns  (required time - arrival time)
  Source:                 rl_system_luban7020_i/hp_ic/s00_couplers/auto_pc/inst/gen_axi4_axi3.axi3_conv_inst/USE_READ.USE_SPLIT_R.read_addr_inst/USE_R_CHANNEL.cmd_queue/inst/fifo_gen_inst/<hidden>/<hidden>/<hidden>/<hidden>/<hidden>/<hidden>
                            (rising edge-triggered cell FDRE clocked by clk_fpga_0  {rise@0.000ns fall@3.000ns period=6.000ns})
  Destination:            rl_system_luban7020_i/hp_ic/s00_couplers/auto_pc/inst/gen_axi4_axi3.axi3_conv_inst/USE_READ.USE_SPLIT_R.read_addr_inst/USE_R_CHANNEL.cmd_queue/inst/fifo_gen_inst/<hidden>/<hidden>/<hidden>/<hidden>/<hidden>/<hidden>/<hidden>
                            (recovery check against rising-edge clock clk_fpga_0  {rise@0.000ns fall@3.000ns period=6.000ns})
  Path Group:             **async_default**
  Path Type:              Recovery (Max at Slow Process Corner)
  Requirement:            6.000ns  (clk_fpga_0 rise@6.000ns - clk_fpga_0 rise@0.000ns)
  Data Path Delay:        1.539ns  (logic 0.587ns (38.143%)  route 0.952ns (61.857%))
  Logic Levels:           1  (LUT3=1)
  Clock Path Skew:        -0.028ns (DCD - SCD + CPR)
    Destination Clock Delay (DCD):    2.310ns = ( 8.310 - 6.000 ) 
    Source Clock Delay      (SCD):    2.564ns
    Clock Pessimism Removal (CPR):    0.226ns
  Clock Uncertainty:      0.097ns  ((TSJ^2 + TIJ^2)^1/2 + DJ) / 2 + PE
    Total System Jitter     (TSJ):    0.071ns
    Total Input Jitter      (TIJ):    0.180ns
    Discrete Jitter          (DJ):    0.000ns
    Phase Error              (PE):    0.000ns

    Location             Delay type                Incr(ns)  Path(ns)    Netlist Resource(s)
  -------------------------------------------------------------------    -------------------
                         (clock clk_fpga_0 rise edge)
                                                      0.000     0.000 r  <hidden>
    PS7_X0Y0             PS7                          0.000     0.000 r  rl_system_luban7020_i/ps7/inst/PS7_i/FCLKCLK[0]
                         net (fo=1, routed)           0.994     0.994    rl_system_luban7020_i/ps7/inst/FCLK_CLK_unbuffered[0]
    BUFGCTRL_X0Y16       BUFG (Prop_bufg_I_O)         0.085     1.079 r  rl_system_luban7020_i/ps7/inst/buffer_fclk_clk_0.FCLK_CLK_0_BUFG/O
                         net (fo=16934, routed)       1.485     2.564    rl_system_luban7020_i/hp_ic/s00_couplers/auto_pc/inst/gen_axi4_axi3.axi3_conv_inst/USE_READ.USE_SPLIT_R.read_addr_inst/USE_R_CHANNEL.cmd_queue/inst/fifo_gen_inst/<hidden>/<hidden>/<hidden>/<hidden>/<hidden>
    SLICE_X15Y47         FDRE                                         r  rl_system_luban7020_i/hp_ic/s00_couplers/auto_pc/inst/gen_axi4_axi3.axi3_conv_inst/USE_READ.USE_SPLIT_R.read_addr_inst/USE_R_CHANNEL.cmd_queue/inst/fifo_gen_inst/<hidden>/<hidden>/<hidden>/<hidden>/<hidden>/<hidden>
  -------------------------------------------------------------------    -------------------
    SLICE_X15Y47         FDRE (Prop_fdre_C_Q)         0.348     2.912 f  rl_system_luban7020_i/hp_ic/s00_couplers/auto_pc/inst/gen_axi4_axi3.axi3_conv_inst/USE_READ.USE_SPLIT_R.read_addr_inst/USE_R_CHANNEL.cmd_queue/inst/fifo_gen_inst/<hidden>/<hidden>/<hidden>/<hidden>/<hidden>/<hidden>
                         net (fo=1, routed)           0.655     3.567    rl_system_luban7020_i/hp_ic/s00_couplers/auto_pc/inst/gen_axi4_axi3.axi3_conv_inst/USE_READ.USE_SPLIT_R.read_addr_inst/USE_R_CHANNEL.cmd_queue/inst/fifo_gen_inst/<hidden>/<hidden>/<hidden>/<hidden>/<hidden>
    SLICE_X14Y47         LUT3 (Prop_lut3_I0_O)        0.239     3.806 f  rl_system_luban7020_i/hp_ic/s00_couplers/auto_pc/inst/gen_axi4_axi3.axi3_conv_inst/USE_READ.USE_SPLIT_R.read_addr_inst/USE_R_CHANNEL.cmd_queue/inst/fifo_gen_inst/<hidden>/<hidden>/<hidden>/<hidden>/<hidden>/<hidden>
                         net (fo=33, routed)          0.297     4.103    rl_system_luban7020_i/hp_ic/s00_couplers/auto_pc/inst/gen_axi4_axi3.axi3_conv_inst/USE_READ.USE_SPLIT_R.read_addr_inst/USE_R_CHANNEL.cmd_queue/inst/fifo_gen_inst/<hidden>/<hidden>/<hidden>/<hidden>/<hidden>/<hidden>
    SLICE_X13Y47         FDCE                                         f  rl_system_luban7020_i/hp_ic/s00_couplers/auto_pc/inst/gen_axi4_axi3.axi3_conv_inst/USE_READ.USE_SPLIT_R.read_addr_inst/USE_R_CHANNEL.cmd_queue/inst/fifo_gen_inst/<hidden>/<hidden>/<hidden>/<hidden>/<hidden>/<hidden>/<hidden>
  -------------------------------------------------------------------    -------------------

                         (clock clk_fpga_0 rise edge)
                                                      6.000     6.000 r  <hidden>
    PS7_X0Y0             PS7                          0.000     6.000 r  rl_system_luban7020_i/ps7/inst/PS7_i/FCLKCLK[0]
                         net (fo=1, routed)           0.905     6.905    rl_system_luban7020_i/ps7/inst/FCLK_CLK_unbuffered[0]
    BUFGCTRL_X0Y16       BUFG (Prop_bufg_I_O)         0.077     6.983 r  rl_system_luban7020_i/ps7/inst/buffer_fclk_clk_0.FCLK_CLK_0_BUFG/O
                         net (fo=16934, routed)       1.328     8.310    rl_system_luban7020_i/hp_ic/s00_couplers/auto_pc/inst/gen_axi4_axi3.axi3_conv_inst/USE_READ.USE_SPLIT_R.read_addr_inst/USE_R_CHANNEL.cmd_queue/inst/fifo_gen_inst/<hidden>/<hidden>/<hidden>/<hidden>/<hidden>/<hidden>
    SLICE_X13Y47         FDCE                                         r  rl_system_luban7020_i/hp_ic/s00_couplers/auto_pc/inst/gen_axi4_axi3.axi3_conv_inst/USE_READ.USE_SPLIT_R.read_addr_inst/USE_R_CHANNEL.cmd_queue/inst/fifo_gen_inst/<hidden>/<hidden>/<hidden>/<hidden>/<hidden>/<hidden>/<hidden>
                         clock pessimism              0.226     8.536    <hidden>
                         clock uncertainty           -0.097     8.439    <hidden>
    SLICE_X13Y47         FDCE (Recov_fdce_C_CLR)     -0.331     8.108    rl_system_luban7020_i/hp_ic/s00_couplers/auto_pc/inst/gen_axi4_axi3.axi3_conv_inst/USE_READ.USE_SPLIT_R.read_addr_inst/USE_R_CHANNEL.cmd_queue/inst/fifo_gen_inst/<hidden>/<hidden>/<hidden>/<hidden>/<hidden>/<hidden>
  -------------------------------------------------------------------
                         required time                          8.108    <hidden>
                         arrival time                          -4.103    <hidden>
  -------------------------------------------------------------------
                         slack                                  4.005    <hidden>

Slack (MET) :             4.005ns  (required time - arrival time)
  Source:                 rl_system_luban7020_i/hp_ic/s00_couplers/auto_pc/inst/gen_axi4_axi3.axi3_conv_inst/USE_READ.USE_SPLIT_R.read_addr_inst/USE_R_CHANNEL.cmd_queue/inst/fifo_gen_inst/<hidden>/<hidden>/<hidden>/<hidden>/<hidden>/<hidden>
                            (rising edge-triggered cell FDRE clocked by clk_fpga_0  {rise@0.000ns fall@3.000ns period=6.000ns})
  Destination:            rl_system_luban7020_i/hp_ic/s00_couplers/auto_pc/inst/gen_axi4_axi3.axi3_conv_inst/USE_READ.USE_SPLIT_R.read_addr_inst/USE_R_CHANNEL.cmd_queue/inst/fifo_gen_inst/<hidden>/<hidden>/<hidden>/<hidden>/<hidden>/<hidden>/<hidden>
                            (recovery check against rising-edge clock clk_fpga_0  {rise@0.000ns fall@3.000ns period=6.000ns})
  Path Group:             **async_default**
  Path Type:              Recovery (Max at Slow Process Corner)
  Requirement:            6.000ns  (clk_fpga_0 rise@6.000ns - clk_fpga_0 rise@0.000ns)
  Data Path Delay:        1.539ns  (logic 0.587ns (38.143%)  route 0.952ns (61.857%))
  Logic Levels:           1  (LUT3=1)
  Clock Path Skew:        -0.028ns (DCD - SCD + CPR)
    Destination Clock Delay (DCD):    2.310ns = ( 8.310 - 6.000 ) 
    Source Clock Delay      (SCD):    2.564ns
    Clock Pessimism Removal (CPR):    0.226ns
  Clock Uncertainty:      0.097ns  ((TSJ^2 + TIJ^2)^1/2 + DJ) / 2 + PE
    Total System Jitter     (TSJ):    0.071ns
    Total Input Jitter      (TIJ):    0.180ns
    Discrete Jitter          (DJ):    0.000ns
    Phase Error              (PE):    0.000ns

    Location             Delay type                Incr(ns)  Path(ns)    Netlist Resource(s)
  -------------------------------------------------------------------    -------------------
                         (clock clk_fpga_0 rise edge)
                                                      0.000     0.000 r  <hidden>
    PS7_X0Y0             PS7                          0.000     0.000 r  rl_system_luban7020_i/ps7/inst/PS7_i/FCLKCLK[0]
                         net (fo=1, routed)           0.994     0.994    rl_system_luban7020_i/ps7/inst/FCLK_CLK_unbuffered[0]
    BUFGCTRL_X0Y16       BUFG (Prop_bufg_I_O)         0.085     1.079 r  rl_system_luban7020_i/ps7/inst/buffer_fclk_clk_0.FCLK_CLK_0_BUFG/O
                         net (fo=16934, routed)       1.485     2.564    rl_system_luban7020_i/hp_ic/s00_couplers/auto_pc/inst/gen_axi4_axi3.axi3_conv_inst/USE_READ.USE_SPLIT_R.read_addr_inst/USE_R_CHANNEL.cmd_queue/inst/fifo_gen_inst/<hidden>/<hidden>/<hidden>/<hidden>/<hidden>
    SLICE_X15Y47         FDRE                                         r  rl_system_luban7020_i/hp_ic/s00_couplers/auto_pc/inst/gen_axi4_axi3.axi3_conv_inst/USE_READ.USE_SPLIT_R.read_addr_inst/USE_R_CHANNEL.cmd_queue/inst/fifo_gen_inst/<hidden>/<hidden>/<hidden>/<hidden>/<hidden>/<hidden>
  -------------------------------------------------------------------    -------------------
    SLICE_X15Y47         FDRE (Prop_fdre_C_Q)         0.348     2.912 f  rl_system_luban7020_i/hp_ic/s00_couplers/auto_pc/inst/gen_axi4_axi3.axi3_conv_inst/USE_READ.USE_SPLIT_R.read_addr_inst/USE_R_CHANNEL.cmd_queue/inst/fifo_gen_inst/<hidden>/<hidden>/<hidden>/<hidden>/<hidden>/<hidden>
                         net (fo=1, routed)           0.655     3.567    rl_system_luban7020_i/hp_ic/s00_couplers/auto_pc/inst/gen_axi4_axi3.axi3_conv_inst/USE_READ.USE_SPLIT_R.read_addr_inst/USE_R_CHANNEL.cmd_queue/inst/fifo_gen_inst/<hidden>/<hidden>/<hidden>/<hidden>/<hidden>
    SLICE_X14Y47         LUT3 (Prop_lut3_I0_O)        0.239     3.806 f  rl_system_luban7020_i/hp_ic/s00_couplers/auto_pc/inst/gen_axi4_axi3.axi3_conv_inst/USE_READ.USE_SPLIT_R.read_addr_inst/USE_R_CHANNEL.cmd_queue/inst/fifo_gen_inst/<hidden>/<hidden>/<hidden>/<hidden>/<hidden>/<hidden>
                         net (fo=33, routed)          0.297     4.103    rl_system_luban7020_i/hp_ic/s00_couplers/auto_pc/inst/gen_axi4_axi3.axi3_conv_inst/USE_READ.USE_SPLIT_R.read_addr_inst/USE_R_CHANNEL.cmd_queue/inst/fifo_gen_inst/<hidden>/<hidden>/<hidden>/<hidden>/<hidden>/<hidden>
    SLICE_X13Y47         FDCE                                         f  rl_system_luban7020_i/hp_ic/s00_couplers/auto_pc/inst/gen_axi4_axi3.axi3_conv_inst/USE_READ.USE_SPLIT_R.read_addr_inst/USE_R_CHANNEL.cmd_queue/inst/fifo_gen_inst/<hidden>/<hidden>/<hidden>/<hidden>/<hidden>/<hidden>/<hidden>
  -------------------------------------------------------------------    -------------------

                         (clock clk_fpga_0 rise edge)
                                                      6.000     6.000 r  <hidden>
    PS7_X0Y0             PS7                          0.000     6.000 r  rl_system_luban7020_i/ps7/inst/PS7_i/FCLKCLK[0]
                         net (fo=1, routed)           0.905     6.905    rl_system_luban7020_i/ps7/inst/FCLK_CLK_unbuffered[0]
    BUFGCTRL_X0Y16       BUFG (Prop_bufg_I_O)         0.077     6.983 r  rl_system_luban7020_i/ps7/inst/buffer_fclk_clk_0.FCLK_CLK_0_BUFG/O
                         net (fo=16934, routed)       1.328     8.310    rl_system_luban7020_i/hp_ic/s00_couplers/auto_pc/inst/gen_axi4_axi3.axi3_conv_inst/USE_READ.USE_SPLIT_R.read_addr_inst/USE_R_CHANNEL.cmd_queue/inst/fifo_gen_inst/<hidden>/<hidden>/<hidden>/<hidden>/<hidden>/<hidden>
    SLICE_X13Y47         FDCE                                         r  rl_system_luban7020_i/hp_ic/s00_couplers/auto_pc/inst/gen_axi4_axi3.axi3_conv_inst/USE_READ.USE_SPLIT_R.read_addr_inst/USE_R_CHANNEL.cmd_queue/inst/fifo_gen_inst/<hidden>/<hidden>/<hidden>/<hidden>/<hidden>/<hidden>/<hidden>
                         clock pessimism              0.226     8.536    <hidden>
                         clock uncertainty           -0.097     8.439    <hidden>
    SLICE_X13Y47         FDCE (Recov_fdce_C_CLR)     -0.331     8.108    rl_system_luban7020_i/hp_ic/s00_couplers/auto_pc/inst/gen_axi4_axi3.axi3_conv_inst/USE_READ.USE_SPLIT_R.read_addr_inst/USE_R_CHANNEL.cmd_queue/inst/fifo_gen_inst/<hidden>/<hidden>/<hidden>/<hidden>/<hidden>/<hidden>
  -------------------------------------------------------------------
                         required time                          8.108    <hidden>
                         arrival time                          -4.103    <hidden>
  -------------------------------------------------------------------
                         slack                                  4.005    <hidden>

Slack (MET) :             4.005ns  (required time - arrival time)
  Source:                 rl_system_luban7020_i/hp_ic/s00_couplers/auto_pc/inst/gen_axi4_axi3.axi3_conv_inst/USE_READ.USE_SPLIT_R.read_addr_inst/USE_R_CHANNEL.cmd_queue/inst/fifo_gen_inst/<hidden>/<hidden>/<hidden>/<hidden>/<hidden>/<hidden>
                            (rising edge-triggered cell FDRE clocked by clk_fpga_0  {rise@0.000ns fall@3.000ns period=6.000ns})
  Destination:            rl_system_luban7020_i/hp_ic/s00_couplers/auto_pc/inst/gen_axi4_axi3.axi3_conv_inst/USE_READ.USE_SPLIT_R.read_addr_inst/USE_R_CHANNEL.cmd_queue/inst/fifo_gen_inst/<hidden>/<hidden>/<hidden>/<hidden>/<hidden>/<hidden>/<hidden>
                            (recovery check against rising-edge clock clk_fpga_0  {rise@0.000ns fall@3.000ns period=6.000ns})
  Path Group:             **async_default**
  Path Type:              Recovery (Max at Slow Process Corner)
  Requirement:            6.000ns  (clk_fpga_0 rise@6.000ns - clk_fpga_0 rise@0.000ns)
  Data Path Delay:        1.539ns  (logic 0.587ns (38.143%)  route 0.952ns (61.857%))
  Logic Levels:           1  (LUT3=1)
  Clock Path Skew:        -0.028ns (DCD - SCD + CPR)
    Destination Clock Delay (DCD):    2.310ns = ( 8.310 - 6.000 ) 
    Source Clock Delay      (SCD):    2.564ns
    Clock Pessimism Removal (CPR):    0.226ns
  Clock Uncertainty:      0.097ns  ((TSJ^2 + TIJ^2)^1/2 + DJ) / 2 + PE
    Total System Jitter     (TSJ):    0.071ns
    Total Input Jitter      (TIJ):    0.180ns
    Discrete Jitter          (DJ):    0.000ns
    Phase Error              (PE):    0.000ns

    Location             Delay type                Incr(ns)  Path(ns)    Netlist Resource(s)
  -------------------------------------------------------------------    -------------------
                         (clock clk_fpga_0 rise edge)
                                                      0.000     0.000 r  <hidden>
    PS7_X0Y0             PS7                          0.000     0.000 r  rl_system_luban7020_i/ps7/inst/PS7_i/FCLKCLK[0]
                         net (fo=1, routed)           0.994     0.994    rl_system_luban7020_i/ps7/inst/FCLK_CLK_unbuffered[0]
    BUFGCTRL_X0Y16       BUFG (Prop_bufg_I_O)         0.085     1.079 r  rl_system_luban7020_i/ps7/inst/buffer_fclk_clk_0.FCLK_CLK_0_BUFG/O
                         net (fo=16934, routed)       1.485     2.564    rl_system_luban7020_i/hp_ic/s00_couplers/auto_pc/inst/gen_axi4_axi3.axi3_conv_inst/USE_READ.USE_SPLIT_R.read_addr_inst/USE_R_CHANNEL.cmd_queue/inst/fifo_gen_inst/<hidden>/<hidden>/<hidden>/<hidden>/<hidden>
    SLICE_X15Y47         FDRE                                         r  rl_system_luban7020_i/hp_ic/s00_couplers/auto_pc/inst/gen_axi4_axi3.axi3_conv_inst/USE_READ.USE_SPLIT_R.read_addr_inst/USE_R_CHANNEL.cmd_queue/inst/fifo_gen_inst/<hidden>/<hidden>/<hidden>/<hidden>/<hidden>/<hidden>
  -------------------------------------------------------------------    -------------------
    SLICE_X15Y47         FDRE (Prop_fdre_C_Q)         0.348     2.912 f  rl_system_luban7020_i/hp_ic/s00_couplers/auto_pc/inst/gen_axi4_axi3.axi3_conv_inst/USE_READ.USE_SPLIT_R.read_addr_inst/USE_R_CHANNEL.cmd_queue/inst/fifo_gen_inst/<hidden>/<hidden>/<hidden>/<hidden>/<hidden>/<hidden>
                         net (fo=1, routed)           0.655     3.567    rl_system_luban7020_i/hp_ic/s00_couplers/auto_pc/inst/gen_axi4_axi3.axi3_conv_inst/USE_READ.USE_SPLIT_R.read_addr_inst/USE_R_CHANNEL.cmd_queue/inst/fifo_gen_inst/<hidden>/<hidden>/<hidden>/<hidden>/<hidden>
    SLICE_X14Y47         LUT3 (Prop_lut3_I0_O)        0.239     3.806 f  rl_system_luban7020_i/hp_ic/s00_couplers/auto_pc/inst/gen_axi4_axi3.axi3_conv_inst/USE_READ.USE_SPLIT_R.read_addr_inst/USE_R_CHANNEL.cmd_queue/inst/fifo_gen_inst/<hidden>/<hidden>/<hidden>/<hidden>/<hidden>/<hidden>
                         net (fo=33, routed)          0.297     4.103    rl_system_luban7020_i/hp_ic/s00_couplers/auto_pc/inst/gen_axi4_axi3.axi3_conv_inst/USE_READ.USE_SPLIT_R.read_addr_inst/USE_R_CHANNEL.cmd_queue/inst/fifo_gen_inst/<hidden>/<hidden>/<hidden>/<hidden>/<hidden>/<hidden>
    SLICE_X13Y47         FDCE                                         f  rl_system_luban7020_i/hp_ic/s00_couplers/auto_pc/inst/gen_axi4_axi3.axi3_conv_inst/USE_READ.USE_SPLIT_R.read_addr_inst/USE_R_CHANNEL.cmd_queue/inst/fifo_gen_inst/<hidden>/<hidden>/<hidden>/<hidden>/<hidden>/<hidden>/<hidden>
  -------------------------------------------------------------------    -------------------

                         (clock clk_fpga_0 rise edge)
                                                      6.000     6.000 r  <hidden>
    PS7_X0Y0             PS7                          0.000     6.000 r  rl_system_luban7020_i/ps7/inst/PS7_i/FCLKCLK[0]
                         net (fo=1, routed)           0.905     6.905    rl_system_luban7020_i/ps7/inst/FCLK_CLK_unbuffered[0]
    BUFGCTRL_X0Y16       BUFG (Prop_bufg_I_O)         0.077     6.983 r  rl_system_luban7020_i/ps7/inst/buffer_fclk_clk_0.FCLK_CLK_0_BUFG/O
                         net (fo=16934, routed)       1.328     8.310    rl_system_luban7020_i/hp_ic/s00_couplers/auto_pc/inst/gen_axi4_axi3.axi3_conv_inst/USE_READ.USE_SPLIT_R.read_addr_inst/USE_R_CHANNEL.cmd_queue/inst/fifo_gen_inst/<hidden>/<hidden>/<hidden>/<hidden>/<hidden>/<hidden>
    SLICE_X13Y47         FDCE                                         r  rl_system_luban7020_i/hp_ic/s00_couplers/auto_pc/inst/gen_axi4_axi3.axi3_conv_inst/USE_READ.USE_SPLIT_R.read_addr_inst/USE_R_CHANNEL.cmd_queue/inst/fifo_gen_inst/<hidden>/<hidden>/<hidden>/<hidden>/<hidden>/<hidden>/<hidden>
                         clock pessimism              0.226     8.536    <hidden>
                         clock uncertainty           -0.097     8.439    <hidden>
    SLICE_X13Y47         FDCE (Recov_fdce_C_CLR)     -0.331     8.108    rl_system_luban7020_i/hp_ic/s00_couplers/auto_pc/inst/gen_axi4_axi3.axi3_conv_inst/USE_READ.USE_SPLIT_R.read_addr_inst/USE_R_CHANNEL.cmd_queue/inst/fifo_gen_inst/<hidden>/<hidden>/<hidden>/<hidden>/<hidden>/<hidden>
  -------------------------------------------------------------------
                         required time                          8.108    <hidden>
                         arrival time                          -4.103    <hidden>
  -------------------------------------------------------------------
                         slack                                  4.005    <hidden>

Slack (MET) :             4.005ns  (required time - arrival time)
  Source:                 rl_system_luban7020_i/hp_ic/s00_couplers/auto_pc/inst/gen_axi4_axi3.axi3_conv_inst/USE_READ.USE_SPLIT_R.read_addr_inst/USE_R_CHANNEL.cmd_queue/inst/fifo_gen_inst/<hidden>/<hidden>/<hidden>/<hidden>/<hidden>/<hidden>
                            (rising edge-triggered cell FDRE clocked by clk_fpga_0  {rise@0.000ns fall@3.000ns period=6.000ns})
  Destination:            rl_system_luban7020_i/hp_ic/s00_couplers/auto_pc/inst/gen_axi4_axi3.axi3_conv_inst/USE_READ.USE_SPLIT_R.read_addr_inst/USE_R_CHANNEL.cmd_queue/inst/fifo_gen_inst/<hidden>/<hidden>/<hidden>/<hidden>/<hidden>/<hidden>/<hidden>
                            (recovery check against rising-edge clock clk_fpga_0  {rise@0.000ns fall@3.000ns period=6.000ns})
  Path Group:             **async_default**
  Path Type:              Recovery (Max at Slow Process Corner)
  Requirement:            6.000ns  (clk_fpga_0 rise@6.000ns - clk_fpga_0 rise@0.000ns)
  Data Path Delay:        1.539ns  (logic 0.587ns (38.143%)  route 0.952ns (61.857%))
  Logic Levels:           1  (LUT3=1)
  Clock Path Skew:        -0.028ns (DCD - SCD + CPR)
    Destination Clock Delay (DCD):    2.310ns = ( 8.310 - 6.000 ) 
    Source Clock Delay      (SCD):    2.564ns
    Clock Pessimism Removal (CPR):    0.226ns
  Clock Uncertainty:      0.097ns  ((TSJ^2 + TIJ^2)^1/2 + DJ) / 2 + PE
    Total System Jitter     (TSJ):    0.071ns
    Total Input Jitter      (TIJ):    0.180ns
    Discrete Jitter          (DJ):    0.000ns
    Phase Error              (PE):    0.000ns

    Location             Delay type                Incr(ns)  Path(ns)    Netlist Resource(s)
  -------------------------------------------------------------------    -------------------
                         (clock clk_fpga_0 rise edge)
                                                      0.000     0.000 r  <hidden>
    PS7_X0Y0             PS7                          0.000     0.000 r  rl_system_luban7020_i/ps7/inst/PS7_i/FCLKCLK[0]
                         net (fo=1, routed)           0.994     0.994    rl_system_luban7020_i/ps7/inst/FCLK_CLK_unbuffered[0]
    BUFGCTRL_X0Y16       BUFG (Prop_bufg_I_O)         0.085     1.079 r  rl_system_luban7020_i/ps7/inst/buffer_fclk_clk_0.FCLK_CLK_0_BUFG/O
                         net (fo=16934, routed)       1.485     2.564    rl_system_luban7020_i/hp_ic/s00_couplers/auto_pc/inst/gen_axi4_axi3.axi3_conv_inst/USE_READ.USE_SPLIT_R.read_addr_inst/USE_R_CHANNEL.cmd_queue/inst/fifo_gen_inst/<hidden>/<hidden>/<hidden>/<hidden>/<hidden>
    SLICE_X15Y47         FDRE                                         r  rl_system_luban7020_i/hp_ic/s00_couplers/auto_pc/inst/gen_axi4_axi3.axi3_conv_inst/USE_READ.USE_SPLIT_R.read_addr_inst/USE_R_CHANNEL.cmd_queue/inst/fifo_gen_inst/<hidden>/<hidden>/<hidden>/<hidden>/<hidden>/<hidden>
  -------------------------------------------------------------------    -------------------
    SLICE_X15Y47         FDRE (Prop_fdre_C_Q)         0.348     2.912 f  rl_system_luban7020_i/hp_ic/s00_couplers/auto_pc/inst/gen_axi4_axi3.axi3_conv_inst/USE_READ.USE_SPLIT_R.read_addr_inst/USE_R_CHANNEL.cmd_queue/inst/fifo_gen_inst/<hidden>/<hidden>/<hidden>/<hidden>/<hidden>/<hidden>
                         net (fo=1, routed)           0.655     3.567    rl_system_luban7020_i/hp_ic/s00_couplers/auto_pc/inst/gen_axi4_axi3.axi3_conv_inst/USE_READ.USE_SPLIT_R.read_addr_inst/USE_R_CHANNEL.cmd_queue/inst/fifo_gen_inst/<hidden>/<hidden>/<hidden>/<hidden>/<hidden>
    SLICE_X14Y47         LUT3 (Prop_lut3_I0_O)        0.239     3.806 f  rl_system_luban7020_i/hp_ic/s00_couplers/auto_pc/inst/gen_axi4_axi3.axi3_conv_inst/USE_READ.USE_SPLIT_R.read_addr_inst/USE_R_CHANNEL.cmd_queue/inst/fifo_gen_inst/<hidden>/<hidden>/<hidden>/<hidden>/<hidden>/<hidden>
                         net (fo=33, routed)          0.297     4.103    rl_system_luban7020_i/hp_ic/s00_couplers/auto_pc/inst/gen_axi4_axi3.axi3_conv_inst/USE_READ.USE_SPLIT_R.read_addr_inst/USE_R_CHANNEL.cmd_queue/inst/fifo_gen_inst/<hidden>/<hidden>/<hidden>/<hidden>/<hidden>/<hidden>
    SLICE_X13Y47         FDCE                                         f  rl_system_luban7020_i/hp_ic/s00_couplers/auto_pc/inst/gen_axi4_axi3.axi3_conv_inst/USE_READ.USE_SPLIT_R.read_addr_inst/USE_R_CHANNEL.cmd_queue/inst/fifo_gen_inst/<hidden>/<hidden>/<hidden>/<hidden>/<hidden>/<hidden>/<hidden>
  -------------------------------------------------------------------    -------------------

                         (clock clk_fpga_0 rise edge)
                                                      6.000     6.000 r  <hidden>
    PS7_X0Y0             PS7                          0.000     6.000 r  rl_system_luban7020_i/ps7/inst/PS7_i/FCLKCLK[0]
                         net (fo=1, routed)           0.905     6.905    rl_system_luban7020_i/ps7/inst/FCLK_CLK_unbuffered[0]
    BUFGCTRL_X0Y16       BUFG (Prop_bufg_I_O)         0.077     6.983 r  rl_system_luban7020_i/ps7/inst/buffer_fclk_clk_0.FCLK_CLK_0_BUFG/O
                         net (fo=16934, routed)       1.328     8.310    rl_system_luban7020_i/hp_ic/s00_couplers/auto_pc/inst/gen_axi4_axi3.axi3_conv_inst/USE_READ.USE_SPLIT_R.read_addr_inst/USE_R_CHANNEL.cmd_queue/inst/fifo_gen_inst/<hidden>/<hidden>/<hidden>/<hidden>/<hidden>/<hidden>
    SLICE_X13Y47         FDCE                                         r  rl_system_luban7020_i/hp_ic/s00_couplers/auto_pc/inst/gen_axi4_axi3.axi3_conv_inst/USE_READ.USE_SPLIT_R.read_addr_inst/USE_R_CHANNEL.cmd_queue/inst/fifo_gen_inst/<hidden>/<hidden>/<hidden>/<hidden>/<hidden>/<hidden>/<hidden>
                         clock pessimism              0.226     8.536    <hidden>
                         clock uncertainty           -0.097     8.439    <hidden>
    SLICE_X13Y47         FDCE (Recov_fdce_C_CLR)     -0.331     8.108    rl_system_luban7020_i/hp_ic/s00_couplers/auto_pc/inst/gen_axi4_axi3.axi3_conv_inst/USE_READ.USE_SPLIT_R.read_addr_inst/USE_R_CHANNEL.cmd_queue/inst/fifo_gen_inst/<hidden>/<hidden>/<hidden>/<hidden>/<hidden>/<hidden>
  -------------------------------------------------------------------
                         required time                          8.108    <hidden>
                         arrival time                          -4.103    <hidden>
  -------------------------------------------------------------------
                         slack                                  4.005    <hidden>

Slack (MET) :             4.005ns  (required time - arrival time)
  Source:                 rl_system_luban7020_i/hp_ic/s00_couplers/auto_pc/inst/gen_axi4_axi3.axi3_conv_inst/USE_READ.USE_SPLIT_R.read_addr_inst/USE_R_CHANNEL.cmd_queue/inst/fifo_gen_inst/<hidden>/<hidden>/<hidden>/<hidden>/<hidden>/<hidden>
                            (rising edge-triggered cell FDRE clocked by clk_fpga_0  {rise@0.000ns fall@3.000ns period=6.000ns})
  Destination:            rl_system_luban7020_i/hp_ic/s00_couplers/auto_pc/inst/gen_axi4_axi3.axi3_conv_inst/USE_READ.USE_SPLIT_R.read_addr_inst/USE_R_CHANNEL.cmd_queue/inst/fifo_gen_inst/<hidden>/<hidden>/<hidden>/<hidden>/<hidden>/<hidden>/<hidden>
                            (recovery check against rising-edge clock clk_fpga_0  {rise@0.000ns fall@3.000ns period=6.000ns})
  Path Group:             **async_default**
  Path Type:              Recovery (Max at Slow Process Corner)
  Requirement:            6.000ns  (clk_fpga_0 rise@6.000ns - clk_fpga_0 rise@0.000ns)
  Data Path Delay:        1.539ns  (logic 0.587ns (38.143%)  route 0.952ns (61.857%))
  Logic Levels:           1  (LUT3=1)
  Clock Path Skew:        -0.028ns (DCD - SCD + CPR)
    Destination Clock Delay (DCD):    2.310ns = ( 8.310 - 6.000 ) 
    Source Clock Delay      (SCD):    2.564ns
    Clock Pessimism Removal (CPR):    0.226ns
  Clock Uncertainty:      0.097ns  ((TSJ^2 + TIJ^2)^1/2 + DJ) / 2 + PE
    Total System Jitter     (TSJ):    0.071ns
    Total Input Jitter      (TIJ):    0.180ns
    Discrete Jitter          (DJ):    0.000ns
    Phase Error              (PE):    0.000ns

    Location             Delay type                Incr(ns)  Path(ns)    Netlist Resource(s)
  -------------------------------------------------------------------    -------------------
                         (clock clk_fpga_0 rise edge)
                                                      0.000     0.000 r  <hidden>
    PS7_X0Y0             PS7                          0.000     0.000 r  rl_system_luban7020_i/ps7/inst/PS7_i/FCLKCLK[0]
                         net (fo=1, routed)           0.994     0.994    rl_system_luban7020_i/ps7/inst/FCLK_CLK_unbuffered[0]
    BUFGCTRL_X0Y16       BUFG (Prop_bufg_I_O)         0.085     1.079 r  rl_system_luban7020_i/ps7/inst/buffer_fclk_clk_0.FCLK_CLK_0_BUFG/O
                         net (fo=16934, routed)       1.485     2.564    rl_system_luban7020_i/hp_ic/s00_couplers/auto_pc/inst/gen_axi4_axi3.axi3_conv_inst/USE_READ.USE_SPLIT_R.read_addr_inst/USE_R_CHANNEL.cmd_queue/inst/fifo_gen_inst/<hidden>/<hidden>/<hidden>/<hidden>/<hidden>
    SLICE_X15Y47         FDRE                                         r  rl_system_luban7020_i/hp_ic/s00_couplers/auto_pc/inst/gen_axi4_axi3.axi3_conv_inst/USE_READ.USE_SPLIT_R.read_addr_inst/USE_R_CHANNEL.cmd_queue/inst/fifo_gen_inst/<hidden>/<hidden>/<hidden>/<hidden>/<hidden>/<hidden>
  -------------------------------------------------------------------    -------------------
    SLICE_X15Y47         FDRE (Prop_fdre_C_Q)         0.348     2.912 f  rl_system_luban7020_i/hp_ic/s00_couplers/auto_pc/inst/gen_axi4_axi3.axi3_conv_inst/USE_READ.USE_SPLIT_R.read_addr_inst/USE_R_CHANNEL.cmd_queue/inst/fifo_gen_inst/<hidden>/<hidden>/<hidden>/<hidden>/<hidden>/<hidden>
                         net (fo=1, routed)           0.655     3.567    rl_system_luban7020_i/hp_ic/s00_couplers/auto_pc/inst/gen_axi4_axi3.axi3_conv_inst/USE_READ.USE_SPLIT_R.read_addr_inst/USE_R_CHANNEL.cmd_queue/inst/fifo_gen_inst/<hidden>/<hidden>/<hidden>/<hidden>/<hidden>
    SLICE_X14Y47         LUT3 (Prop_lut3_I0_O)        0.239     3.806 f  rl_system_luban7020_i/hp_ic/s00_couplers/auto_pc/inst/gen_axi4_axi3.axi3_conv_inst/USE_READ.USE_SPLIT_R.read_addr_inst/USE_R_CHANNEL.cmd_queue/inst/fifo_gen_inst/<hidden>/<hidden>/<hidden>/<hidden>/<hidden>/<hidden>
                         net (fo=33, routed)          0.297     4.103    rl_system_luban7020_i/hp_ic/s00_couplers/auto_pc/inst/gen_axi4_axi3.axi3_conv_inst/USE_READ.USE_SPLIT_R.read_addr_inst/USE_R_CHANNEL.cmd_queue/inst/fifo_gen_inst/<hidden>/<hidden>/<hidden>/<hidden>/<hidden>/<hidden>
    SLICE_X13Y47         FDCE                                         f  rl_system_luban7020_i/hp_ic/s00_couplers/auto_pc/inst/gen_axi4_axi3.axi3_conv_inst/USE_READ.USE_SPLIT_R.read_addr_inst/USE_R_CHANNEL.cmd_queue/inst/fifo_gen_inst/<hidden>/<hidden>/<hidden>/<hidden>/<hidden>/<hidden>/<hidden>
  -------------------------------------------------------------------    -------------------

                         (clock clk_fpga_0 rise edge)
                                                      6.000     6.000 r  <hidden>
    PS7_X0Y0             PS7                          0.000     6.000 r  rl_system_luban7020_i/ps7/inst/PS7_i/FCLKCLK[0]
                         net (fo=1, routed)           0.905     6.905    rl_system_luban7020_i/ps7/inst/FCLK_CLK_unbuffered[0]
    BUFGCTRL_X0Y16       BUFG (Prop_bufg_I_O)         0.077     6.983 r  rl_system_luban7020_i/ps7/inst/buffer_fclk_clk_0.FCLK_CLK_0_BUFG/O
                         net (fo=16934, routed)       1.328     8.310    rl_system_luban7020_i/hp_ic/s00_couplers/auto_pc/inst/gen_axi4_axi3.axi3_conv_inst/USE_READ.USE_SPLIT_R.read_addr_inst/USE_R_CHANNEL.cmd_queue/inst/fifo_gen_inst/<hidden>/<hidden>/<hidden>/<hidden>/<hidden>/<hidden>
    SLICE_X13Y47         FDCE                                         r  rl_system_luban7020_i/hp_ic/s00_couplers/auto_pc/inst/gen_axi4_axi3.axi3_conv_inst/USE_READ.USE_SPLIT_R.read_addr_inst/USE_R_CHANNEL.cmd_queue/inst/fifo_gen_inst/<hidden>/<hidden>/<hidden>/<hidden>/<hidden>/<hidden>/<hidden>
                         clock pessimism              0.226     8.536    <hidden>
                         clock uncertainty           -0.097     8.439    <hidden>
    SLICE_X13Y47         FDCE (Recov_fdce_C_CLR)     -0.331     8.108    rl_system_luban7020_i/hp_ic/s00_couplers/auto_pc/inst/gen_axi4_axi3.axi3_conv_inst/USE_READ.USE_SPLIT_R.read_addr_inst/USE_R_CHANNEL.cmd_queue/inst/fifo_gen_inst/<hidden>/<hidden>/<hidden>/<hidden>/<hidden>/<hidden>
  -------------------------------------------------------------------
                         required time                          8.108    <hidden>
                         arrival time                          -4.103    <hidden>
  -------------------------------------------------------------------
                         slack                                  4.005    <hidden>

Slack (MET) :             4.009ns  (required time - arrival time)
  Source:                 rl_system_luban7020_i/hp_ic/s00_couplers/auto_pc/inst/gen_axi4_axi3.axi3_conv_inst/USE_READ.USE_SPLIT_R.read_addr_inst/USE_R_CHANNEL.cmd_queue/inst/fifo_gen_inst/<hidden>/<hidden>/<hidden>/<hidden>/<hidden>/<hidden>
                            (rising edge-triggered cell FDRE clocked by clk_fpga_0  {rise@0.000ns fall@3.000ns period=6.000ns})
  Destination:            rl_system_luban7020_i/hp_ic/s00_couplers/auto_pc/inst/gen_axi4_axi3.axi3_conv_inst/USE_READ.USE_SPLIT_R.read_addr_inst/USE_R_CHANNEL.cmd_queue/inst/fifo_gen_inst/<hidden>/<hidden>/<hidden>/<hidden>/<hidden>/<hidden>/<hidden>
                            (recovery check against rising-edge clock clk_fpga_0  {rise@0.000ns fall@3.000ns period=6.000ns})
  Path Group:             **async_default**
  Path Type:              Recovery (Max at Slow Process Corner)
  Requirement:            6.000ns  (clk_fpga_0 rise@6.000ns - clk_fpga_0 rise@0.000ns)
  Data Path Delay:        1.535ns  (logic 0.587ns (38.239%)  route 0.948ns (61.761%))
  Logic Levels:           1  (LUT3=1)
  Clock Path Skew:        -0.028ns (DCD - SCD + CPR)
    Destination Clock Delay (DCD):    2.310ns = ( 8.310 - 6.000 ) 
    Source Clock Delay      (SCD):    2.564ns
    Clock Pessimism Removal (CPR):    0.226ns
  Clock Uncertainty:      0.097ns  ((TSJ^2 + TIJ^2)^1/2 + DJ) / 2 + PE
    Total System Jitter     (TSJ):    0.071ns
    Total Input Jitter      (TIJ):    0.180ns
    Discrete Jitter          (DJ):    0.000ns
    Phase Error              (PE):    0.000ns

    Location             Delay type                Incr(ns)  Path(ns)    Netlist Resource(s)
  -------------------------------------------------------------------    -------------------
                         (clock clk_fpga_0 rise edge)
                                                      0.000     0.000 r  <hidden>
    PS7_X0Y0             PS7                          0.000     0.000 r  rl_system_luban7020_i/ps7/inst/PS7_i/FCLKCLK[0]
                         net (fo=1, routed)           0.994     0.994    rl_system_luban7020_i/ps7/inst/FCLK_CLK_unbuffered[0]
    BUFGCTRL_X0Y16       BUFG (Prop_bufg_I_O)         0.085     1.079 r  rl_system_luban7020_i/ps7/inst/buffer_fclk_clk_0.FCLK_CLK_0_BUFG/O
                         net (fo=16934, routed)       1.485     2.564    rl_system_luban7020_i/hp_ic/s00_couplers/auto_pc/inst/gen_axi4_axi3.axi3_conv_inst/USE_READ.USE_SPLIT_R.read_addr_inst/USE_R_CHANNEL.cmd_queue/inst/fifo_gen_inst/<hidden>/<hidden>/<hidden>/<hidden>/<hidden>
    SLICE_X15Y47         FDRE                                         r  rl_system_luban7020_i/hp_ic/s00_couplers/auto_pc/inst/gen_axi4_axi3.axi3_conv_inst/USE_READ.USE_SPLIT_R.read_addr_inst/USE_R_CHANNEL.cmd_queue/inst/fifo_gen_inst/<hidden>/<hidden>/<hidden>/<hidden>/<hidden>/<hidden>
  -------------------------------------------------------------------    -------------------
    SLICE_X15Y47         FDRE (Prop_fdre_C_Q)         0.348     2.912 f  rl_system_luban7020_i/hp_ic/s00_couplers/auto_pc/inst/gen_axi4_axi3.axi3_conv_inst/USE_READ.USE_SPLIT_R.read_addr_inst/USE_R_CHANNEL.cmd_queue/inst/fifo_gen_inst/<hidden>/<hidden>/<hidden>/<hidden>/<hidden>/<hidden>
                         net (fo=1, routed)           0.655     3.567    rl_system_luban7020_i/hp_ic/s00_couplers/auto_pc/inst/gen_axi4_axi3.axi3_conv_inst/USE_READ.USE_SPLIT_R.read_addr_inst/USE_R_CHANNEL.cmd_queue/inst/fifo_gen_inst/<hidden>/<hidden>/<hidden>/<hidden>/<hidden>
    SLICE_X14Y47         LUT3 (Prop_lut3_I0_O)        0.239     3.806 f  rl_system_luban7020_i/hp_ic/s00_couplers/auto_pc/inst/gen_axi4_axi3.axi3_conv_inst/USE_READ.USE_SPLIT_R.read_addr_inst/USE_R_CHANNEL.cmd_queue/inst/fifo_gen_inst/<hidden>/<hidden>/<hidden>/<hidden>/<hidden>/<hidden>
                         net (fo=33, routed)          0.293     4.099    rl_system_luban7020_i/hp_ic/s00_couplers/auto_pc/inst/gen_axi4_axi3.axi3_conv_inst/USE_READ.USE_SPLIT_R.read_addr_inst/USE_R_CHANNEL.cmd_queue/inst/fifo_gen_inst/<hidden>/<hidden>/<hidden>/<hidden>/<hidden>/<hidden>
    SLICE_X15Y46         FDCE                                         f  rl_system_luban7020_i/hp_ic/s00_couplers/auto_pc/inst/gen_axi4_axi3.axi3_conv_inst/USE_READ.USE_SPLIT_R.read_addr_inst/USE_R_CHANNEL.cmd_queue/inst/fifo_gen_inst/<hidden>/<hidden>/<hidden>/<hidden>/<hidden>/<hidden>/<hidden>
  -------------------------------------------------------------------    -------------------

                         (clock clk_fpga_0 rise edge)
                                                      6.000     6.000 r  <hidden>
    PS7_X0Y0             PS7                          0.000     6.000 r  rl_system_luban7020_i/ps7/inst/PS7_i/FCLKCLK[0]
                         net (fo=1, routed)           0.905     6.905    rl_system_luban7020_i/ps7/inst/FCLK_CLK_unbuffered[0]
    BUFGCTRL_X0Y16       BUFG (Prop_bufg_I_O)         0.077     6.983 r  rl_system_luban7020_i/ps7/inst/buffer_fclk_clk_0.FCLK_CLK_0_BUFG/O
                         net (fo=16934, routed)       1.328     8.310    rl_system_luban7020_i/hp_ic/s00_couplers/auto_pc/inst/gen_axi4_axi3.axi3_conv_inst/USE_READ.USE_SPLIT_R.read_addr_inst/USE_R_CHANNEL.cmd_queue/inst/fifo_gen_inst/<hidden>/<hidden>/<hidden>/<hidden>/<hidden>/<hidden>
    SLICE_X15Y46         FDCE                                         r  rl_system_luban7020_i/hp_ic/s00_couplers/auto_pc/inst/gen_axi4_axi3.axi3_conv_inst/USE_READ.USE_SPLIT_R.read_addr_inst/USE_R_CHANNEL.cmd_queue/inst/fifo_gen_inst/<hidden>/<hidden>/<hidden>/<hidden>/<hidden>/<hidden>/<hidden>
                         clock pessimism              0.226     8.536    <hidden>
                         clock uncertainty           -0.097     8.439    <hidden>
    SLICE_X15Y46         FDCE (Recov_fdce_C_CLR)     -0.331     8.108    rl_system_luban7020_i/hp_ic/s00_couplers/auto_pc/inst/gen_axi4_axi3.axi3_conv_inst/USE_READ.USE_SPLIT_R.read_addr_inst/USE_R_CHANNEL.cmd_queue/inst/fifo_gen_inst/<hidden>/<hidden>/<hidden>/<hidden>/<hidden>/<hidden>
  -------------------------------------------------------------------
                         required time                          8.108    <hidden>
                         arrival time                          -4.099    <hidden>
  -------------------------------------------------------------------
                         slack                                  4.009    <hidden>

Slack (MET) :             4.009ns  (required time - arrival time)
  Source:                 rl_system_luban7020_i/hp_ic/s00_couplers/auto_pc/inst/gen_axi4_axi3.axi3_conv_inst/USE_READ.USE_SPLIT_R.read_addr_inst/USE_R_CHANNEL.cmd_queue/inst/fifo_gen_inst/<hidden>/<hidden>/<hidden>/<hidden>/<hidden>/<hidden>
                            (rising edge-triggered cell FDRE clocked by clk_fpga_0  {rise@0.000ns fall@3.000ns period=6.000ns})
  Destination:            rl_system_luban7020_i/hp_ic/s00_couplers/auto_pc/inst/gen_axi4_axi3.axi3_conv_inst/USE_READ.USE_SPLIT_R.read_addr_inst/USE_R_CHANNEL.cmd_queue/inst/fifo_gen_inst/<hidden>/<hidden>/<hidden>/<hidden>/<hidden>/<hidden>/<hidden>
                            (recovery check against rising-edge clock clk_fpga_0  {rise@0.000ns fall@3.000ns period=6.000ns})
  Path Group:             **async_default**
  Path Type:              Recovery (Max at Slow Process Corner)
  Requirement:            6.000ns  (clk_fpga_0 rise@6.000ns - clk_fpga_0 rise@0.000ns)
  Data Path Delay:        1.535ns  (logic 0.587ns (38.239%)  route 0.948ns (61.761%))
  Logic Levels:           1  (LUT3=1)
  Clock Path Skew:        -0.028ns (DCD - SCD + CPR)
    Destination Clock Delay (DCD):    2.310ns = ( 8.310 - 6.000 ) 
    Source Clock Delay      (SCD):    2.564ns
    Clock Pessimism Removal (CPR):    0.226ns
  Clock Uncertainty:      0.097ns  ((TSJ^2 + TIJ^2)^1/2 + DJ) / 2 + PE
    Total System Jitter     (TSJ):    0.071ns
    Total Input Jitter      (TIJ):    0.180ns
    Discrete Jitter          (DJ):    0.000ns
    Phase Error              (PE):    0.000ns

    Location             Delay type                Incr(ns)  Path(ns)    Netlist Resource(s)
  -------------------------------------------------------------------    -------------------
                         (clock clk_fpga_0 rise edge)
                                                      0.000     0.000 r  <hidden>
    PS7_X0Y0             PS7                          0.000     0.000 r  rl_system_luban7020_i/ps7/inst/PS7_i/FCLKCLK[0]
                         net (fo=1, routed)           0.994     0.994    rl_system_luban7020_i/ps7/inst/FCLK_CLK_unbuffered[0]
    BUFGCTRL_X0Y16       BUFG (Prop_bufg_I_O)         0.085     1.079 r  rl_system_luban7020_i/ps7/inst/buffer_fclk_clk_0.FCLK_CLK_0_BUFG/O
                         net (fo=16934, routed)       1.485     2.564    rl_system_luban7020_i/hp_ic/s00_couplers/auto_pc/inst/gen_axi4_axi3.axi3_conv_inst/USE_READ.USE_SPLIT_R.read_addr_inst/USE_R_CHANNEL.cmd_queue/inst/fifo_gen_inst/<hidden>/<hidden>/<hidden>/<hidden>/<hidden>
    SLICE_X15Y47         FDRE                                         r  rl_system_luban7020_i/hp_ic/s00_couplers/auto_pc/inst/gen_axi4_axi3.axi3_conv_inst/USE_READ.USE_SPLIT_R.read_addr_inst/USE_R_CHANNEL.cmd_queue/inst/fifo_gen_inst/<hidden>/<hidden>/<hidden>/<hidden>/<hidden>/<hidden>
  -------------------------------------------------------------------    -------------------
    SLICE_X15Y47         FDRE (Prop_fdre_C_Q)         0.348     2.912 f  rl_system_luban7020_i/hp_ic/s00_couplers/auto_pc/inst/gen_axi4_axi3.axi3_conv_inst/USE_READ.USE_SPLIT_R.read_addr_inst/USE_R_CHANNEL.cmd_queue/inst/fifo_gen_inst/<hidden>/<hidden>/<hidden>/<hidden>/<hidden>/<hidden>
                         net (fo=1, routed)           0.655     3.567    rl_system_luban7020_i/hp_ic/s00_couplers/auto_pc/inst/gen_axi4_axi3.axi3_conv_inst/USE_READ.USE_SPLIT_R.read_addr_inst/USE_R_CHANNEL.cmd_queue/inst/fifo_gen_inst/<hidden>/<hidden>/<hidden>/<hidden>/<hidden>
    SLICE_X14Y47         LUT3 (Prop_lut3_I0_O)        0.239     3.806 f  rl_system_luban7020_i/hp_ic/s00_couplers/auto_pc/inst/gen_axi4_axi3.axi3_conv_inst/USE_READ.USE_SPLIT_R.read_addr_inst/USE_R_CHANNEL.cmd_queue/inst/fifo_gen_inst/<hidden>/<hidden>/<hidden>/<hidden>/<hidden>/<hidden>
                         net (fo=33, routed)          0.293     4.099    rl_system_luban7020_i/hp_ic/s00_couplers/auto_pc/inst/gen_axi4_axi3.axi3_conv_inst/USE_READ.USE_SPLIT_R.read_addr_inst/USE_R_CHANNEL.cmd_queue/inst/fifo_gen_inst/<hidden>/<hidden>/<hidden>/<hidden>/<hidden>/<hidden>
    SLICE_X15Y46         FDCE                                         f  rl_system_luban7020_i/hp_ic/s00_couplers/auto_pc/inst/gen_axi4_axi3.axi3_conv_inst/USE_READ.USE_SPLIT_R.read_addr_inst/USE_R_CHANNEL.cmd_queue/inst/fifo_gen_inst/<hidden>/<hidden>/<hidden>/<hidden>/<hidden>/<hidden>/<hidden>
  -------------------------------------------------------------------    -------------------

                         (clock clk_fpga_0 rise edge)
                                                      6.000     6.000 r  <hidden>
    PS7_X0Y0             PS7                          0.000     6.000 r  rl_system_luban7020_i/ps7/inst/PS7_i/FCLKCLK[0]
                         net (fo=1, routed)           0.905     6.905    rl_system_luban7020_i/ps7/inst/FCLK_CLK_unbuffered[0]
    BUFGCTRL_X0Y16       BUFG (Prop_bufg_I_O)         0.077     6.983 r  rl_system_luban7020_i/ps7/inst/buffer_fclk_clk_0.FCLK_CLK_0_BUFG/O
                         net (fo=16934, routed)       1.328     8.310    rl_system_luban7020_i/hp_ic/s00_couplers/auto_pc/inst/gen_axi4_axi3.axi3_conv_inst/USE_READ.USE_SPLIT_R.read_addr_inst/USE_R_CHANNEL.cmd_queue/inst/fifo_gen_inst/<hidden>/<hidden>/<hidden>/<hidden>/<hidden>/<hidden>
    SLICE_X15Y46         FDCE                                         r  rl_system_luban7020_i/hp_ic/s00_couplers/auto_pc/inst/gen_axi4_axi3.axi3_conv_inst/USE_READ.USE_SPLIT_R.read_addr_inst/USE_R_CHANNEL.cmd_queue/inst/fifo_gen_inst/<hidden>/<hidden>/<hidden>/<hidden>/<hidden>/<hidden>/<hidden>
                         clock pessimism              0.226     8.536    <hidden>
                         clock uncertainty           -0.097     8.439    <hidden>
    SLICE_X15Y46         FDCE (Recov_fdce_C_CLR)     -0.331     8.108    rl_system_luban7020_i/hp_ic/s00_couplers/auto_pc/inst/gen_axi4_axi3.axi3_conv_inst/USE_READ.USE_SPLIT_R.read_addr_inst/USE_R_CHANNEL.cmd_queue/inst/fifo_gen_inst/<hidden>/<hidden>/<hidden>/<hidden>/<hidden>/<hidden>
  -------------------------------------------------------------------
                         required time                          8.108    <hidden>
                         arrival time                          -4.099    <hidden>
  -------------------------------------------------------------------
                         slack                                  4.009    <hidden>





Min Delay Paths
--------------------------------------------------------------------------------------
Slack (MET) :             0.539ns  (arrival time - required time)
  Source:                 rl_system_luban7020_i/hp_ic/s00_couplers/auto_pc/inst/gen_axi4_axi3.axi3_conv_inst/USE_READ.USE_SPLIT_R.read_addr_inst/USE_R_CHANNEL.cmd_queue/inst/fifo_gen_inst/<hidden>/<hidden>/<hidden>/<hidden>/<hidden>/<hidden>/<hidden>
                            (rising edge-triggered cell FDPE clocked by clk_fpga_0  {rise@0.000ns fall@3.000ns period=6.000ns})
  Destination:            rl_system_luban7020_i/hp_ic/s00_couplers/auto_pc/inst/gen_axi4_axi3.axi3_conv_inst/USE_READ.USE_SPLIT_R.read_addr_inst/USE_R_CHANNEL.cmd_queue/inst/fifo_gen_inst/<hidden>/<hidden>/<hidden>/<hidden>/<hidden>/<hidden>/<hidden>
                            (removal check against rising-edge clock clk_fpga_0  {rise@0.000ns fall@3.000ns period=6.000ns})
  Path Group:             **async_default**
  Path Type:              Removal (Min at Fast Process Corner)
  Requirement:            0.000ns  (clk_fpga_0 rise@0.000ns - clk_fpga_0 rise@0.000ns)
  Data Path Delay:        0.509ns  (logic 0.246ns (48.331%)  route 0.263ns (51.669%))
  Logic Levels:           1  (LUT3=1)
  Clock Path Skew:        0.037ns (DCD - SCD - CPR)
    Destination Clock Delay (DCD):    1.232ns
    Source Clock Delay      (SCD):    0.932ns
    Clock Pessimism Removal (CPR):    0.263ns

    Location             Delay type                Incr(ns)  Path(ns)    Netlist Resource(s)
  -------------------------------------------------------------------    -------------------
                         (clock clk_fpga_0 rise edge)
                                                      0.000     0.000 r  <hidden>
    PS7_X0Y0             PS7                          0.000     0.000 r  rl_system_luban7020_i/ps7/inst/PS7_i/FCLKCLK[0]
                         net (fo=1, routed)           0.310     0.310    rl_system_luban7020_i/ps7/inst/FCLK_CLK_unbuffered[0]
    BUFGCTRL_X0Y16       BUFG (Prop_bufg_I_O)         0.026     0.336 r  rl_system_luban7020_i/ps7/inst/buffer_fclk_clk_0.FCLK_CLK_0_BUFG/O
                         net (fo=16934, routed)       0.596     0.932    rl_system_luban7020_i/hp_ic/s00_couplers/auto_pc/inst/gen_axi4_axi3.axi3_conv_inst/USE_READ.USE_SPLIT_R.read_addr_inst/USE_R_CHANNEL.cmd_queue/inst/fifo_gen_inst/<hidden>/<hidden>/<hidden>/<hidden>/<hidden>/<hidden>
    SLICE_X16Y47         FDPE                                         r  rl_system_luban7020_i/hp_ic/s00_couplers/auto_pc/inst/gen_axi4_axi3.axi3_conv_inst/USE_READ.USE_SPLIT_R.read_addr_inst/USE_R_CHANNEL.cmd_queue/inst/fifo_gen_inst/<hidden>/<hidden>/<hidden>/<hidden>/<hidden>/<hidden>/<hidden>
  -------------------------------------------------------------------    -------------------
    SLICE_X16Y47         FDPE (Prop_fdpe_C_Q)         0.148     1.080 f  rl_system_luban7020_i/hp_ic/s00_couplers/auto_pc/inst/gen_axi4_axi3.axi3_conv_inst/USE_READ.USE_SPLIT_R.read_addr_inst/USE_R_CHANNEL.cmd_queue/inst/fifo_gen_inst/<hidden>/<hidden>/<hidden>/<hidden>/<hidden>/<hidden>/<hidden>
                         net (fo=2, routed)           0.124     1.203    rl_system_luban7020_i/hp_ic/s00_couplers/auto_pc/inst/gen_axi4_axi3.axi3_conv_inst/USE_READ.USE_SPLIT_R.read_addr_inst/USE_R_CHANNEL.cmd_queue/inst/fifo_gen_inst/<hidden>/<hidden>/<hidden>/<hidden>/<hidden>
    SLICE_X14Y47         LUT3 (Prop_lut3_I2_O)        0.098     1.301 f  rl_system_luban7020_i/hp_ic/s00_couplers/auto_pc/inst/gen_axi4_axi3.axi3_conv_inst/USE_READ.USE_SPLIT_R.read_addr_inst/USE_R_CHANNEL.cmd_queue/inst/fifo_gen_inst/<hidden>/<hidden>/<hidden>/<hidden>/<hidden>/<hidden>
                         net (fo=33, routed)          0.139     1.440    rl_system_luban7020_i/hp_ic/s00_couplers/auto_pc/inst/gen_axi4_axi3.axi3_conv_inst/USE_READ.USE_SPLIT_R.read_addr_inst/USE_R_CHANNEL.cmd_queue/inst/fifo_gen_inst/<hidden>/<hidden>/<hidden>/<hidden>/<hidden>/<hidden>
    SLICE_X12Y47         FDCE                                         f  rl_system_luban7020_i/hp_ic/s00_couplers/auto_pc/inst/gen_axi4_axi3.axi3_conv_inst/USE_READ.USE_SPLIT_R.read_addr_inst/USE_R_CHANNEL.cmd_queue/inst/fifo_gen_inst/<hidden>/<hidden>/<hidden>/<hidden>/<hidden>/<hidden>/<hidden>
  -------------------------------------------------------------------    -------------------

                         (clock clk_fpga_0 rise edge)
                                                      0.000     0.000 r  <hidden>
    PS7_X0Y0             PS7                          0.000     0.000 r  rl_system_luban7020_i/ps7/inst/PS7_i/FCLKCLK[0]
                         net (fo=1, routed)           0.337     0.337    rl_system_luban7020_i/ps7/inst/FCLK_CLK_unbuffered[0]
    BUFGCTRL_X0Y16       BUFG (Prop_bufg_I_O)         0.029     0.366 r  rl_system_luban7020_i/ps7/inst/buffer_fclk_clk_0.FCLK_CLK_0_BUFG/O
                         net (fo=16934, routed)       0.866     1.232    rl_system_luban7020_i/hp_ic/s00_couplers/auto_pc/inst/gen_axi4_axi3.axi3_conv_inst/USE_READ.USE_SPLIT_R.read_addr_inst/USE_R_CHANNEL.cmd_queue/inst/fifo_gen_inst/<hidden>/<hidden>/<hidden>/<hidden>/<hidden>/<hidden>
    SLICE_X12Y47         FDCE                                         r  rl_system_luban7020_i/hp_ic/s00_couplers/auto_pc/inst/gen_axi4_axi3.axi3_conv_inst/USE_READ.USE_SPLIT_R.read_addr_inst/USE_R_CHANNEL.cmd_queue/inst/fifo_gen_inst/<hidden>/<hidden>/<hidden>/<hidden>/<hidden>/<hidden>/<hidden>
                         clock pessimism             -0.263     0.969    <hidden>
    SLICE_X12Y47         FDCE (Remov_fdce_C_CLR)     -0.067     0.901    rl_system_luban7020_i/hp_ic/s00_couplers/auto_pc/inst/gen_axi4_axi3.axi3_conv_inst/USE_READ.USE_SPLIT_R.read_addr_inst/USE_R_CHANNEL.cmd_queue/inst/fifo_gen_inst/<hidden>/<hidden>/<hidden>/<hidden>/<hidden>/<hidden>
  -------------------------------------------------------------------
                         required time                         -0.902    <hidden>
                         arrival time                           1.440    <hidden>
  -------------------------------------------------------------------
                         slack                                  0.539    <hidden>

Slack (MET) :             0.539ns  (arrival time - required time)
  Source:                 rl_system_luban7020_i/hp_ic/s00_couplers/auto_pc/inst/gen_axi4_axi3.axi3_conv_inst/USE_READ.USE_SPLIT_R.read_addr_inst/USE_R_CHANNEL.cmd_queue/inst/fifo_gen_inst/<hidden>/<hidden>/<hidden>/<hidden>/<hidden>/<hidden>/<hidden>
                            (rising edge-triggered cell FDPE clocked by clk_fpga_0  {rise@0.000ns fall@3.000ns period=6.000ns})
  Destination:            rl_system_luban7020_i/hp_ic/s00_couplers/auto_pc/inst/gen_axi4_axi3.axi3_conv_inst/USE_READ.USE_SPLIT_R.read_addr_inst/USE_R_CHANNEL.cmd_queue/inst/fifo_gen_inst/<hidden>/<hidden>/<hidden>/<hidden>/<hidden>/<hidden>/<hidden>
                            (removal check against rising-edge clock clk_fpga_0  {rise@0.000ns fall@3.000ns period=6.000ns})
  Path Group:             **async_default**
  Path Type:              Removal (Min at Fast Process Corner)
  Requirement:            0.000ns  (clk_fpga_0 rise@0.000ns - clk_fpga_0 rise@0.000ns)
  Data Path Delay:        0.509ns  (logic 0.246ns (48.331%)  route 0.263ns (51.669%))
  Logic Levels:           1  (LUT3=1)
  Clock Path Skew:        0.037ns (DCD - SCD - CPR)
    Destination Clock Delay (DCD):    1.232ns
    Source Clock Delay      (SCD):    0.932ns
    Clock Pessimism Removal (CPR):    0.263ns

    Location             Delay type                Incr(ns)  Path(ns)    Netlist Resource(s)
  -------------------------------------------------------------------    -------------------
                         (clock clk_fpga_0 rise edge)
                                                      0.000     0.000 r  <hidden>
    PS7_X0Y0             PS7                          0.000     0.000 r  rl_system_luban7020_i/ps7/inst/PS7_i/FCLKCLK[0]
                         net (fo=1, routed)           0.310     0.310    rl_system_luban7020_i/ps7/inst/FCLK_CLK_unbuffered[0]
    BUFGCTRL_X0Y16       BUFG (Prop_bufg_I_O)         0.026     0.336 r  rl_system_luban7020_i/ps7/inst/buffer_fclk_clk_0.FCLK_CLK_0_BUFG/O
                         net (fo=16934, routed)       0.596     0.932    rl_system_luban7020_i/hp_ic/s00_couplers/auto_pc/inst/gen_axi4_axi3.axi3_conv_inst/USE_READ.USE_SPLIT_R.read_addr_inst/USE_R_CHANNEL.cmd_queue/inst/fifo_gen_inst/<hidden>/<hidden>/<hidden>/<hidden>/<hidden>/<hidden>
    SLICE_X16Y47         FDPE                                         r  rl_system_luban7020_i/hp_ic/s00_couplers/auto_pc/inst/gen_axi4_axi3.axi3_conv_inst/USE_READ.USE_SPLIT_R.read_addr_inst/USE_R_CHANNEL.cmd_queue/inst/fifo_gen_inst/<hidden>/<hidden>/<hidden>/<hidden>/<hidden>/<hidden>/<hidden>
  -------------------------------------------------------------------    -------------------
    SLICE_X16Y47         FDPE (Prop_fdpe_C_Q)         0.148     1.080 f  rl_system_luban7020_i/hp_ic/s00_couplers/auto_pc/inst/gen_axi4_axi3.axi3_conv_inst/USE_READ.USE_SPLIT_R.read_addr_inst/USE_R_CHANNEL.cmd_queue/inst/fifo_gen_inst/<hidden>/<hidden>/<hidden>/<hidden>/<hidden>/<hidden>/<hidden>
                         net (fo=2, routed)           0.124     1.203    rl_system_luban7020_i/hp_ic/s00_couplers/auto_pc/inst/gen_axi4_axi3.axi3_conv_inst/USE_READ.USE_SPLIT_R.read_addr_inst/USE_R_CHANNEL.cmd_queue/inst/fifo_gen_inst/<hidden>/<hidden>/<hidden>/<hidden>/<hidden>
    SLICE_X14Y47         LUT3 (Prop_lut3_I2_O)        0.098     1.301 f  rl_system_luban7020_i/hp_ic/s00_couplers/auto_pc/inst/gen_axi4_axi3.axi3_conv_inst/USE_READ.USE_SPLIT_R.read_addr_inst/USE_R_CHANNEL.cmd_queue/inst/fifo_gen_inst/<hidden>/<hidden>/<hidden>/<hidden>/<hidden>/<hidden>
                         net (fo=33, routed)          0.139     1.440    rl_system_luban7020_i/hp_ic/s00_couplers/auto_pc/inst/gen_axi4_axi3.axi3_conv_inst/USE_READ.USE_SPLIT_R.read_addr_inst/USE_R_CHANNEL.cmd_queue/inst/fifo_gen_inst/<hidden>/<hidden>/<hidden>/<hidden>/<hidden>/<hidden>
    SLICE_X12Y47         FDCE                                         f  rl_system_luban7020_i/hp_ic/s00_couplers/auto_pc/inst/gen_axi4_axi3.axi3_conv_inst/USE_READ.USE_SPLIT_R.read_addr_inst/USE_R_CHANNEL.cmd_queue/inst/fifo_gen_inst/<hidden>/<hidden>/<hidden>/<hidden>/<hidden>/<hidden>/<hidden>
  -------------------------------------------------------------------    -------------------

                         (clock clk_fpga_0 rise edge)
                                                      0.000     0.000 r  <hidden>
    PS7_X0Y0             PS7                          0.000     0.000 r  rl_system_luban7020_i/ps7/inst/PS7_i/FCLKCLK[0]
                         net (fo=1, routed)           0.337     0.337    rl_system_luban7020_i/ps7/inst/FCLK_CLK_unbuffered[0]
    BUFGCTRL_X0Y16       BUFG (Prop_bufg_I_O)         0.029     0.366 r  rl_system_luban7020_i/ps7/inst/buffer_fclk_clk_0.FCLK_CLK_0_BUFG/O
                         net (fo=16934, routed)       0.866     1.232    rl_system_luban7020_i/hp_ic/s00_couplers/auto_pc/inst/gen_axi4_axi3.axi3_conv_inst/USE_READ.USE_SPLIT_R.read_addr_inst/USE_R_CHANNEL.cmd_queue/inst/fifo_gen_inst/<hidden>/<hidden>/<hidden>/<hidden>/<hidden>/<hidden>
    SLICE_X12Y47         FDCE                                         r  rl_system_luban7020_i/hp_ic/s00_couplers/auto_pc/inst/gen_axi4_axi3.axi3_conv_inst/USE_READ.USE_SPLIT_R.read_addr_inst/USE_R_CHANNEL.cmd_queue/inst/fifo_gen_inst/<hidden>/<hidden>/<hidden>/<hidden>/<hidden>/<hidden>/<hidden>
                         clock pessimism             -0.263     0.969    <hidden>
    SLICE_X12Y47         FDCE (Remov_fdce_C_CLR)     -0.067     0.901    rl_system_luban7020_i/hp_ic/s00_couplers/auto_pc/inst/gen_axi4_axi3.axi3_conv_inst/USE_READ.USE_SPLIT_R.read_addr_inst/USE_R_CHANNEL.cmd_queue/inst/fifo_gen_inst/<hidden>/<hidden>/<hidden>/<hidden>/<hidden>/<hidden>
  -------------------------------------------------------------------
                         required time                         -0.902    <hidden>
                         arrival time                           1.440    <hidden>
  -------------------------------------------------------------------
                         slack                                  0.539    <hidden>

Slack (MET) :             0.539ns  (arrival time - required time)
  Source:                 rl_system_luban7020_i/hp_ic/s00_couplers/auto_pc/inst/gen_axi4_axi3.axi3_conv_inst/USE_READ.USE_SPLIT_R.read_addr_inst/USE_R_CHANNEL.cmd_queue/inst/fifo_gen_inst/<hidden>/<hidden>/<hidden>/<hidden>/<hidden>/<hidden>/<hidden>
                            (rising edge-triggered cell FDPE clocked by clk_fpga_0  {rise@0.000ns fall@3.000ns period=6.000ns})
  Destination:            rl_system_luban7020_i/hp_ic/s00_couplers/auto_pc/inst/gen_axi4_axi3.axi3_conv_inst/USE_READ.USE_SPLIT_R.read_addr_inst/USE_R_CHANNEL.cmd_queue/inst/fifo_gen_inst/<hidden>/<hidden>/<hidden>/<hidden>/<hidden>/<hidden>/<hidden>
                            (removal check against rising-edge clock clk_fpga_0  {rise@0.000ns fall@3.000ns period=6.000ns})
  Path Group:             **async_default**
  Path Type:              Removal (Min at Fast Process Corner)
  Requirement:            0.000ns  (clk_fpga_0 rise@0.000ns - clk_fpga_0 rise@0.000ns)
  Data Path Delay:        0.509ns  (logic 0.246ns (48.331%)  route 0.263ns (51.669%))
  Logic Levels:           1  (LUT3=1)
  Clock Path Skew:        0.037ns (DCD - SCD - CPR)
    Destination Clock Delay (DCD):    1.232ns
    Source Clock Delay      (SCD):    0.932ns
    Clock Pessimism Removal (CPR):    0.263ns

    Location             Delay type                Incr(ns)  Path(ns)    Netlist Resource(s)
  -------------------------------------------------------------------    -------------------
                         (clock clk_fpga_0 rise edge)
                                                      0.000     0.000 r  <hidden>
    PS7_X0Y0             PS7                          0.000     0.000 r  rl_system_luban7020_i/ps7/inst/PS7_i/FCLKCLK[0]
                         net (fo=1, routed)           0.310     0.310    rl_system_luban7020_i/ps7/inst/FCLK_CLK_unbuffered[0]
    BUFGCTRL_X0Y16       BUFG (Prop_bufg_I_O)         0.026     0.336 r  rl_system_luban7020_i/ps7/inst/buffer_fclk_clk_0.FCLK_CLK_0_BUFG/O
                         net (fo=16934, routed)       0.596     0.932    rl_system_luban7020_i/hp_ic/s00_couplers/auto_pc/inst/gen_axi4_axi3.axi3_conv_inst/USE_READ.USE_SPLIT_R.read_addr_inst/USE_R_CHANNEL.cmd_queue/inst/fifo_gen_inst/<hidden>/<hidden>/<hidden>/<hidden>/<hidden>/<hidden>
    SLICE_X16Y47         FDPE                                         r  rl_system_luban7020_i/hp_ic/s00_couplers/auto_pc/inst/gen_axi4_axi3.axi3_conv_inst/USE_READ.USE_SPLIT_R.read_addr_inst/USE_R_CHANNEL.cmd_queue/inst/fifo_gen_inst/<hidden>/<hidden>/<hidden>/<hidden>/<hidden>/<hidden>/<hidden>
  -------------------------------------------------------------------    -------------------
    SLICE_X16Y47         FDPE (Prop_fdpe_C_Q)         0.148     1.080 f  rl_system_luban7020_i/hp_ic/s00_couplers/auto_pc/inst/gen_axi4_axi3.axi3_conv_inst/USE_READ.USE_SPLIT_R.read_addr_inst/USE_R_CHANNEL.cmd_queue/inst/fifo_gen_inst/<hidden>/<hidden>/<hidden>/<hidden>/<hidden>/<hidden>/<hidden>
                         net (fo=2, routed)           0.124     1.203    rl_system_luban7020_i/hp_ic/s00_couplers/auto_pc/inst/gen_axi4_axi3.axi3_conv_inst/USE_READ.USE_SPLIT_R.read_addr_inst/USE_R_CHANNEL.cmd_queue/inst/fifo_gen_inst/<hidden>/<hidden>/<hidden>/<hidden>/<hidden>
    SLICE_X14Y47         LUT3 (Prop_lut3_I2_O)        0.098     1.301 f  rl_system_luban7020_i/hp_ic/s00_couplers/auto_pc/inst/gen_axi4_axi3.axi3_conv_inst/USE_READ.USE_SPLIT_R.read_addr_inst/USE_R_CHANNEL.cmd_queue/inst/fifo_gen_inst/<hidden>/<hidden>/<hidden>/<hidden>/<hidden>/<hidden>
                         net (fo=33, routed)          0.139     1.440    rl_system_luban7020_i/hp_ic/s00_couplers/auto_pc/inst/gen_axi4_axi3.axi3_conv_inst/USE_READ.USE_SPLIT_R.read_addr_inst/USE_R_CHANNEL.cmd_queue/inst/fifo_gen_inst/<hidden>/<hidden>/<hidden>/<hidden>/<hidden>/<hidden>
    SLICE_X12Y47         FDCE                                         f  rl_system_luban7020_i/hp_ic/s00_couplers/auto_pc/inst/gen_axi4_axi3.axi3_conv_inst/USE_READ.USE_SPLIT_R.read_addr_inst/USE_R_CHANNEL.cmd_queue/inst/fifo_gen_inst/<hidden>/<hidden>/<hidden>/<hidden>/<hidden>/<hidden>/<hidden>
  -------------------------------------------------------------------    -------------------

                         (clock clk_fpga_0 rise edge)
                                                      0.000     0.000 r  <hidden>
    PS7_X0Y0             PS7                          0.000     0.000 r  rl_system_luban7020_i/ps7/inst/PS7_i/FCLKCLK[0]
                         net (fo=1, routed)           0.337     0.337    rl_system_luban7020_i/ps7/inst/FCLK_CLK_unbuffered[0]
    BUFGCTRL_X0Y16       BUFG (Prop_bufg_I_O)         0.029     0.366 r  rl_system_luban7020_i/ps7/inst/buffer_fclk_clk_0.FCLK_CLK_0_BUFG/O
                         net (fo=16934, routed)       0.866     1.232    rl_system_luban7020_i/hp_ic/s00_couplers/auto_pc/inst/gen_axi4_axi3.axi3_conv_inst/USE_READ.USE_SPLIT_R.read_addr_inst/USE_R_CHANNEL.cmd_queue/inst/fifo_gen_inst/<hidden>/<hidden>/<hidden>/<hidden>/<hidden>/<hidden>
    SLICE_X12Y47         FDCE                                         r  rl_system_luban7020_i/hp_ic/s00_couplers/auto_pc/inst/gen_axi4_axi3.axi3_conv_inst/USE_READ.USE_SPLIT_R.read_addr_inst/USE_R_CHANNEL.cmd_queue/inst/fifo_gen_inst/<hidden>/<hidden>/<hidden>/<hidden>/<hidden>/<hidden>/<hidden>
                         clock pessimism             -0.263     0.969    <hidden>
    SLICE_X12Y47         FDCE (Remov_fdce_C_CLR)     -0.067     0.901    rl_system_luban7020_i/hp_ic/s00_couplers/auto_pc/inst/gen_axi4_axi3.axi3_conv_inst/USE_READ.USE_SPLIT_R.read_addr_inst/USE_R_CHANNEL.cmd_queue/inst/fifo_gen_inst/<hidden>/<hidden>/<hidden>/<hidden>/<hidden>/<hidden>
  -------------------------------------------------------------------
                         required time                         -0.902    <hidden>
                         arrival time                           1.440    <hidden>
  -------------------------------------------------------------------
                         slack                                  0.539    <hidden>

Slack (MET) :             0.543ns  (arrival time - required time)
  Source:                 rl_system_luban7020_i/hp_ic/s00_couplers/auto_pc/inst/gen_axi4_axi3.axi3_conv_inst/USE_READ.USE_SPLIT_R.read_addr_inst/USE_R_CHANNEL.cmd_queue/inst/fifo_gen_inst/<hidden>/<hidden>/<hidden>/<hidden>/<hidden>/<hidden>/<hidden>
                            (rising edge-triggered cell FDPE clocked by clk_fpga_0  {rise@0.000ns fall@3.000ns period=6.000ns})
  Destination:            rl_system_luban7020_i/hp_ic/s00_couplers/auto_pc/inst/gen_axi4_axi3.axi3_conv_inst/USE_READ.USE_SPLIT_R.read_addr_inst/USE_R_CHANNEL.cmd_queue/inst/fifo_gen_inst/<hidden>/<hidden>/<hidden>/<hidden>/<hidden>/<hidden>/<hidden>
                            (removal check against rising-edge clock clk_fpga_0  {rise@0.000ns fall@3.000ns period=6.000ns})
  Path Group:             **async_default**
  Path Type:              Removal (Min at Fast Process Corner)
  Requirement:            0.000ns  (clk_fpga_0 rise@0.000ns - clk_fpga_0 rise@0.000ns)
  Data Path Delay:        0.512ns  (logic 0.246ns (48.034%)  route 0.266ns (51.966%))
  Logic Levels:           1  (LUT3=1)
  Clock Path Skew:        0.036ns (DCD - SCD - CPR)
    Destination Clock Delay (DCD):    1.231ns
    Source Clock Delay      (SCD):    0.932ns
    Clock Pessimism Removal (CPR):    0.263ns

    Location             Delay type                Incr(ns)  Path(ns)    Netlist Resource(s)
  -------------------------------------------------------------------    -------------------
                         (clock clk_fpga_0 rise edge)
                                                      0.000     0.000 r  <hidden>
    PS7_X0Y0             PS7                          0.000     0.000 r  rl_system_luban7020_i/ps7/inst/PS7_i/FCLKCLK[0]
                         net (fo=1, routed)           0.310     0.310    rl_system_luban7020_i/ps7/inst/FCLK_CLK_unbuffered[0]
    BUFGCTRL_X0Y16       BUFG (Prop_bufg_I_O)         0.026     0.336 r  rl_system_luban7020_i/ps7/inst/buffer_fclk_clk_0.FCLK_CLK_0_BUFG/O
                         net (fo=16934, routed)       0.596     0.932    rl_system_luban7020_i/hp_ic/s00_couplers/auto_pc/inst/gen_axi4_axi3.axi3_conv_inst/USE_READ.USE_SPLIT_R.read_addr_inst/USE_R_CHANNEL.cmd_queue/inst/fifo_gen_inst/<hidden>/<hidden>/<hidden>/<hidden>/<hidden>/<hidden>
    SLICE_X16Y47         FDPE                                         r  rl_system_luban7020_i/hp_ic/s00_couplers/auto_pc/inst/gen_axi4_axi3.axi3_conv_inst/USE_READ.USE_SPLIT_R.read_addr_inst/USE_R_CHANNEL.cmd_queue/inst/fifo_gen_inst/<hidden>/<hidden>/<hidden>/<hidden>/<hidden>/<hidden>/<hidden>
  -------------------------------------------------------------------    -------------------
    SLICE_X16Y47         FDPE (Prop_fdpe_C_Q)         0.148     1.080 f  rl_system_luban7020_i/hp_ic/s00_couplers/auto_pc/inst/gen_axi4_axi3.axi3_conv_inst/USE_READ.USE_SPLIT_R.read_addr_inst/USE_R_CHANNEL.cmd_queue/inst/fifo_gen_inst/<hidden>/<hidden>/<hidden>/<hidden>/<hidden>/<hidden>/<hidden>
                         net (fo=2, routed)           0.124     1.203    rl_system_luban7020_i/hp_ic/s00_couplers/auto_pc/inst/gen_axi4_axi3.axi3_conv_inst/USE_READ.USE_SPLIT_R.read_addr_inst/USE_R_CHANNEL.cmd_queue/inst/fifo_gen_inst/<hidden>/<hidden>/<hidden>/<hidden>/<hidden>
    SLICE_X14Y47         LUT3 (Prop_lut3_I2_O)        0.098     1.301 f  rl_system_luban7020_i/hp_ic/s00_couplers/auto_pc/inst/gen_axi4_axi3.axi3_conv_inst/USE_READ.USE_SPLIT_R.read_addr_inst/USE_R_CHANNEL.cmd_queue/inst/fifo_gen_inst/<hidden>/<hidden>/<hidden>/<hidden>/<hidden>/<hidden>
                         net (fo=33, routed)          0.142     1.444    rl_system_luban7020_i/hp_ic/s00_couplers/auto_pc/inst/gen_axi4_axi3.axi3_conv_inst/USE_READ.USE_SPLIT_R.read_addr_inst/USE_R_CHANNEL.cmd_queue/inst/fifo_gen_inst/<hidden>/<hidden>/<hidden>/<hidden>/<hidden>/<hidden>
    SLICE_X14Y46         FDCE                                         f  rl_system_luban7020_i/hp_ic/s00_couplers/auto_pc/inst/gen_axi4_axi3.axi3_conv_inst/USE_READ.USE_SPLIT_R.read_addr_inst/USE_R_CHANNEL.cmd_queue/inst/fifo_gen_inst/<hidden>/<hidden>/<hidden>/<hidden>/<hidden>/<hidden>/<hidden>
  -------------------------------------------------------------------    -------------------

                         (clock clk_fpga_0 rise edge)
                                                      0.000     0.000 r  <hidden>
    PS7_X0Y0             PS7                          0.000     0.000 r  rl_system_luban7020_i/ps7/inst/PS7_i/FCLKCLK[0]
                         net (fo=1, routed)           0.337     0.337    rl_system_luban7020_i/ps7/inst/FCLK_CLK_unbuffered[0]
    BUFGCTRL_X0Y16       BUFG (Prop_bufg_I_O)         0.029     0.366 r  rl_system_luban7020_i/ps7/inst/buffer_fclk_clk_0.FCLK_CLK_0_BUFG/O
                         net (fo=16934, routed)       0.865     1.231    rl_system_luban7020_i/hp_ic/s00_couplers/auto_pc/inst/gen_axi4_axi3.axi3_conv_inst/USE_READ.USE_SPLIT_R.read_addr_inst/USE_R_CHANNEL.cmd_queue/inst/fifo_gen_inst/<hidden>/<hidden>/<hidden>/<hidden>/<hidden>/<hidden>
    SLICE_X14Y46         FDCE                                         r  rl_system_luban7020_i/hp_ic/s00_couplers/auto_pc/inst/gen_axi4_axi3.axi3_conv_inst/USE_READ.USE_SPLIT_R.read_addr_inst/USE_R_CHANNEL.cmd_queue/inst/fifo_gen_inst/<hidden>/<hidden>/<hidden>/<hidden>/<hidden>/<hidden>/<hidden>
                         clock pessimism             -0.263     0.967    <hidden>
    SLICE_X14Y46         FDCE (Remov_fdce_C_CLR)     -0.067     0.900    rl_system_luban7020_i/hp_ic/s00_couplers/auto_pc/inst/gen_axi4_axi3.axi3_conv_inst/USE_READ.USE_SPLIT_R.read_addr_inst/USE_R_CHANNEL.cmd_queue/inst/fifo_gen_inst/<hidden>/<hidden>/<hidden>/<hidden>/<hidden>/<hidden>
  -------------------------------------------------------------------
                         required time                         -0.900    <hidden>
                         arrival time                           1.444    <hidden>
  -------------------------------------------------------------------
                         slack                                  0.543    <hidden>

Slack (MET) :             0.543ns  (arrival time - required time)
  Source:                 rl_system_luban7020_i/hp_ic/s00_couplers/auto_pc/inst/gen_axi4_axi3.axi3_conv_inst/USE_READ.USE_SPLIT_R.read_addr_inst/USE_R_CHANNEL.cmd_queue/inst/fifo_gen_inst/<hidden>/<hidden>/<hidden>/<hidden>/<hidden>/<hidden>/<hidden>
                            (rising edge-triggered cell FDPE clocked by clk_fpga_0  {rise@0.000ns fall@3.000ns period=6.000ns})
  Destination:            rl_system_luban7020_i/hp_ic/s00_couplers/auto_pc/inst/gen_axi4_axi3.axi3_conv_inst/USE_READ.USE_SPLIT_R.read_addr_inst/USE_R_CHANNEL.cmd_queue/inst/fifo_gen_inst/<hidden>/<hidden>/<hidden>/<hidden>/<hidden>/<hidden>/<hidden>
                            (removal check against rising-edge clock clk_fpga_0  {rise@0.000ns fall@3.000ns period=6.000ns})
  Path Group:             **async_default**
  Path Type:              Removal (Min at Fast Process Corner)
  Requirement:            0.000ns  (clk_fpga_0 rise@0.000ns - clk_fpga_0 rise@0.000ns)
  Data Path Delay:        0.512ns  (logic 0.246ns (48.034%)  route 0.266ns (51.966%))
  Logic Levels:           1  (LUT3=1)
  Clock Path Skew:        0.036ns (DCD - SCD - CPR)
    Destination Clock Delay (DCD):    1.231ns
    Source Clock Delay      (SCD):    0.932ns
    Clock Pessimism Removal (CPR):    0.263ns

    Location             Delay type                Incr(ns)  Path(ns)    Netlist Resource(s)
  -------------------------------------------------------------------    -------------------
                         (clock clk_fpga_0 rise edge)
                                                      0.000     0.000 r  <hidden>
    PS7_X0Y0             PS7                          0.000     0.000 r  rl_system_luban7020_i/ps7/inst/PS7_i/FCLKCLK[0]
                         net (fo=1, routed)           0.310     0.310    rl_system_luban7020_i/ps7/inst/FCLK_CLK_unbuffered[0]
    BUFGCTRL_X0Y16       BUFG (Prop_bufg_I_O)         0.026     0.336 r  rl_system_luban7020_i/ps7/inst/buffer_fclk_clk_0.FCLK_CLK_0_BUFG/O
                         net (fo=16934, routed)       0.596     0.932    rl_system_luban7020_i/hp_ic/s00_couplers/auto_pc/inst/gen_axi4_axi3.axi3_conv_inst/USE_READ.USE_SPLIT_R.read_addr_inst/USE_R_CHANNEL.cmd_queue/inst/fifo_gen_inst/<hidden>/<hidden>/<hidden>/<hidden>/<hidden>/<hidden>
    SLICE_X16Y47         FDPE                                         r  rl_system_luban7020_i/hp_ic/s00_couplers/auto_pc/inst/gen_axi4_axi3.axi3_conv_inst/USE_READ.USE_SPLIT_R.read_addr_inst/USE_R_CHANNEL.cmd_queue/inst/fifo_gen_inst/<hidden>/<hidden>/<hidden>/<hidden>/<hidden>/<hidden>/<hidden>
  -------------------------------------------------------------------    -------------------
    SLICE_X16Y47         FDPE (Prop_fdpe_C_Q)         0.148     1.080 f  rl_system_luban7020_i/hp_ic/s00_couplers/auto_pc/inst/gen_axi4_axi3.axi3_conv_inst/USE_READ.USE_SPLIT_R.read_addr_inst/USE_R_CHANNEL.cmd_queue/inst/fifo_gen_inst/<hidden>/<hidden>/<hidden>/<hidden>/<hidden>/<hidden>/<hidden>
                         net (fo=2, routed)           0.124     1.203    rl_system_luban7020_i/hp_ic/s00_couplers/auto_pc/inst/gen_axi4_axi3.axi3_conv_inst/USE_READ.USE_SPLIT_R.read_addr_inst/USE_R_CHANNEL.cmd_queue/inst/fifo_gen_inst/<hidden>/<hidden>/<hidden>/<hidden>/<hidden>
    SLICE_X14Y47         LUT3 (Prop_lut3_I2_O)        0.098     1.301 f  rl_system_luban7020_i/hp_ic/s00_couplers/auto_pc/inst/gen_axi4_axi3.axi3_conv_inst/USE_READ.USE_SPLIT_R.read_addr_inst/USE_R_CHANNEL.cmd_queue/inst/fifo_gen_inst/<hidden>/<hidden>/<hidden>/<hidden>/<hidden>/<hidden>
                         net (fo=33, routed)          0.142     1.444    rl_system_luban7020_i/hp_ic/s00_couplers/auto_pc/inst/gen_axi4_axi3.axi3_conv_inst/USE_READ.USE_SPLIT_R.read_addr_inst/USE_R_CHANNEL.cmd_queue/inst/fifo_gen_inst/<hidden>/<hidden>/<hidden>/<hidden>/<hidden>/<hidden>
    SLICE_X14Y46         FDCE                                         f  rl_system_luban7020_i/hp_ic/s00_couplers/auto_pc/inst/gen_axi4_axi3.axi3_conv_inst/USE_READ.USE_SPLIT_R.read_addr_inst/USE_R_CHANNEL.cmd_queue/inst/fifo_gen_inst/<hidden>/<hidden>/<hidden>/<hidden>/<hidden>/<hidden>/<hidden>
  -------------------------------------------------------------------    -------------------

                         (clock clk_fpga_0 rise edge)
                                                      0.000     0.000 r  <hidden>
    PS7_X0Y0             PS7                          0.000     0.000 r  rl_system_luban7020_i/ps7/inst/PS7_i/FCLKCLK[0]
                         net (fo=1, routed)           0.337     0.337    rl_system_luban7020_i/ps7/inst/FCLK_CLK_unbuffered[0]
    BUFGCTRL_X0Y16       BUFG (Prop_bufg_I_O)         0.029     0.366 r  rl_system_luban7020_i/ps7/inst/buffer_fclk_clk_0.FCLK_CLK_0_BUFG/O
                         net (fo=16934, routed)       0.865     1.231    rl_system_luban7020_i/hp_ic/s00_couplers/auto_pc/inst/gen_axi4_axi3.axi3_conv_inst/USE_READ.USE_SPLIT_R.read_addr_inst/USE_R_CHANNEL.cmd_queue/inst/fifo_gen_inst/<hidden>/<hidden>/<hidden>/<hidden>/<hidden>/<hidden>
    SLICE_X14Y46         FDCE                                         r  rl_system_luban7020_i/hp_ic/s00_couplers/auto_pc/inst/gen_axi4_axi3.axi3_conv_inst/USE_READ.USE_SPLIT_R.read_addr_inst/USE_R_CHANNEL.cmd_queue/inst/fifo_gen_inst/<hidden>/<hidden>/<hidden>/<hidden>/<hidden>/<hidden>/<hidden>
                         clock pessimism             -0.263     0.967    <hidden>
    SLICE_X14Y46         FDCE (Remov_fdce_C_CLR)     -0.067     0.900    rl_system_luban7020_i/hp_ic/s00_couplers/auto_pc/inst/gen_axi4_axi3.axi3_conv_inst/USE_READ.USE_SPLIT_R.read_addr_inst/USE_R_CHANNEL.cmd_queue/inst/fifo_gen_inst/<hidden>/<hidden>/<hidden>/<hidden>/<hidden>/<hidden>
  -------------------------------------------------------------------
                         required time                         -0.900    <hidden>
                         arrival time                           1.444    <hidden>
  -------------------------------------------------------------------
                         slack                                  0.543    <hidden>

Slack (MET) :             0.547ns  (arrival time - required time)
  Source:                 rl_system_luban7020_i/hp_ic/s00_couplers/auto_pc/inst/gen_axi4_axi3.axi3_conv_inst/USE_READ.USE_SPLIT_R.read_addr_inst/USE_R_CHANNEL.cmd_queue/inst/fifo_gen_inst/<hidden>/<hidden>/<hidden>/<hidden>/<hidden>/<hidden>/<hidden>
                            (rising edge-triggered cell FDPE clocked by clk_fpga_0  {rise@0.000ns fall@3.000ns period=6.000ns})
  Destination:            rl_system_luban7020_i/hp_ic/s00_couplers/auto_pc/inst/gen_axi4_axi3.axi3_conv_inst/USE_READ.USE_SPLIT_R.read_addr_inst/USE_R_CHANNEL.cmd_queue/inst/fifo_gen_inst/<hidden>/<hidden>/<hidden>/<hidden>/<hidden>/<hidden>/<hidden>
                            (removal check against rising-edge clock clk_fpga_0  {rise@0.000ns fall@3.000ns period=6.000ns})
  Path Group:             **async_default**
  Path Type:              Removal (Min at Fast Process Corner)
  Requirement:            0.000ns  (clk_fpga_0 rise@0.000ns - clk_fpga_0 rise@0.000ns)
  Data Path Delay:        0.512ns  (logic 0.246ns (48.034%)  route 0.266ns (51.966%))
  Logic Levels:           1  (LUT3=1)
  Clock Path Skew:        0.036ns (DCD - SCD - CPR)
    Destination Clock Delay (DCD):    1.231ns
    Source Clock Delay      (SCD):    0.932ns
    Clock Pessimism Removal (CPR):    0.263ns

    Location             Delay type                Incr(ns)  Path(ns)    Netlist Resource(s)
  -------------------------------------------------------------------    -------------------
                         (clock clk_fpga_0 rise edge)
                                                      0.000     0.000 r  <hidden>
    PS7_X0Y0             PS7                          0.000     0.000 r  rl_system_luban7020_i/ps7/inst/PS7_i/FCLKCLK[0]
                         net (fo=1, routed)           0.310     0.310    rl_system_luban7020_i/ps7/inst/FCLK_CLK_unbuffered[0]
    BUFGCTRL_X0Y16       BUFG (Prop_bufg_I_O)         0.026     0.336 r  rl_system_luban7020_i/ps7/inst/buffer_fclk_clk_0.FCLK_CLK_0_BUFG/O
                         net (fo=16934, routed)       0.596     0.932    rl_system_luban7020_i/hp_ic/s00_couplers/auto_pc/inst/gen_axi4_axi3.axi3_conv_inst/USE_READ.USE_SPLIT_R.read_addr_inst/USE_R_CHANNEL.cmd_queue/inst/fifo_gen_inst/<hidden>/<hidden>/<hidden>/<hidden>/<hidden>/<hidden>
    SLICE_X16Y47         FDPE                                         r  rl_system_luban7020_i/hp_ic/s00_couplers/auto_pc/inst/gen_axi4_axi3.axi3_conv_inst/USE_READ.USE_SPLIT_R.read_addr_inst/USE_R_CHANNEL.cmd_queue/inst/fifo_gen_inst/<hidden>/<hidden>/<hidden>/<hidden>/<hidden>/<hidden>/<hidden>
  -------------------------------------------------------------------    -------------------
    SLICE_X16Y47         FDPE (Prop_fdpe_C_Q)         0.148     1.080 f  rl_system_luban7020_i/hp_ic/s00_couplers/auto_pc/inst/gen_axi4_axi3.axi3_conv_inst/USE_READ.USE_SPLIT_R.read_addr_inst/USE_R_CHANNEL.cmd_queue/inst/fifo_gen_inst/<hidden>/<hidden>/<hidden>/<hidden>/<hidden>/<hidden>/<hidden>
                         net (fo=2, routed)           0.124     1.203    rl_system_luban7020_i/hp_ic/s00_couplers/auto_pc/inst/gen_axi4_axi3.axi3_conv_inst/USE_READ.USE_SPLIT_R.read_addr_inst/USE_R_CHANNEL.cmd_queue/inst/fifo_gen_inst/<hidden>/<hidden>/<hidden>/<hidden>/<hidden>
    SLICE_X14Y47         LUT3 (Prop_lut3_I2_O)        0.098     1.301 f  rl_system_luban7020_i/hp_ic/s00_couplers/auto_pc/inst/gen_axi4_axi3.axi3_conv_inst/USE_READ.USE_SPLIT_R.read_addr_inst/USE_R_CHANNEL.cmd_queue/inst/fifo_gen_inst/<hidden>/<hidden>/<hidden>/<hidden>/<hidden>/<hidden>
                         net (fo=33, routed)          0.142     1.444    rl_system_luban7020_i/hp_ic/s00_couplers/auto_pc/inst/gen_axi4_axi3.axi3_conv_inst/USE_READ.USE_SPLIT_R.read_addr_inst/USE_R_CHANNEL.cmd_queue/inst/fifo_gen_inst/<hidden>/<hidden>/<hidden>/<hidden>/<hidden>/<hidden>
    SLICE_X14Y46         FDPE                                         f  rl_system_luban7020_i/hp_ic/s00_couplers/auto_pc/inst/gen_axi4_axi3.axi3_conv_inst/USE_READ.USE_SPLIT_R.read_addr_inst/USE_R_CHANNEL.cmd_queue/inst/fifo_gen_inst/<hidden>/<hidden>/<hidden>/<hidden>/<hidden>/<hidden>/<hidden>
  -------------------------------------------------------------------    -------------------

                         (clock clk_fpga_0 rise edge)
                                                      0.000     0.000 r  <hidden>
    PS7_X0Y0             PS7                          0.000     0.000 r  rl_system_luban7020_i/ps7/inst/PS7_i/FCLKCLK[0]
                         net (fo=1, routed)           0.337     0.337    rl_system_luban7020_i/ps7/inst/FCLK_CLK_unbuffered[0]
    BUFGCTRL_X0Y16       BUFG (Prop_bufg_I_O)         0.029     0.366 r  rl_system_luban7020_i/ps7/inst/buffer_fclk_clk_0.FCLK_CLK_0_BUFG/O
                         net (fo=16934, routed)       0.865     1.231    rl_system_luban7020_i/hp_ic/s00_couplers/auto_pc/inst/gen_axi4_axi3.axi3_conv_inst/USE_READ.USE_SPLIT_R.read_addr_inst/USE_R_CHANNEL.cmd_queue/inst/fifo_gen_inst/<hidden>/<hidden>/<hidden>/<hidden>/<hidden>/<hidden>
    SLICE_X14Y46         FDPE                                         r  rl_system_luban7020_i/hp_ic/s00_couplers/auto_pc/inst/gen_axi4_axi3.axi3_conv_inst/USE_READ.USE_SPLIT_R.read_addr_inst/USE_R_CHANNEL.cmd_queue/inst/fifo_gen_inst/<hidden>/<hidden>/<hidden>/<hidden>/<hidden>/<hidden>/<hidden>
                         clock pessimism             -0.263     0.967    <hidden>
    SLICE_X14Y46         FDPE (Remov_fdpe_C_PRE)     -0.071     0.896    rl_system_luban7020_i/hp_ic/s00_couplers/auto_pc/inst/gen_axi4_axi3.axi3_conv_inst/USE_READ.USE_SPLIT_R.read_addr_inst/USE_R_CHANNEL.cmd_queue/inst/fifo_gen_inst/<hidden>/<hidden>/<hidden>/<hidden>/<hidden>/<hidden>
  -------------------------------------------------------------------
                         required time                         -0.896    <hidden>
                         arrival time                           1.444    <hidden>
  -------------------------------------------------------------------
                         slack                                  0.547    <hidden>

Slack (MET) :             0.547ns  (arrival time - required time)
  Source:                 rl_system_luban7020_i/hp_ic/s00_couplers/auto_pc/inst/gen_axi4_axi3.axi3_conv_inst/USE_READ.USE_SPLIT_R.read_addr_inst/USE_R_CHANNEL.cmd_queue/inst/fifo_gen_inst/<hidden>/<hidden>/<hidden>/<hidden>/<hidden>/<hidden>/<hidden>
                            (rising edge-triggered cell FDPE clocked by clk_fpga_0  {rise@0.000ns fall@3.000ns period=6.000ns})
  Destination:            rl_system_luban7020_i/hp_ic/s00_couplers/auto_pc/inst/gen_axi4_axi3.axi3_conv_inst/USE_READ.USE_SPLIT_R.read_addr_inst/USE_R_CHANNEL.cmd_queue/inst/fifo_gen_inst/<hidden>/<hidden>/<hidden>/<hidden>/<hidden>/<hidden>/<hidden>
                            (removal check against rising-edge clock clk_fpga_0  {rise@0.000ns fall@3.000ns period=6.000ns})
  Path Group:             **async_default**
  Path Type:              Removal (Min at Fast Process Corner)
  Requirement:            0.000ns  (clk_fpga_0 rise@0.000ns - clk_fpga_0 rise@0.000ns)
  Data Path Delay:        0.512ns  (logic 0.246ns (48.034%)  route 0.266ns (51.966%))
  Logic Levels:           1  (LUT3=1)
  Clock Path Skew:        0.036ns (DCD - SCD - CPR)
    Destination Clock Delay (DCD):    1.231ns
    Source Clock Delay      (SCD):    0.932ns
    Clock Pessimism Removal (CPR):    0.263ns

    Location             Delay type                Incr(ns)  Path(ns)    Netlist Resource(s)
  -------------------------------------------------------------------    -------------------
                         (clock clk_fpga_0 rise edge)
                                                      0.000     0.000 r  <hidden>
    PS7_X0Y0             PS7                          0.000     0.000 r  rl_system_luban7020_i/ps7/inst/PS7_i/FCLKCLK[0]
                         net (fo=1, routed)           0.310     0.310    rl_system_luban7020_i/ps7/inst/FCLK_CLK_unbuffered[0]
    BUFGCTRL_X0Y16       BUFG (Prop_bufg_I_O)         0.026     0.336 r  rl_system_luban7020_i/ps7/inst/buffer_fclk_clk_0.FCLK_CLK_0_BUFG/O
                         net (fo=16934, routed)       0.596     0.932    rl_system_luban7020_i/hp_ic/s00_couplers/auto_pc/inst/gen_axi4_axi3.axi3_conv_inst/USE_READ.USE_SPLIT_R.read_addr_inst/USE_R_CHANNEL.cmd_queue/inst/fifo_gen_inst/<hidden>/<hidden>/<hidden>/<hidden>/<hidden>/<hidden>
    SLICE_X16Y47         FDPE                                         r  rl_system_luban7020_i/hp_ic/s00_couplers/auto_pc/inst/gen_axi4_axi3.axi3_conv_inst/USE_READ.USE_SPLIT_R.read_addr_inst/USE_R_CHANNEL.cmd_queue/inst/fifo_gen_inst/<hidden>/<hidden>/<hidden>/<hidden>/<hidden>/<hidden>/<hidden>
  -------------------------------------------------------------------    -------------------
    SLICE_X16Y47         FDPE (Prop_fdpe_C_Q)         0.148     1.080 f  rl_system_luban7020_i/hp_ic/s00_couplers/auto_pc/inst/gen_axi4_axi3.axi3_conv_inst/USE_READ.USE_SPLIT_R.read_addr_inst/USE_R_CHANNEL.cmd_queue/inst/fifo_gen_inst/<hidden>/<hidden>/<hidden>/<hidden>/<hidden>/<hidden>/<hidden>
                         net (fo=2, routed)           0.124     1.203    rl_system_luban7020_i/hp_ic/s00_couplers/auto_pc/inst/gen_axi4_axi3.axi3_conv_inst/USE_READ.USE_SPLIT_R.read_addr_inst/USE_R_CHANNEL.cmd_queue/inst/fifo_gen_inst/<hidden>/<hidden>/<hidden>/<hidden>/<hidden>
    SLICE_X14Y47         LUT3 (Prop_lut3_I2_O)        0.098     1.301 f  rl_system_luban7020_i/hp_ic/s00_couplers/auto_pc/inst/gen_axi4_axi3.axi3_conv_inst/USE_READ.USE_SPLIT_R.read_addr_inst/USE_R_CHANNEL.cmd_queue/inst/fifo_gen_inst/<hidden>/<hidden>/<hidden>/<hidden>/<hidden>/<hidden>
                         net (fo=33, routed)          0.142     1.444    rl_system_luban7020_i/hp_ic/s00_couplers/auto_pc/inst/gen_axi4_axi3.axi3_conv_inst/USE_READ.USE_SPLIT_R.read_addr_inst/USE_R_CHANNEL.cmd_queue/inst/fifo_gen_inst/<hidden>/<hidden>/<hidden>/<hidden>/<hidden>/<hidden>
    SLICE_X14Y46         FDPE                                         f  rl_system_luban7020_i/hp_ic/s00_couplers/auto_pc/inst/gen_axi4_axi3.axi3_conv_inst/USE_READ.USE_SPLIT_R.read_addr_inst/USE_R_CHANNEL.cmd_queue/inst/fifo_gen_inst/<hidden>/<hidden>/<hidden>/<hidden>/<hidden>/<hidden>/<hidden>
  -------------------------------------------------------------------    -------------------

                         (clock clk_fpga_0 rise edge)
                                                      0.000     0.000 r  <hidden>
    PS7_X0Y0             PS7                          0.000     0.000 r  rl_system_luban7020_i/ps7/inst/PS7_i/FCLKCLK[0]
                         net (fo=1, routed)           0.337     0.337    rl_system_luban7020_i/ps7/inst/FCLK_CLK_unbuffered[0]
    BUFGCTRL_X0Y16       BUFG (Prop_bufg_I_O)         0.029     0.366 r  rl_system_luban7020_i/ps7/inst/buffer_fclk_clk_0.FCLK_CLK_0_BUFG/O
                         net (fo=16934, routed)       0.865     1.231    rl_system_luban7020_i/hp_ic/s00_couplers/auto_pc/inst/gen_axi4_axi3.axi3_conv_inst/USE_READ.USE_SPLIT_R.read_addr_inst/USE_R_CHANNEL.cmd_queue/inst/fifo_gen_inst/<hidden>/<hidden>/<hidden>/<hidden>/<hidden>/<hidden>
    SLICE_X14Y46         FDPE                                         r  rl_system_luban7020_i/hp_ic/s00_couplers/auto_pc/inst/gen_axi4_axi3.axi3_conv_inst/USE_READ.USE_SPLIT_R.read_addr_inst/USE_R_CHANNEL.cmd_queue/inst/fifo_gen_inst/<hidden>/<hidden>/<hidden>/<hidden>/<hidden>/<hidden>/<hidden>
                         clock pessimism             -0.263     0.967    <hidden>
    SLICE_X14Y46         FDPE (Remov_fdpe_C_PRE)     -0.071     0.896    rl_system_luban7020_i/hp_ic/s00_couplers/auto_pc/inst/gen_axi4_axi3.axi3_conv_inst/USE_READ.USE_SPLIT_R.read_addr_inst/USE_R_CHANNEL.cmd_queue/inst/fifo_gen_inst/<hidden>/<hidden>/<hidden>/<hidden>/<hidden>/<hidden>
  -------------------------------------------------------------------
                         required time                         -0.896    <hidden>
                         arrival time                           1.444    <hidden>
  -------------------------------------------------------------------
                         slack                                  0.547    <hidden>

Slack (MET) :             0.547ns  (arrival time - required time)
  Source:                 rl_system_luban7020_i/hp_ic/s00_couplers/auto_pc/inst/gen_axi4_axi3.axi3_conv_inst/USE_READ.USE_SPLIT_R.read_addr_inst/USE_R_CHANNEL.cmd_queue/inst/fifo_gen_inst/<hidden>/<hidden>/<hidden>/<hidden>/<hidden>/<hidden>/<hidden>
                            (rising edge-triggered cell FDPE clocked by clk_fpga_0  {rise@0.000ns fall@3.000ns period=6.000ns})
  Destination:            rl_system_luban7020_i/hp_ic/s00_couplers/auto_pc/inst/gen_axi4_axi3.axi3_conv_inst/USE_READ.USE_SPLIT_R.read_addr_inst/USE_R_CHANNEL.cmd_queue/inst/fifo_gen_inst/<hidden>/<hidden>/<hidden>/<hidden>/<hidden>/<hidden>/<hidden>
                            (removal check against rising-edge clock clk_fpga_0  {rise@0.000ns fall@3.000ns period=6.000ns})
  Path Group:             **async_default**
  Path Type:              Removal (Min at Fast Process Corner)
  Requirement:            0.000ns  (clk_fpga_0 rise@0.000ns - clk_fpga_0 rise@0.000ns)
  Data Path Delay:        0.512ns  (logic 0.246ns (48.034%)  route 0.266ns (51.966%))
  Logic Levels:           1  (LUT3=1)
  Clock Path Skew:        0.036ns (DCD - SCD - CPR)
    Destination Clock Delay (DCD):    1.231ns
    Source Clock Delay      (SCD):    0.932ns
    Clock Pessimism Removal (CPR):    0.263ns

    Location             Delay type                Incr(ns)  Path(ns)    Netlist Resource(s)
  -------------------------------------------------------------------    -------------------
                         (clock clk_fpga_0 rise edge)
                                                      0.000     0.000 r  <hidden>
    PS7_X0Y0             PS7                          0.000     0.000 r  rl_system_luban7020_i/ps7/inst/PS7_i/FCLKCLK[0]
                         net (fo=1, routed)           0.310     0.310    rl_system_luban7020_i/ps7/inst/FCLK_CLK_unbuffered[0]
    BUFGCTRL_X0Y16       BUFG (Prop_bufg_I_O)         0.026     0.336 r  rl_system_luban7020_i/ps7/inst/buffer_fclk_clk_0.FCLK_CLK_0_BUFG/O
                         net (fo=16934, routed)       0.596     0.932    rl_system_luban7020_i/hp_ic/s00_couplers/auto_pc/inst/gen_axi4_axi3.axi3_conv_inst/USE_READ.USE_SPLIT_R.read_addr_inst/USE_R_CHANNEL.cmd_queue/inst/fifo_gen_inst/<hidden>/<hidden>/<hidden>/<hidden>/<hidden>/<hidden>
    SLICE_X16Y47         FDPE                                         r  rl_system_luban7020_i/hp_ic/s00_couplers/auto_pc/inst/gen_axi4_axi3.axi3_conv_inst/USE_READ.USE_SPLIT_R.read_addr_inst/USE_R_CHANNEL.cmd_queue/inst/fifo_gen_inst/<hidden>/<hidden>/<hidden>/<hidden>/<hidden>/<hidden>/<hidden>
  -------------------------------------------------------------------    -------------------
    SLICE_X16Y47         FDPE (Prop_fdpe_C_Q)         0.148     1.080 f  rl_system_luban7020_i/hp_ic/s00_couplers/auto_pc/inst/gen_axi4_axi3.axi3_conv_inst/USE_READ.USE_SPLIT_R.read_addr_inst/USE_R_CHANNEL.cmd_queue/inst/fifo_gen_inst/<hidden>/<hidden>/<hidden>/<hidden>/<hidden>/<hidden>/<hidden>
                         net (fo=2, routed)           0.124     1.203    rl_system_luban7020_i/hp_ic/s00_couplers/auto_pc/inst/gen_axi4_axi3.axi3_conv_inst/USE_READ.USE_SPLIT_R.read_addr_inst/USE_R_CHANNEL.cmd_queue/inst/fifo_gen_inst/<hidden>/<hidden>/<hidden>/<hidden>/<hidden>
    SLICE_X14Y47         LUT3 (Prop_lut3_I2_O)        0.098     1.301 f  rl_system_luban7020_i/hp_ic/s00_couplers/auto_pc/inst/gen_axi4_axi3.axi3_conv_inst/USE_READ.USE_SPLIT_R.read_addr_inst/USE_R_CHANNEL.cmd_queue/inst/fifo_gen_inst/<hidden>/<hidden>/<hidden>/<hidden>/<hidden>/<hidden>
                         net (fo=33, routed)          0.142     1.444    rl_system_luban7020_i/hp_ic/s00_couplers/auto_pc/inst/gen_axi4_axi3.axi3_conv_inst/USE_READ.USE_SPLIT_R.read_addr_inst/USE_R_CHANNEL.cmd_queue/inst/fifo_gen_inst/<hidden>/<hidden>/<hidden>/<hidden>/<hidden>/<hidden>
    SLICE_X14Y46         FDPE                                         f  rl_system_luban7020_i/hp_ic/s00_couplers/auto_pc/inst/gen_axi4_axi3.axi3_conv_inst/USE_READ.USE_SPLIT_R.read_addr_inst/USE_R_CHANNEL.cmd_queue/inst/fifo_gen_inst/<hidden>/<hidden>/<hidden>/<hidden>/<hidden>/<hidden>/<hidden>
  -------------------------------------------------------------------    -------------------

                         (clock clk_fpga_0 rise edge)
                                                      0.000     0.000 r  <hidden>
    PS7_X0Y0             PS7                          0.000     0.000 r  rl_system_luban7020_i/ps7/inst/PS7_i/FCLKCLK[0]
                         net (fo=1, routed)           0.337     0.337    rl_system_luban7020_i/ps7/inst/FCLK_CLK_unbuffered[0]
    BUFGCTRL_X0Y16       BUFG (Prop_bufg_I_O)         0.029     0.366 r  rl_system_luban7020_i/ps7/inst/buffer_fclk_clk_0.FCLK_CLK_0_BUFG/O
                         net (fo=16934, routed)       0.865     1.231    rl_system_luban7020_i/hp_ic/s00_couplers/auto_pc/inst/gen_axi4_axi3.axi3_conv_inst/USE_READ.USE_SPLIT_R.read_addr_inst/USE_R_CHANNEL.cmd_queue/inst/fifo_gen_inst/<hidden>/<hidden>/<hidden>/<hidden>/<hidden>/<hidden>
    SLICE_X14Y46         FDPE                                         r  rl_system_luban7020_i/hp_ic/s00_couplers/auto_pc/inst/gen_axi4_axi3.axi3_conv_inst/USE_READ.USE_SPLIT_R.read_addr_inst/USE_R_CHANNEL.cmd_queue/inst/fifo_gen_inst/<hidden>/<hidden>/<hidden>/<hidden>/<hidden>/<hidden>/<hidden>
                         clock pessimism             -0.263     0.967    <hidden>
    SLICE_X14Y46         FDPE (Remov_fdpe_C_PRE)     -0.071     0.896    rl_system_luban7020_i/hp_ic/s00_couplers/auto_pc/inst/gen_axi4_axi3.axi3_conv_inst/USE_READ.USE_SPLIT_R.read_addr_inst/USE_R_CHANNEL.cmd_queue/inst/fifo_gen_inst/<hidden>/<hidden>/<hidden>/<hidden>/<hidden>/<hidden>
  -------------------------------------------------------------------
                         required time                         -0.896    <hidden>
                         arrival time                           1.444    <hidden>
  -------------------------------------------------------------------
                         slack                                  0.547    <hidden>

Slack (MET) :             0.564ns  (arrival time - required time)
  Source:                 rl_system_luban7020_i/hp_ic/s00_couplers/auto_pc/inst/gen_axi4_axi3.axi3_conv_inst/USE_READ.USE_SPLIT_R.read_addr_inst/USE_R_CHANNEL.cmd_queue/inst/fifo_gen_inst/<hidden>/<hidden>/<hidden>/<hidden>/<hidden>/<hidden>/<hidden>
                            (rising edge-triggered cell FDPE clocked by clk_fpga_0  {rise@0.000ns fall@3.000ns period=6.000ns})
  Destination:            rl_system_luban7020_i/hp_ic/s00_couplers/auto_pc/inst/gen_axi4_axi3.axi3_conv_inst/USE_READ.USE_SPLIT_R.read_addr_inst/USE_R_CHANNEL.cmd_queue/inst/fifo_gen_inst/<hidden>/<hidden>/<hidden>/<hidden>/<hidden>/<hidden>/<hidden>
                            (removal check against rising-edge clock clk_fpga_0  {rise@0.000ns fall@3.000ns period=6.000ns})
  Path Group:             **async_default**
  Path Type:              Removal (Min at Fast Process Corner)
  Requirement:            0.000ns  (clk_fpga_0 rise@0.000ns - clk_fpga_0 rise@0.000ns)
  Data Path Delay:        0.509ns  (logic 0.246ns (48.331%)  route 0.263ns (51.669%))
  Logic Levels:           1  (LUT3=1)
  Clock Path Skew:        0.037ns (DCD - SCD - CPR)
    Destination Clock Delay (DCD):    1.232ns
    Source Clock Delay      (SCD):    0.932ns
    Clock Pessimism Removal (CPR):    0.263ns

    Location             Delay type                Incr(ns)  Path(ns)    Netlist Resource(s)
  -------------------------------------------------------------------    -------------------
                         (clock clk_fpga_0 rise edge)
                                                      0.000     0.000 r  <hidden>
    PS7_X0Y0             PS7                          0.000     0.000 r  rl_system_luban7020_i/ps7/inst/PS7_i/FCLKCLK[0]
                         net (fo=1, routed)           0.310     0.310    rl_system_luban7020_i/ps7/inst/FCLK_CLK_unbuffered[0]
    BUFGCTRL_X0Y16       BUFG (Prop_bufg_I_O)         0.026     0.336 r  rl_system_luban7020_i/ps7/inst/buffer_fclk_clk_0.FCLK_CLK_0_BUFG/O
                         net (fo=16934, routed)       0.596     0.932    rl_system_luban7020_i/hp_ic/s00_couplers/auto_pc/inst/gen_axi4_axi3.axi3_conv_inst/USE_READ.USE_SPLIT_R.read_addr_inst/USE_R_CHANNEL.cmd_queue/inst/fifo_gen_inst/<hidden>/<hidden>/<hidden>/<hidden>/<hidden>/<hidden>
    SLICE_X16Y47         FDPE                                         r  rl_system_luban7020_i/hp_ic/s00_couplers/auto_pc/inst/gen_axi4_axi3.axi3_conv_inst/USE_READ.USE_SPLIT_R.read_addr_inst/USE_R_CHANNEL.cmd_queue/inst/fifo_gen_inst/<hidden>/<hidden>/<hidden>/<hidden>/<hidden>/<hidden>/<hidden>
  -------------------------------------------------------------------    -------------------
    SLICE_X16Y47         FDPE (Prop_fdpe_C_Q)         0.148     1.080 f  rl_system_luban7020_i/hp_ic/s00_couplers/auto_pc/inst/gen_axi4_axi3.axi3_conv_inst/USE_READ.USE_SPLIT_R.read_addr_inst/USE_R_CHANNEL.cmd_queue/inst/fifo_gen_inst/<hidden>/<hidden>/<hidden>/<hidden>/<hidden>/<hidden>/<hidden>
                         net (fo=2, routed)           0.124     1.203    rl_system_luban7020_i/hp_ic/s00_couplers/auto_pc/inst/gen_axi4_axi3.axi3_conv_inst/USE_READ.USE_SPLIT_R.read_addr_inst/USE_R_CHANNEL.cmd_queue/inst/fifo_gen_inst/<hidden>/<hidden>/<hidden>/<hidden>/<hidden>
    SLICE_X14Y47         LUT3 (Prop_lut3_I2_O)        0.098     1.301 f  rl_system_luban7020_i/hp_ic/s00_couplers/auto_pc/inst/gen_axi4_axi3.axi3_conv_inst/USE_READ.USE_SPLIT_R.read_addr_inst/USE_R_CHANNEL.cmd_queue/inst/fifo_gen_inst/<hidden>/<hidden>/<hidden>/<hidden>/<hidden>/<hidden>
                         net (fo=33, routed)          0.139     1.440    rl_system_luban7020_i/hp_ic/s00_couplers/auto_pc/inst/gen_axi4_axi3.axi3_conv_inst/USE_READ.USE_SPLIT_R.read_addr_inst/USE_R_CHANNEL.cmd_queue/inst/fifo_gen_inst/<hidden>/<hidden>/<hidden>/<hidden>/<hidden>/<hidden>
    SLICE_X13Y47         FDCE                                         f  rl_system_luban7020_i/hp_ic/s00_couplers/auto_pc/inst/gen_axi4_axi3.axi3_conv_inst/USE_READ.USE_SPLIT_R.read_addr_inst/USE_R_CHANNEL.cmd_queue/inst/fifo_gen_inst/<hidden>/<hidden>/<hidden>/<hidden>/<hidden>/<hidden>/<hidden>
  -------------------------------------------------------------------    -------------------

                         (clock clk_fpga_0 rise edge)
                                                      0.000     0.000 r  <hidden>
    PS7_X0Y0             PS7                          0.000     0.000 r  rl_system_luban7020_i/ps7/inst/PS7_i/FCLKCLK[0]
                         net (fo=1, routed)           0.337     0.337    rl_system_luban7020_i/ps7/inst/FCLK_CLK_unbuffered[0]
    BUFGCTRL_X0Y16       BUFG (Prop_bufg_I_O)         0.029     0.366 r  rl_system_luban7020_i/ps7/inst/buffer_fclk_clk_0.FCLK_CLK_0_BUFG/O
                         net (fo=16934, routed)       0.866     1.232    rl_system_luban7020_i/hp_ic/s00_couplers/auto_pc/inst/gen_axi4_axi3.axi3_conv_inst/USE_READ.USE_SPLIT_R.read_addr_inst/USE_R_CHANNEL.cmd_queue/inst/fifo_gen_inst/<hidden>/<hidden>/<hidden>/<hidden>/<hidden>/<hidden>
    SLICE_X13Y47         FDCE                                         r  rl_system_luban7020_i/hp_ic/s00_couplers/auto_pc/inst/gen_axi4_axi3.axi3_conv_inst/USE_READ.USE_SPLIT_R.read_addr_inst/USE_R_CHANNEL.cmd_queue/inst/fifo_gen_inst/<hidden>/<hidden>/<hidden>/<hidden>/<hidden>/<hidden>/<hidden>
                         clock pessimism             -0.263     0.969    <hidden>
    SLICE_X13Y47         FDCE (Remov_fdce_C_CLR)     -0.092     0.877    rl_system_luban7020_i/hp_ic/s00_couplers/auto_pc/inst/gen_axi4_axi3.axi3_conv_inst/USE_READ.USE_SPLIT_R.read_addr_inst/USE_R_CHANNEL.cmd_queue/inst/fifo_gen_inst/<hidden>/<hidden>/<hidden>/<hidden>/<hidden>/<hidden>
  -------------------------------------------------------------------
                         required time                         -0.877    <hidden>
                         arrival time                           1.440    <hidden>
  -------------------------------------------------------------------
                         slack                                  0.564    <hidden>

Slack (MET) :             0.564ns  (arrival time - required time)
  Source:                 rl_system_luban7020_i/hp_ic/s00_couplers/auto_pc/inst/gen_axi4_axi3.axi3_conv_inst/USE_READ.USE_SPLIT_R.read_addr_inst/USE_R_CHANNEL.cmd_queue/inst/fifo_gen_inst/<hidden>/<hidden>/<hidden>/<hidden>/<hidden>/<hidden>/<hidden>
                            (rising edge-triggered cell FDPE clocked by clk_fpga_0  {rise@0.000ns fall@3.000ns period=6.000ns})
  Destination:            rl_system_luban7020_i/hp_ic/s00_couplers/auto_pc/inst/gen_axi4_axi3.axi3_conv_inst/USE_READ.USE_SPLIT_R.read_addr_inst/USE_R_CHANNEL.cmd_queue/inst/fifo_gen_inst/<hidden>/<hidden>/<hidden>/<hidden>/<hidden>/<hidden>/<hidden>
                            (removal check against rising-edge clock clk_fpga_0  {rise@0.000ns fall@3.000ns period=6.000ns})
  Path Group:             **async_default**
  Path Type:              Removal (Min at Fast Process Corner)
  Requirement:            0.000ns  (clk_fpga_0 rise@0.000ns - clk_fpga_0 rise@0.000ns)
  Data Path Delay:        0.509ns  (logic 0.246ns (48.331%)  route 0.263ns (51.669%))
  Logic Levels:           1  (LUT3=1)
  Clock Path Skew:        0.037ns (DCD - SCD - CPR)
    Destination Clock Delay (DCD):    1.232ns
    Source Clock Delay      (SCD):    0.932ns
    Clock Pessimism Removal (CPR):    0.263ns

    Location             Delay type                Incr(ns)  Path(ns)    Netlist Resource(s)
  -------------------------------------------------------------------    -------------------
                         (clock clk_fpga_0 rise edge)
                                                      0.000     0.000 r  <hidden>
    PS7_X0Y0             PS7                          0.000     0.000 r  rl_system_luban7020_i/ps7/inst/PS7_i/FCLKCLK[0]
                         net (fo=1, routed)           0.310     0.310    rl_system_luban7020_i/ps7/inst/FCLK_CLK_unbuffered[0]
    BUFGCTRL_X0Y16       BUFG (Prop_bufg_I_O)         0.026     0.336 r  rl_system_luban7020_i/ps7/inst/buffer_fclk_clk_0.FCLK_CLK_0_BUFG/O
                         net (fo=16934, routed)       0.596     0.932    rl_system_luban7020_i/hp_ic/s00_couplers/auto_pc/inst/gen_axi4_axi3.axi3_conv_inst/USE_READ.USE_SPLIT_R.read_addr_inst/USE_R_CHANNEL.cmd_queue/inst/fifo_gen_inst/<hidden>/<hidden>/<hidden>/<hidden>/<hidden>/<hidden>
    SLICE_X16Y47         FDPE                                         r  rl_system_luban7020_i/hp_ic/s00_couplers/auto_pc/inst/gen_axi4_axi3.axi3_conv_inst/USE_READ.USE_SPLIT_R.read_addr_inst/USE_R_CHANNEL.cmd_queue/inst/fifo_gen_inst/<hidden>/<hidden>/<hidden>/<hidden>/<hidden>/<hidden>/<hidden>
  -------------------------------------------------------------------    -------------------
    SLICE_X16Y47         FDPE (Prop_fdpe_C_Q)         0.148     1.080 f  rl_system_luban7020_i/hp_ic/s00_couplers/auto_pc/inst/gen_axi4_axi3.axi3_conv_inst/USE_READ.USE_SPLIT_R.read_addr_inst/USE_R_CHANNEL.cmd_queue/inst/fifo_gen_inst/<hidden>/<hidden>/<hidden>/<hidden>/<hidden>/<hidden>/<hidden>
                         net (fo=2, routed)           0.124     1.203    rl_system_luban7020_i/hp_ic/s00_couplers/auto_pc/inst/gen_axi4_axi3.axi3_conv_inst/USE_READ.USE_SPLIT_R.read_addr_inst/USE_R_CHANNEL.cmd_queue/inst/fifo_gen_inst/<hidden>/<hidden>/<hidden>/<hidden>/<hidden>
    SLICE_X14Y47         LUT3 (Prop_lut3_I2_O)        0.098     1.301 f  rl_system_luban7020_i/hp_ic/s00_couplers/auto_pc/inst/gen_axi4_axi3.axi3_conv_inst/USE_READ.USE_SPLIT_R.read_addr_inst/USE_R_CHANNEL.cmd_queue/inst/fifo_gen_inst/<hidden>/<hidden>/<hidden>/<hidden>/<hidden>/<hidden>
                         net (fo=33, routed)          0.139     1.440    rl_system_luban7020_i/hp_ic/s00_couplers/auto_pc/inst/gen_axi4_axi3.axi3_conv_inst/USE_READ.USE_SPLIT_R.read_addr_inst/USE_R_CHANNEL.cmd_queue/inst/fifo_gen_inst/<hidden>/<hidden>/<hidden>/<hidden>/<hidden>/<hidden>
    SLICE_X13Y47         FDCE                                         f  rl_system_luban7020_i/hp_ic/s00_couplers/auto_pc/inst/gen_axi4_axi3.axi3_conv_inst/USE_READ.USE_SPLIT_R.read_addr_inst/USE_R_CHANNEL.cmd_queue/inst/fifo_gen_inst/<hidden>/<hidden>/<hidden>/<hidden>/<hidden>/<hidden>/<hidden>
  -------------------------------------------------------------------    -------------------

                         (clock clk_fpga_0 rise edge)
                                                      0.000     0.000 r  <hidden>
    PS7_X0Y0             PS7                          0.000     0.000 r  rl_system_luban7020_i/ps7/inst/PS7_i/FCLKCLK[0]
                         net (fo=1, routed)           0.337     0.337    rl_system_luban7020_i/ps7/inst/FCLK_CLK_unbuffered[0]
    BUFGCTRL_X0Y16       BUFG (Prop_bufg_I_O)         0.029     0.366 r  rl_system_luban7020_i/ps7/inst/buffer_fclk_clk_0.FCLK_CLK_0_BUFG/O
                         net (fo=16934, routed)       0.866     1.232    rl_system_luban7020_i/hp_ic/s00_couplers/auto_pc/inst/gen_axi4_axi3.axi3_conv_inst/USE_READ.USE_SPLIT_R.read_addr_inst/USE_R_CHANNEL.cmd_queue/inst/fifo_gen_inst/<hidden>/<hidden>/<hidden>/<hidden>/<hidden>/<hidden>
    SLICE_X13Y47         FDCE                                         r  rl_system_luban7020_i/hp_ic/s00_couplers/auto_pc/inst/gen_axi4_axi3.axi3_conv_inst/USE_READ.USE_SPLIT_R.read_addr_inst/USE_R_CHANNEL.cmd_queue/inst/fifo_gen_inst/<hidden>/<hidden>/<hidden>/<hidden>/<hidden>/<hidden>/<hidden>
                         clock pessimism             -0.263     0.969    <hidden>
    SLICE_X13Y47         FDCE (Remov_fdce_C_CLR)     -0.092     0.877    rl_system_luban7020_i/hp_ic/s00_couplers/auto_pc/inst/gen_axi4_axi3.axi3_conv_inst/USE_READ.USE_SPLIT_R.read_addr_inst/USE_R_CHANNEL.cmd_queue/inst/fifo_gen_inst/<hidden>/<hidden>/<hidden>/<hidden>/<hidden>/<hidden>
  -------------------------------------------------------------------
                         required time                         -0.877    <hidden>
                         arrival time                           1.440    <hidden>
  -------------------------------------------------------------------
                         slack                                  0.564    <hidden>

Slack (MET) :             0.564ns  (arrival time - required time)
  Source:                 rl_system_luban7020_i/hp_ic/s00_couplers/auto_pc/inst/gen_axi4_axi3.axi3_conv_inst/USE_READ.USE_SPLIT_R.read_addr_inst/USE_R_CHANNEL.cmd_queue/inst/fifo_gen_inst/<hidden>/<hidden>/<hidden>/<hidden>/<hidden>/<hidden>/<hidden>
                            (rising edge-triggered cell FDPE clocked by clk_fpga_0  {rise@0.000ns fall@3.000ns period=6.000ns})
  Destination:            rl_system_luban7020_i/hp_ic/s00_couplers/auto_pc/inst/gen_axi4_axi3.axi3_conv_inst/USE_READ.USE_SPLIT_R.read_addr_inst/USE_R_CHANNEL.cmd_queue/inst/fifo_gen_inst/<hidden>/<hidden>/<hidden>/<hidden>/<hidden>/<hidden>/<hidden>
                            (removal check against rising-edge clock clk_fpga_0  {rise@0.000ns fall@3.000ns period=6.000ns})
  Path Group:             **async_default**
  Path Type:              Removal (Min at Fast Process Corner)
  Requirement:            0.000ns  (clk_fpga_0 rise@0.000ns - clk_fpga_0 rise@0.000ns)
  Data Path Delay:        0.509ns  (logic 0.246ns (48.331%)  route 0.263ns (51.669%))
  Logic Levels:           1  (LUT3=1)
  Clock Path Skew:        0.037ns (DCD - SCD - CPR)
    Destination Clock Delay (DCD):    1.232ns
    Source Clock Delay      (SCD):    0.932ns
    Clock Pessimism Removal (CPR):    0.263ns

    Location             Delay type                Incr(ns)  Path(ns)    Netlist Resource(s)
  -------------------------------------------------------------------    -------------------
                         (clock clk_fpga_0 rise edge)
                                                      0.000     0.000 r  <hidden>
    PS7_X0Y0             PS7                          0.000     0.000 r  rl_system_luban7020_i/ps7/inst/PS7_i/FCLKCLK[0]
                         net (fo=1, routed)           0.310     0.310    rl_system_luban7020_i/ps7/inst/FCLK_CLK_unbuffered[0]
    BUFGCTRL_X0Y16       BUFG (Prop_bufg_I_O)         0.026     0.336 r  rl_system_luban7020_i/ps7/inst/buffer_fclk_clk_0.FCLK_CLK_0_BUFG/O
                         net (fo=16934, routed)       0.596     0.932    rl_system_luban7020_i/hp_ic/s00_couplers/auto_pc/inst/gen_axi4_axi3.axi3_conv_inst/USE_READ.USE_SPLIT_R.read_addr_inst/USE_R_CHANNEL.cmd_queue/inst/fifo_gen_inst/<hidden>/<hidden>/<hidden>/<hidden>/<hidden>/<hidden>
    SLICE_X16Y47         FDPE                                         r  rl_system_luban7020_i/hp_ic/s00_couplers/auto_pc/inst/gen_axi4_axi3.axi3_conv_inst/USE_READ.USE_SPLIT_R.read_addr_inst/USE_R_CHANNEL.cmd_queue/inst/fifo_gen_inst/<hidden>/<hidden>/<hidden>/<hidden>/<hidden>/<hidden>/<hidden>
  -------------------------------------------------------------------    -------------------
    SLICE_X16Y47         FDPE (Prop_fdpe_C_Q)         0.148     1.080 f  rl_system_luban7020_i/hp_ic/s00_couplers/auto_pc/inst/gen_axi4_axi3.axi3_conv_inst/USE_READ.USE_SPLIT_R.read_addr_inst/USE_R_CHANNEL.cmd_queue/inst/fifo_gen_inst/<hidden>/<hidden>/<hidden>/<hidden>/<hidden>/<hidden>/<hidden>
                         net (fo=2, routed)           0.124     1.203    rl_system_luban7020_i/hp_ic/s00_couplers/auto_pc/inst/gen_axi4_axi3.axi3_conv_inst/USE_READ.USE_SPLIT_R.read_addr_inst/USE_R_CHANNEL.cmd_queue/inst/fifo_gen_inst/<hidden>/<hidden>/<hidden>/<hidden>/<hidden>
    SLICE_X14Y47         LUT3 (Prop_lut3_I2_O)        0.098     1.301 f  rl_system_luban7020_i/hp_ic/s00_couplers/auto_pc/inst/gen_axi4_axi3.axi3_conv_inst/USE_READ.USE_SPLIT_R.read_addr_inst/USE_R_CHANNEL.cmd_queue/inst/fifo_gen_inst/<hidden>/<hidden>/<hidden>/<hidden>/<hidden>/<hidden>
                         net (fo=33, routed)          0.139     1.440    rl_system_luban7020_i/hp_ic/s00_couplers/auto_pc/inst/gen_axi4_axi3.axi3_conv_inst/USE_READ.USE_SPLIT_R.read_addr_inst/USE_R_CHANNEL.cmd_queue/inst/fifo_gen_inst/<hidden>/<hidden>/<hidden>/<hidden>/<hidden>/<hidden>
    SLICE_X13Y47         FDCE                                         f  rl_system_luban7020_i/hp_ic/s00_couplers/auto_pc/inst/gen_axi4_axi3.axi3_conv_inst/USE_READ.USE_SPLIT_R.read_addr_inst/USE_R_CHANNEL.cmd_queue/inst/fifo_gen_inst/<hidden>/<hidden>/<hidden>/<hidden>/<hidden>/<hidden>/<hidden>
  -------------------------------------------------------------------    -------------------

                         (clock clk_fpga_0 rise edge)
                                                      0.000     0.000 r  <hidden>
    PS7_X0Y0             PS7                          0.000     0.000 r  rl_system_luban7020_i/ps7/inst/PS7_i/FCLKCLK[0]
                         net (fo=1, routed)           0.337     0.337    rl_system_luban7020_i/ps7/inst/FCLK_CLK_unbuffered[0]
    BUFGCTRL_X0Y16       BUFG (Prop_bufg_I_O)         0.029     0.366 r  rl_system_luban7020_i/ps7/inst/buffer_fclk_clk_0.FCLK_CLK_0_BUFG/O
                         net (fo=16934, routed)       0.866     1.232    rl_system_luban7020_i/hp_ic/s00_couplers/auto_pc/inst/gen_axi4_axi3.axi3_conv_inst/USE_READ.USE_SPLIT_R.read_addr_inst/USE_R_CHANNEL.cmd_queue/inst/fifo_gen_inst/<hidden>/<hidden>/<hidden>/<hidden>/<hidden>/<hidden>
    SLICE_X13Y47         FDCE                                         r  rl_system_luban7020_i/hp_ic/s00_couplers/auto_pc/inst/gen_axi4_axi3.axi3_conv_inst/USE_READ.USE_SPLIT_R.read_addr_inst/USE_R_CHANNEL.cmd_queue/inst/fifo_gen_inst/<hidden>/<hidden>/<hidden>/<hidden>/<hidden>/<hidden>/<hidden>
                         clock pessimism             -0.263     0.969    <hidden>
    SLICE_X13Y47         FDCE (Remov_fdce_C_CLR)     -0.092     0.877    rl_system_luban7020_i/hp_ic/s00_couplers/auto_pc/inst/gen_axi4_axi3.axi3_conv_inst/USE_READ.USE_SPLIT_R.read_addr_inst/USE_R_CHANNEL.cmd_queue/inst/fifo_gen_inst/<hidden>/<hidden>/<hidden>/<hidden>/<hidden>/<hidden>
  -------------------------------------------------------------------
                         required time                         -0.877    <hidden>
                         arrival time                           1.440    <hidden>
  -------------------------------------------------------------------
                         slack                                  0.564    <hidden>

Slack (MET) :             0.564ns  (arrival time - required time)
  Source:                 rl_system_luban7020_i/hp_ic/s00_couplers/auto_pc/inst/gen_axi4_axi3.axi3_conv_inst/USE_READ.USE_SPLIT_R.read_addr_inst/USE_R_CHANNEL.cmd_queue/inst/fifo_gen_inst/<hidden>/<hidden>/<hidden>/<hidden>/<hidden>/<hidden>/<hidden>
                            (rising edge-triggered cell FDPE clocked by clk_fpga_0  {rise@0.000ns fall@3.000ns period=6.000ns})
  Destination:            rl_system_luban7020_i/hp_ic/s00_couplers/auto_pc/inst/gen_axi4_axi3.axi3_conv_inst/USE_READ.USE_SPLIT_R.read_addr_inst/USE_R_CHANNEL.cmd_queue/inst/fifo_gen_inst/<hidden>/<hidden>/<hidden>/<hidden>/<hidden>/<hidden>/<hidden>
                            (removal check against rising-edge clock clk_fpga_0  {rise@0.000ns fall@3.000ns period=6.000ns})
  Path Group:             **async_default**
  Path Type:              Removal (Min at Fast Process Corner)
  Requirement:            0.000ns  (clk_fpga_0 rise@0.000ns - clk_fpga_0 rise@0.000ns)
  Data Path Delay:        0.509ns  (logic 0.246ns (48.331%)  route 0.263ns (51.669%))
  Logic Levels:           1  (LUT3=1)
  Clock Path Skew:        0.037ns (DCD - SCD - CPR)
    Destination Clock Delay (DCD):    1.232ns
    Source Clock Delay      (SCD):    0.932ns
    Clock Pessimism Removal (CPR):    0.263ns

    Location             Delay type                Incr(ns)  Path(ns)    Netlist Resource(s)
  -------------------------------------------------------------------    -------------------
                         (clock clk_fpga_0 rise edge)
                                                      0.000     0.000 r  <hidden>
    PS7_X0Y0             PS7                          0.000     0.000 r  rl_system_luban7020_i/ps7/inst/PS7_i/FCLKCLK[0]
                         net (fo=1, routed)           0.310     0.310    rl_system_luban7020_i/ps7/inst/FCLK_CLK_unbuffered[0]
    BUFGCTRL_X0Y16       BUFG (Prop_bufg_I_O)         0.026     0.336 r  rl_system_luban7020_i/ps7/inst/buffer_fclk_clk_0.FCLK_CLK_0_BUFG/O
                         net (fo=16934, routed)       0.596     0.932    rl_system_luban7020_i/hp_ic/s00_couplers/auto_pc/inst/gen_axi4_axi3.axi3_conv_inst/USE_READ.USE_SPLIT_R.read_addr_inst/USE_R_CHANNEL.cmd_queue/inst/fifo_gen_inst/<hidden>/<hidden>/<hidden>/<hidden>/<hidden>/<hidden>
    SLICE_X16Y47         FDPE                                         r  rl_system_luban7020_i/hp_ic/s00_couplers/auto_pc/inst/gen_axi4_axi3.axi3_conv_inst/USE_READ.USE_SPLIT_R.read_addr_inst/USE_R_CHANNEL.cmd_queue/inst/fifo_gen_inst/<hidden>/<hidden>/<hidden>/<hidden>/<hidden>/<hidden>/<hidden>
  -------------------------------------------------------------------    -------------------
    SLICE_X16Y47         FDPE (Prop_fdpe_C_Q)         0.148     1.080 f  rl_system_luban7020_i/hp_ic/s00_couplers/auto_pc/inst/gen_axi4_axi3.axi3_conv_inst/USE_READ.USE_SPLIT_R.read_addr_inst/USE_R_CHANNEL.cmd_queue/inst/fifo_gen_inst/<hidden>/<hidden>/<hidden>/<hidden>/<hidden>/<hidden>/<hidden>
                         net (fo=2, routed)           0.124     1.203    rl_system_luban7020_i/hp_ic/s00_couplers/auto_pc/inst/gen_axi4_axi3.axi3_conv_inst/USE_READ.USE_SPLIT_R.read_addr_inst/USE_R_CHANNEL.cmd_queue/inst/fifo_gen_inst/<hidden>/<hidden>/<hidden>/<hidden>/<hidden>
    SLICE_X14Y47         LUT3 (Prop_lut3_I2_O)        0.098     1.301 f  rl_system_luban7020_i/hp_ic/s00_couplers/auto_pc/inst/gen_axi4_axi3.axi3_conv_inst/USE_READ.USE_SPLIT_R.read_addr_inst/USE_R_CHANNEL.cmd_queue/inst/fifo_gen_inst/<hidden>/<hidden>/<hidden>/<hidden>/<hidden>/<hidden>
                         net (fo=33, routed)          0.139     1.440    rl_system_luban7020_i/hp_ic/s00_couplers/auto_pc/inst/gen_axi4_axi3.axi3_conv_inst/USE_READ.USE_SPLIT_R.read_addr_inst/USE_R_CHANNEL.cmd_queue/inst/fifo_gen_inst/<hidden>/<hidden>/<hidden>/<hidden>/<hidden>/<hidden>
    SLICE_X13Y47         FDCE                                         f  rl_system_luban7020_i/hp_ic/s00_couplers/auto_pc/inst/gen_axi4_axi3.axi3_conv_inst/USE_READ.USE_SPLIT_R.read_addr_inst/USE_R_CHANNEL.cmd_queue/inst/fifo_gen_inst/<hidden>/<hidden>/<hidden>/<hidden>/<hidden>/<hidden>/<hidden>
  -------------------------------------------------------------------    -------------------

                         (clock clk_fpga_0 rise edge)
                                                      0.000     0.000 r  <hidden>
    PS7_X0Y0             PS7                          0.000     0.000 r  rl_system_luban7020_i/ps7/inst/PS7_i/FCLKCLK[0]
                         net (fo=1, routed)           0.337     0.337    rl_system_luban7020_i/ps7/inst/FCLK_CLK_unbuffered[0]
    BUFGCTRL_X0Y16       BUFG (Prop_bufg_I_O)         0.029     0.366 r  rl_system_luban7020_i/ps7/inst/buffer_fclk_clk_0.FCLK_CLK_0_BUFG/O
                         net (fo=16934, routed)       0.866     1.232    rl_system_luban7020_i/hp_ic/s00_couplers/auto_pc/inst/gen_axi4_axi3.axi3_conv_inst/USE_READ.USE_SPLIT_R.read_addr_inst/USE_R_CHANNEL.cmd_queue/inst/fifo_gen_inst/<hidden>/<hidden>/<hidden>/<hidden>/<hidden>/<hidden>
    SLICE_X13Y47         FDCE                                         r  rl_system_luban7020_i/hp_ic/s00_couplers/auto_pc/inst/gen_axi4_axi3.axi3_conv_inst/USE_READ.USE_SPLIT_R.read_addr_inst/USE_R_CHANNEL.cmd_queue/inst/fifo_gen_inst/<hidden>/<hidden>/<hidden>/<hidden>/<hidden>/<hidden>/<hidden>
                         clock pessimism             -0.263     0.969    <hidden>
    SLICE_X13Y47         FDCE (Remov_fdce_C_CLR)     -0.092     0.877    rl_system_luban7020_i/hp_ic/s00_couplers/auto_pc/inst/gen_axi4_axi3.axi3_conv_inst/USE_READ.USE_SPLIT_R.read_addr_inst/USE_R_CHANNEL.cmd_queue/inst/fifo_gen_inst/<hidden>/<hidden>/<hidden>/<hidden>/<hidden>/<hidden>
  -------------------------------------------------------------------
                         required time                         -0.877    <hidden>
                         arrival time                           1.440    <hidden>
  -------------------------------------------------------------------
                         slack                                  0.564    <hidden>

Slack (MET) :             0.564ns  (arrival time - required time)
  Source:                 rl_system_luban7020_i/hp_ic/s00_couplers/auto_pc/inst/gen_axi4_axi3.axi3_conv_inst/USE_READ.USE_SPLIT_R.read_addr_inst/USE_R_CHANNEL.cmd_queue/inst/fifo_gen_inst/<hidden>/<hidden>/<hidden>/<hidden>/<hidden>/<hidden>/<hidden>
                            (rising edge-triggered cell FDPE clocked by clk_fpga_0  {rise@0.000ns fall@3.000ns period=6.000ns})
  Destination:            rl_system_luban7020_i/hp_ic/s00_couplers/auto_pc/inst/gen_axi4_axi3.axi3_conv_inst/USE_READ.USE_SPLIT_R.read_addr_inst/USE_R_CHANNEL.cmd_queue/inst/fifo_gen_inst/<hidden>/<hidden>/<hidden>/<hidden>/<hidden>/<hidden>/<hidden>
                            (removal check against rising-edge clock clk_fpga_0  {rise@0.000ns fall@3.000ns period=6.000ns})
  Path Group:             **async_default**
  Path Type:              Removal (Min at Fast Process Corner)
  Requirement:            0.000ns  (clk_fpga_0 rise@0.000ns - clk_fpga_0 rise@0.000ns)
  Data Path Delay:        0.509ns  (logic 0.246ns (48.331%)  route 0.263ns (51.669%))
  Logic Levels:           1  (LUT3=1)
  Clock Path Skew:        0.037ns (DCD - SCD - CPR)
    Destination Clock Delay (DCD):    1.232ns
    Source Clock Delay      (SCD):    0.932ns
    Clock Pessimism Removal (CPR):    0.263ns

    Location             Delay type                Incr(ns)  Path(ns)    Netlist Resource(s)
  -------------------------------------------------------------------    -------------------
                         (clock clk_fpga_0 rise edge)
                                                      0.000     0.000 r  <hidden>
    PS7_X0Y0             PS7                          0.000     0.000 r  rl_system_luban7020_i/ps7/inst/PS7_i/FCLKCLK[0]
                         net (fo=1, routed)           0.310     0.310    rl_system_luban7020_i/ps7/inst/FCLK_CLK_unbuffered[0]
    BUFGCTRL_X0Y16       BUFG (Prop_bufg_I_O)         0.026     0.336 r  rl_system_luban7020_i/ps7/inst/buffer_fclk_clk_0.FCLK_CLK_0_BUFG/O
                         net (fo=16934, routed)       0.596     0.932    rl_system_luban7020_i/hp_ic/s00_couplers/auto_pc/inst/gen_axi4_axi3.axi3_conv_inst/USE_READ.USE_SPLIT_R.read_addr_inst/USE_R_CHANNEL.cmd_queue/inst/fifo_gen_inst/<hidden>/<hidden>/<hidden>/<hidden>/<hidden>/<hidden>
    SLICE_X16Y47         FDPE                                         r  rl_system_luban7020_i/hp_ic/s00_couplers/auto_pc/inst/gen_axi4_axi3.axi3_conv_inst/USE_READ.USE_SPLIT_R.read_addr_inst/USE_R_CHANNEL.cmd_queue/inst/fifo_gen_inst/<hidden>/<hidden>/<hidden>/<hidden>/<hidden>/<hidden>/<hidden>
  -------------------------------------------------------------------    -------------------
    SLICE_X16Y47         FDPE (Prop_fdpe_C_Q)         0.148     1.080 f  rl_system_luban7020_i/hp_ic/s00_couplers/auto_pc/inst/gen_axi4_axi3.axi3_conv_inst/USE_READ.USE_SPLIT_R.read_addr_inst/USE_R_CHANNEL.cmd_queue/inst/fifo_gen_inst/<hidden>/<hidden>/<hidden>/<hidden>/<hidden>/<hidden>/<hidden>
                         net (fo=2, routed)           0.124     1.203    rl_system_luban7020_i/hp_ic/s00_couplers/auto_pc/inst/gen_axi4_axi3.axi3_conv_inst/USE_READ.USE_SPLIT_R.read_addr_inst/USE_R_CHANNEL.cmd_queue/inst/fifo_gen_inst/<hidden>/<hidden>/<hidden>/<hidden>/<hidden>
    SLICE_X14Y47         LUT3 (Prop_lut3_I2_O)        0.098     1.301 f  rl_system_luban7020_i/hp_ic/s00_couplers/auto_pc/inst/gen_axi4_axi3.axi3_conv_inst/USE_READ.USE_SPLIT_R.read_addr_inst/USE_R_CHANNEL.cmd_queue/inst/fifo_gen_inst/<hidden>/<hidden>/<hidden>/<hidden>/<hidden>/<hidden>
                         net (fo=33, routed)          0.139     1.440    rl_system_luban7020_i/hp_ic/s00_couplers/auto_pc/inst/gen_axi4_axi3.axi3_conv_inst/USE_READ.USE_SPLIT_R.read_addr_inst/USE_R_CHANNEL.cmd_queue/inst/fifo_gen_inst/<hidden>/<hidden>/<hidden>/<hidden>/<hidden>/<hidden>
    SLICE_X13Y47         FDCE                                         f  rl_system_luban7020_i/hp_ic/s00_couplers/auto_pc/inst/gen_axi4_axi3.axi3_conv_inst/USE_READ.USE_SPLIT_R.read_addr_inst/USE_R_CHANNEL.cmd_queue/inst/fifo_gen_inst/<hidden>/<hidden>/<hidden>/<hidden>/<hidden>/<hidden>/<hidden>
  -------------------------------------------------------------------    -------------------

                         (clock clk_fpga_0 rise edge)
                                                      0.000     0.000 r  <hidden>
    PS7_X0Y0             PS7                          0.000     0.000 r  rl_system_luban7020_i/ps7/inst/PS7_i/FCLKCLK[0]
                         net (fo=1, routed)           0.337     0.337    rl_system_luban7020_i/ps7/inst/FCLK_CLK_unbuffered[0]
    BUFGCTRL_X0Y16       BUFG (Prop_bufg_I_O)         0.029     0.366 r  rl_system_luban7020_i/ps7/inst/buffer_fclk_clk_0.FCLK_CLK_0_BUFG/O
                         net (fo=16934, routed)       0.866     1.232    rl_system_luban7020_i/hp_ic/s00_couplers/auto_pc/inst/gen_axi4_axi3.axi3_conv_inst/USE_READ.USE_SPLIT_R.read_addr_inst/USE_R_CHANNEL.cmd_queue/inst/fifo_gen_inst/<hidden>/<hidden>/<hidden>/<hidden>/<hidden>/<hidden>
    SLICE_X13Y47         FDCE                                         r  rl_system_luban7020_i/hp_ic/s00_couplers/auto_pc/inst/gen_axi4_axi3.axi3_conv_inst/USE_READ.USE_SPLIT_R.read_addr_inst/USE_R_CHANNEL.cmd_queue/inst/fifo_gen_inst/<hidden>/<hidden>/<hidden>/<hidden>/<hidden>/<hidden>/<hidden>
                         clock pessimism             -0.263     0.969    <hidden>
    SLICE_X13Y47         FDCE (Remov_fdce_C_CLR)     -0.092     0.877    rl_system_luban7020_i/hp_ic/s00_couplers/auto_pc/inst/gen_axi4_axi3.axi3_conv_inst/USE_READ.USE_SPLIT_R.read_addr_inst/USE_R_CHANNEL.cmd_queue/inst/fifo_gen_inst/<hidden>/<hidden>/<hidden>/<hidden>/<hidden>/<hidden>
  -------------------------------------------------------------------
                         required time                         -0.877    <hidden>
                         arrival time                           1.440    <hidden>
  -------------------------------------------------------------------
                         slack                                  0.564    <hidden>

Slack (MET) :             0.564ns  (arrival time - required time)
  Source:                 rl_system_luban7020_i/hp_ic/s00_couplers/auto_pc/inst/gen_axi4_axi3.axi3_conv_inst/USE_READ.USE_SPLIT_R.read_addr_inst/USE_R_CHANNEL.cmd_queue/inst/fifo_gen_inst/<hidden>/<hidden>/<hidden>/<hidden>/<hidden>/<hidden>/<hidden>
                            (rising edge-triggered cell FDPE clocked by clk_fpga_0  {rise@0.000ns fall@3.000ns period=6.000ns})
  Destination:            rl_system_luban7020_i/hp_ic/s00_couplers/auto_pc/inst/gen_axi4_axi3.axi3_conv_inst/USE_READ.USE_SPLIT_R.read_addr_inst/USE_R_CHANNEL.cmd_queue/inst/fifo_gen_inst/<hidden>/<hidden>/<hidden>/<hidden>/<hidden>/<hidden>/<hidden>
                            (removal check against rising-edge clock clk_fpga_0  {rise@0.000ns fall@3.000ns period=6.000ns})
  Path Group:             **async_default**
  Path Type:              Removal (Min at Fast Process Corner)
  Requirement:            0.000ns  (clk_fpga_0 rise@0.000ns - clk_fpga_0 rise@0.000ns)
  Data Path Delay:        0.509ns  (logic 0.246ns (48.331%)  route 0.263ns (51.669%))
  Logic Levels:           1  (LUT3=1)
  Clock Path Skew:        0.037ns (DCD - SCD - CPR)
    Destination Clock Delay (DCD):    1.232ns
    Source Clock Delay      (SCD):    0.932ns
    Clock Pessimism Removal (CPR):    0.263ns

    Location             Delay type                Incr(ns)  Path(ns)    Netlist Resource(s)
  -------------------------------------------------------------------    -------------------
                         (clock clk_fpga_0 rise edge)
                                                      0.000     0.000 r  <hidden>
    PS7_X0Y0             PS7                          0.000     0.000 r  rl_system_luban7020_i/ps7/inst/PS7_i/FCLKCLK[0]
                         net (fo=1, routed)           0.310     0.310    rl_system_luban7020_i/ps7/inst/FCLK_CLK_unbuffered[0]
    BUFGCTRL_X0Y16       BUFG (Prop_bufg_I_O)         0.026     0.336 r  rl_system_luban7020_i/ps7/inst/buffer_fclk_clk_0.FCLK_CLK_0_BUFG/O
                         net (fo=16934, routed)       0.596     0.932    rl_system_luban7020_i/hp_ic/s00_couplers/auto_pc/inst/gen_axi4_axi3.axi3_conv_inst/USE_READ.USE_SPLIT_R.read_addr_inst/USE_R_CHANNEL.cmd_queue/inst/fifo_gen_inst/<hidden>/<hidden>/<hidden>/<hidden>/<hidden>/<hidden>
    SLICE_X16Y47         FDPE                                         r  rl_system_luban7020_i/hp_ic/s00_couplers/auto_pc/inst/gen_axi4_axi3.axi3_conv_inst/USE_READ.USE_SPLIT_R.read_addr_inst/USE_R_CHANNEL.cmd_queue/inst/fifo_gen_inst/<hidden>/<hidden>/<hidden>/<hidden>/<hidden>/<hidden>/<hidden>
  -------------------------------------------------------------------    -------------------
    SLICE_X16Y47         FDPE (Prop_fdpe_C_Q)         0.148     1.080 f  rl_system_luban7020_i/hp_ic/s00_couplers/auto_pc/inst/gen_axi4_axi3.axi3_conv_inst/USE_READ.USE_SPLIT_R.read_addr_inst/USE_R_CHANNEL.cmd_queue/inst/fifo_gen_inst/<hidden>/<hidden>/<hidden>/<hidden>/<hidden>/<hidden>/<hidden>
                         net (fo=2, routed)           0.124     1.203    rl_system_luban7020_i/hp_ic/s00_couplers/auto_pc/inst/gen_axi4_axi3.axi3_conv_inst/USE_READ.USE_SPLIT_R.read_addr_inst/USE_R_CHANNEL.cmd_queue/inst/fifo_gen_inst/<hidden>/<hidden>/<hidden>/<hidden>/<hidden>
    SLICE_X14Y47         LUT3 (Prop_lut3_I2_O)        0.098     1.301 f  rl_system_luban7020_i/hp_ic/s00_couplers/auto_pc/inst/gen_axi4_axi3.axi3_conv_inst/USE_READ.USE_SPLIT_R.read_addr_inst/USE_R_CHANNEL.cmd_queue/inst/fifo_gen_inst/<hidden>/<hidden>/<hidden>/<hidden>/<hidden>/<hidden>
                         net (fo=33, routed)          0.139     1.440    rl_system_luban7020_i/hp_ic/s00_couplers/auto_pc/inst/gen_axi4_axi3.axi3_conv_inst/USE_READ.USE_SPLIT_R.read_addr_inst/USE_R_CHANNEL.cmd_queue/inst/fifo_gen_inst/<hidden>/<hidden>/<hidden>/<hidden>/<hidden>/<hidden>
    SLICE_X13Y47         FDCE                                         f  rl_system_luban7020_i/hp_ic/s00_couplers/auto_pc/inst/gen_axi4_axi3.axi3_conv_inst/USE_READ.USE_SPLIT_R.read_addr_inst/USE_R_CHANNEL.cmd_queue/inst/fifo_gen_inst/<hidden>/<hidden>/<hidden>/<hidden>/<hidden>/<hidden>/<hidden>
  -------------------------------------------------------------------    -------------------

                         (clock clk_fpga_0 rise edge)
                                                      0.000     0.000 r  <hidden>
    PS7_X0Y0             PS7                          0.000     0.000 r  rl_system_luban7020_i/ps7/inst/PS7_i/FCLKCLK[0]
                         net (fo=1, routed)           0.337     0.337    rl_system_luban7020_i/ps7/inst/FCLK_CLK_unbuffered[0]
    BUFGCTRL_X0Y16       BUFG (Prop_bufg_I_O)         0.029     0.366 r  rl_system_luban7020_i/ps7/inst/buffer_fclk_clk_0.FCLK_CLK_0_BUFG/O
                         net (fo=16934, routed)       0.866     1.232    rl_system_luban7020_i/hp_ic/s00_couplers/auto_pc/inst/gen_axi4_axi3.axi3_conv_inst/USE_READ.USE_SPLIT_R.read_addr_inst/USE_R_CHANNEL.cmd_queue/inst/fifo_gen_inst/<hidden>/<hidden>/<hidden>/<hidden>/<hidden>/<hidden>
    SLICE_X13Y47         FDCE                                         r  rl_system_luban7020_i/hp_ic/s00_couplers/auto_pc/inst/gen_axi4_axi3.axi3_conv_inst/USE_READ.USE_SPLIT_R.read_addr_inst/USE_R_CHANNEL.cmd_queue/inst/fifo_gen_inst/<hidden>/<hidden>/<hidden>/<hidden>/<hidden>/<hidden>/<hidden>
                         clock pessimism             -0.263     0.969    <hidden>
    SLICE_X13Y47         FDCE (Remov_fdce_C_CLR)     -0.092     0.877    rl_system_luban7020_i/hp_ic/s00_couplers/auto_pc/inst/gen_axi4_axi3.axi3_conv_inst/USE_READ.USE_SPLIT_R.read_addr_inst/USE_R_CHANNEL.cmd_queue/inst/fifo_gen_inst/<hidden>/<hidden>/<hidden>/<hidden>/<hidden>/<hidden>
  -------------------------------------------------------------------
                         required time                         -0.877    <hidden>
                         arrival time                           1.440    <hidden>
  -------------------------------------------------------------------
                         slack                                  0.564    <hidden>

Slack (MET) :             0.568ns  (arrival time - required time)
  Source:                 rl_system_luban7020_i/hp_ic/s00_couplers/auto_pc/inst/gen_axi4_axi3.axi3_conv_inst/USE_READ.USE_SPLIT_R.read_addr_inst/USE_R_CHANNEL.cmd_queue/inst/fifo_gen_inst/<hidden>/<hidden>/<hidden>/<hidden>/<hidden>/<hidden>/<hidden>
                            (rising edge-triggered cell FDPE clocked by clk_fpga_0  {rise@0.000ns fall@3.000ns period=6.000ns})
  Destination:            rl_system_luban7020_i/hp_ic/s00_couplers/auto_pc/inst/gen_axi4_axi3.axi3_conv_inst/USE_READ.USE_SPLIT_R.read_addr_inst/USE_R_CHANNEL.cmd_queue/inst/fifo_gen_inst/<hidden>/<hidden>/<hidden>/<hidden>/<hidden>/<hidden>/<hidden>
                            (removal check against rising-edge clock clk_fpga_0  {rise@0.000ns fall@3.000ns period=6.000ns})
  Path Group:             **async_default**
  Path Type:              Removal (Min at Fast Process Corner)
  Requirement:            0.000ns  (clk_fpga_0 rise@0.000ns - clk_fpga_0 rise@0.000ns)
  Data Path Delay:        0.512ns  (logic 0.246ns (48.034%)  route 0.266ns (51.966%))
  Logic Levels:           1  (LUT3=1)
  Clock Path Skew:        0.036ns (DCD - SCD - CPR)
    Destination Clock Delay (DCD):    1.231ns
    Source Clock Delay      (SCD):    0.932ns
    Clock Pessimism Removal (CPR):    0.263ns

    Location             Delay type                Incr(ns)  Path(ns)    Netlist Resource(s)
  -------------------------------------------------------------------    -------------------
                         (clock clk_fpga_0 rise edge)
                                                      0.000     0.000 r  <hidden>
    PS7_X0Y0             PS7                          0.000     0.000 r  rl_system_luban7020_i/ps7/inst/PS7_i/FCLKCLK[0]
                         net (fo=1, routed)           0.310     0.310    rl_system_luban7020_i/ps7/inst/FCLK_CLK_unbuffered[0]
    BUFGCTRL_X0Y16       BUFG (Prop_bufg_I_O)         0.026     0.336 r  rl_system_luban7020_i/ps7/inst/buffer_fclk_clk_0.FCLK_CLK_0_BUFG/O
                         net (fo=16934, routed)       0.596     0.932    rl_system_luban7020_i/hp_ic/s00_couplers/auto_pc/inst/gen_axi4_axi3.axi3_conv_inst/USE_READ.USE_SPLIT_R.read_addr_inst/USE_R_CHANNEL.cmd_queue/inst/fifo_gen_inst/<hidden>/<hidden>/<hidden>/<hidden>/<hidden>/<hidden>
    SLICE_X16Y47         FDPE                                         r  rl_system_luban7020_i/hp_ic/s00_couplers/auto_pc/inst/gen_axi4_axi3.axi3_conv_inst/USE_READ.USE_SPLIT_R.read_addr_inst/USE_R_CHANNEL.cmd_queue/inst/fifo_gen_inst/<hidden>/<hidden>/<hidden>/<hidden>/<hidden>/<hidden>/<hidden>
  -------------------------------------------------------------------    -------------------
    SLICE_X16Y47         FDPE (Prop_fdpe_C_Q)         0.148     1.080 f  rl_system_luban7020_i/hp_ic/s00_couplers/auto_pc/inst/gen_axi4_axi3.axi3_conv_inst/USE_READ.USE_SPLIT_R.read_addr_inst/USE_R_CHANNEL.cmd_queue/inst/fifo_gen_inst/<hidden>/<hidden>/<hidden>/<hidden>/<hidden>/<hidden>/<hidden>
                         net (fo=2, routed)           0.124     1.203    rl_system_luban7020_i/hp_ic/s00_couplers/auto_pc/inst/gen_axi4_axi3.axi3_conv_inst/USE_READ.USE_SPLIT_R.read_addr_inst/USE_R_CHANNEL.cmd_queue/inst/fifo_gen_inst/<hidden>/<hidden>/<hidden>/<hidden>/<hidden>
    SLICE_X14Y47         LUT3 (Prop_lut3_I2_O)        0.098     1.301 f  rl_system_luban7020_i/hp_ic/s00_couplers/auto_pc/inst/gen_axi4_axi3.axi3_conv_inst/USE_READ.USE_SPLIT_R.read_addr_inst/USE_R_CHANNEL.cmd_queue/inst/fifo_gen_inst/<hidden>/<hidden>/<hidden>/<hidden>/<hidden>/<hidden>
                         net (fo=33, routed)          0.142     1.444    rl_system_luban7020_i/hp_ic/s00_couplers/auto_pc/inst/gen_axi4_axi3.axi3_conv_inst/USE_READ.USE_SPLIT_R.read_addr_inst/USE_R_CHANNEL.cmd_queue/inst/fifo_gen_inst/<hidden>/<hidden>/<hidden>/<hidden>/<hidden>/<hidden>
    SLICE_X15Y46         FDCE                                         f  rl_system_luban7020_i/hp_ic/s00_couplers/auto_pc/inst/gen_axi4_axi3.axi3_conv_inst/USE_READ.USE_SPLIT_R.read_addr_inst/USE_R_CHANNEL.cmd_queue/inst/fifo_gen_inst/<hidden>/<hidden>/<hidden>/<hidden>/<hidden>/<hidden>/<hidden>
  -------------------------------------------------------------------    -------------------

                         (clock clk_fpga_0 rise edge)
                                                      0.000     0.000 r  <hidden>
    PS7_X0Y0             PS7                          0.000     0.000 r  rl_system_luban7020_i/ps7/inst/PS7_i/FCLKCLK[0]
                         net (fo=1, routed)           0.337     0.337    rl_system_luban7020_i/ps7/inst/FCLK_CLK_unbuffered[0]
    BUFGCTRL_X0Y16       BUFG (Prop_bufg_I_O)         0.029     0.366 r  rl_system_luban7020_i/ps7/inst/buffer_fclk_clk_0.FCLK_CLK_0_BUFG/O
                         net (fo=16934, routed)       0.865     1.231    rl_system_luban7020_i/hp_ic/s00_couplers/auto_pc/inst/gen_axi4_axi3.axi3_conv_inst/USE_READ.USE_SPLIT_R.read_addr_inst/USE_R_CHANNEL.cmd_queue/inst/fifo_gen_inst/<hidden>/<hidden>/<hidden>/<hidden>/<hidden>/<hidden>
    SLICE_X15Y46         FDCE                                         r  rl_system_luban7020_i/hp_ic/s00_couplers/auto_pc/inst/gen_axi4_axi3.axi3_conv_inst/USE_READ.USE_SPLIT_R.read_addr_inst/USE_R_CHANNEL.cmd_queue/inst/fifo_gen_inst/<hidden>/<hidden>/<hidden>/<hidden>/<hidden>/<hidden>/<hidden>
                         clock pessimism             -0.263     0.967    <hidden>
    SLICE_X15Y46         FDCE (Remov_fdce_C_CLR)     -0.092     0.875    rl_system_luban7020_i/hp_ic/s00_couplers/auto_pc/inst/gen_axi4_axi3.axi3_conv_inst/USE_READ.USE_SPLIT_R.read_addr_inst/USE_R_CHANNEL.cmd_queue/inst/fifo_gen_inst/<hidden>/<hidden>/<hidden>/<hidden>/<hidden>/<hidden>
  -------------------------------------------------------------------
                         required time                         -0.875    <hidden>
                         arrival time                           1.444    <hidden>
  -------------------------------------------------------------------
                         slack                                  0.568    <hidden>

Slack (MET) :             0.568ns  (arrival time - required time)
  Source:                 rl_system_luban7020_i/hp_ic/s00_couplers/auto_pc/inst/gen_axi4_axi3.axi3_conv_inst/USE_READ.USE_SPLIT_R.read_addr_inst/USE_R_CHANNEL.cmd_queue/inst/fifo_gen_inst/<hidden>/<hidden>/<hidden>/<hidden>/<hidden>/<hidden>/<hidden>
                            (rising edge-triggered cell FDPE clocked by clk_fpga_0  {rise@0.000ns fall@3.000ns period=6.000ns})
  Destination:            rl_system_luban7020_i/hp_ic/s00_couplers/auto_pc/inst/gen_axi4_axi3.axi3_conv_inst/USE_READ.USE_SPLIT_R.read_addr_inst/USE_R_CHANNEL.cmd_queue/inst/fifo_gen_inst/<hidden>/<hidden>/<hidden>/<hidden>/<hidden>/<hidden>/<hidden>
                            (removal check against rising-edge clock clk_fpga_0  {rise@0.000ns fall@3.000ns period=6.000ns})
  Path Group:             **async_default**
  Path Type:              Removal (Min at Fast Process Corner)
  Requirement:            0.000ns  (clk_fpga_0 rise@0.000ns - clk_fpga_0 rise@0.000ns)
  Data Path Delay:        0.512ns  (logic 0.246ns (48.034%)  route 0.266ns (51.966%))
  Logic Levels:           1  (LUT3=1)
  Clock Path Skew:        0.036ns (DCD - SCD - CPR)
    Destination Clock Delay (DCD):    1.231ns
    Source Clock Delay      (SCD):    0.932ns
    Clock Pessimism Removal (CPR):    0.263ns

    Location             Delay type                Incr(ns)  Path(ns)    Netlist Resource(s)
  -------------------------------------------------------------------    -------------------
                         (clock clk_fpga_0 rise edge)
                                                      0.000     0.000 r  <hidden>
    PS7_X0Y0             PS7                          0.000     0.000 r  rl_system_luban7020_i/ps7/inst/PS7_i/FCLKCLK[0]
                         net (fo=1, routed)           0.310     0.310    rl_system_luban7020_i/ps7/inst/FCLK_CLK_unbuffered[0]
    BUFGCTRL_X0Y16       BUFG (Prop_bufg_I_O)         0.026     0.336 r  rl_system_luban7020_i/ps7/inst/buffer_fclk_clk_0.FCLK_CLK_0_BUFG/O
                         net (fo=16934, routed)       0.596     0.932    rl_system_luban7020_i/hp_ic/s00_couplers/auto_pc/inst/gen_axi4_axi3.axi3_conv_inst/USE_READ.USE_SPLIT_R.read_addr_inst/USE_R_CHANNEL.cmd_queue/inst/fifo_gen_inst/<hidden>/<hidden>/<hidden>/<hidden>/<hidden>/<hidden>
    SLICE_X16Y47         FDPE                                         r  rl_system_luban7020_i/hp_ic/s00_couplers/auto_pc/inst/gen_axi4_axi3.axi3_conv_inst/USE_READ.USE_SPLIT_R.read_addr_inst/USE_R_CHANNEL.cmd_queue/inst/fifo_gen_inst/<hidden>/<hidden>/<hidden>/<hidden>/<hidden>/<hidden>/<hidden>
  -------------------------------------------------------------------    -------------------
    SLICE_X16Y47         FDPE (Prop_fdpe_C_Q)         0.148     1.080 f  rl_system_luban7020_i/hp_ic/s00_couplers/auto_pc/inst/gen_axi4_axi3.axi3_conv_inst/USE_READ.USE_SPLIT_R.read_addr_inst/USE_R_CHANNEL.cmd_queue/inst/fifo_gen_inst/<hidden>/<hidden>/<hidden>/<hidden>/<hidden>/<hidden>/<hidden>
                         net (fo=2, routed)           0.124     1.203    rl_system_luban7020_i/hp_ic/s00_couplers/auto_pc/inst/gen_axi4_axi3.axi3_conv_inst/USE_READ.USE_SPLIT_R.read_addr_inst/USE_R_CHANNEL.cmd_queue/inst/fifo_gen_inst/<hidden>/<hidden>/<hidden>/<hidden>/<hidden>
    SLICE_X14Y47         LUT3 (Prop_lut3_I2_O)        0.098     1.301 f  rl_system_luban7020_i/hp_ic/s00_couplers/auto_pc/inst/gen_axi4_axi3.axi3_conv_inst/USE_READ.USE_SPLIT_R.read_addr_inst/USE_R_CHANNEL.cmd_queue/inst/fifo_gen_inst/<hidden>/<hidden>/<hidden>/<hidden>/<hidden>/<hidden>
                         net (fo=33, routed)          0.142     1.444    rl_system_luban7020_i/hp_ic/s00_couplers/auto_pc/inst/gen_axi4_axi3.axi3_conv_inst/USE_READ.USE_SPLIT_R.read_addr_inst/USE_R_CHANNEL.cmd_queue/inst/fifo_gen_inst/<hidden>/<hidden>/<hidden>/<hidden>/<hidden>/<hidden>
    SLICE_X15Y46         FDCE                                         f  rl_system_luban7020_i/hp_ic/s00_couplers/auto_pc/inst/gen_axi4_axi3.axi3_conv_inst/USE_READ.USE_SPLIT_R.read_addr_inst/USE_R_CHANNEL.cmd_queue/inst/fifo_gen_inst/<hidden>/<hidden>/<hidden>/<hidden>/<hidden>/<hidden>/<hidden>
  -------------------------------------------------------------------    -------------------

                         (clock clk_fpga_0 rise edge)
                                                      0.000     0.000 r  <hidden>
    PS7_X0Y0             PS7                          0.000     0.000 r  rl_system_luban7020_i/ps7/inst/PS7_i/FCLKCLK[0]
                         net (fo=1, routed)           0.337     0.337    rl_system_luban7020_i/ps7/inst/FCLK_CLK_unbuffered[0]
    BUFGCTRL_X0Y16       BUFG (Prop_bufg_I_O)         0.029     0.366 r  rl_system_luban7020_i/ps7/inst/buffer_fclk_clk_0.FCLK_CLK_0_BUFG/O
                         net (fo=16934, routed)       0.865     1.231    rl_system_luban7020_i/hp_ic/s00_couplers/auto_pc/inst/gen_axi4_axi3.axi3_conv_inst/USE_READ.USE_SPLIT_R.read_addr_inst/USE_R_CHANNEL.cmd_queue/inst/fifo_gen_inst/<hidden>/<hidden>/<hidden>/<hidden>/<hidden>/<hidden>
    SLICE_X15Y46         FDCE                                         r  rl_system_luban7020_i/hp_ic/s00_couplers/auto_pc/inst/gen_axi4_axi3.axi3_conv_inst/USE_READ.USE_SPLIT_R.read_addr_inst/USE_R_CHANNEL.cmd_queue/inst/fifo_gen_inst/<hidden>/<hidden>/<hidden>/<hidden>/<hidden>/<hidden>/<hidden>
                         clock pessimism             -0.263     0.967    <hidden>
    SLICE_X15Y46         FDCE (Remov_fdce_C_CLR)     -0.092     0.875    rl_system_luban7020_i/hp_ic/s00_couplers/auto_pc/inst/gen_axi4_axi3.axi3_conv_inst/USE_READ.USE_SPLIT_R.read_addr_inst/USE_R_CHANNEL.cmd_queue/inst/fifo_gen_inst/<hidden>/<hidden>/<hidden>/<hidden>/<hidden>/<hidden>
  -------------------------------------------------------------------
                         required time                         -0.875    <hidden>
                         arrival time                           1.444    <hidden>
  -------------------------------------------------------------------
                         slack                                  0.568    <hidden>

Slack (MET) :             0.568ns  (arrival time - required time)
  Source:                 rl_system_luban7020_i/hp_ic/s00_couplers/auto_pc/inst/gen_axi4_axi3.axi3_conv_inst/USE_READ.USE_SPLIT_R.read_addr_inst/USE_R_CHANNEL.cmd_queue/inst/fifo_gen_inst/<hidden>/<hidden>/<hidden>/<hidden>/<hidden>/<hidden>/<hidden>
                            (rising edge-triggered cell FDPE clocked by clk_fpga_0  {rise@0.000ns fall@3.000ns period=6.000ns})
  Destination:            rl_system_luban7020_i/hp_ic/s00_couplers/auto_pc/inst/gen_axi4_axi3.axi3_conv_inst/USE_READ.USE_SPLIT_R.read_addr_inst/USE_R_CHANNEL.cmd_queue/inst/fifo_gen_inst/<hidden>/<hidden>/<hidden>/<hidden>/<hidden>/<hidden>/<hidden>
                            (removal check against rising-edge clock clk_fpga_0  {rise@0.000ns fall@3.000ns period=6.000ns})
  Path Group:             **async_default**
  Path Type:              Removal (Min at Fast Process Corner)
  Requirement:            0.000ns  (clk_fpga_0 rise@0.000ns - clk_fpga_0 rise@0.000ns)
  Data Path Delay:        0.512ns  (logic 0.246ns (48.034%)  route 0.266ns (51.966%))
  Logic Levels:           1  (LUT3=1)
  Clock Path Skew:        0.036ns (DCD - SCD - CPR)
    Destination Clock Delay (DCD):    1.231ns
    Source Clock Delay      (SCD):    0.932ns
    Clock Pessimism Removal (CPR):    0.263ns

    Location             Delay type                Incr(ns)  Path(ns)    Netlist Resource(s)
  -------------------------------------------------------------------    -------------------
                         (clock clk_fpga_0 rise edge)
                                                      0.000     0.000 r  <hidden>
    PS7_X0Y0             PS7                          0.000     0.000 r  rl_system_luban7020_i/ps7/inst/PS7_i/FCLKCLK[0]
                         net (fo=1, routed)           0.310     0.310    rl_system_luban7020_i/ps7/inst/FCLK_CLK_unbuffered[0]
    BUFGCTRL_X0Y16       BUFG (Prop_bufg_I_O)         0.026     0.336 r  rl_system_luban7020_i/ps7/inst/buffer_fclk_clk_0.FCLK_CLK_0_BUFG/O
                         net (fo=16934, routed)       0.596     0.932    rl_system_luban7020_i/hp_ic/s00_couplers/auto_pc/inst/gen_axi4_axi3.axi3_conv_inst/USE_READ.USE_SPLIT_R.read_addr_inst/USE_R_CHANNEL.cmd_queue/inst/fifo_gen_inst/<hidden>/<hidden>/<hidden>/<hidden>/<hidden>/<hidden>
    SLICE_X16Y47         FDPE                                         r  rl_system_luban7020_i/hp_ic/s00_couplers/auto_pc/inst/gen_axi4_axi3.axi3_conv_inst/USE_READ.USE_SPLIT_R.read_addr_inst/USE_R_CHANNEL.cmd_queue/inst/fifo_gen_inst/<hidden>/<hidden>/<hidden>/<hidden>/<hidden>/<hidden>/<hidden>
  -------------------------------------------------------------------    -------------------
    SLICE_X16Y47         FDPE (Prop_fdpe_C_Q)         0.148     1.080 f  rl_system_luban7020_i/hp_ic/s00_couplers/auto_pc/inst/gen_axi4_axi3.axi3_conv_inst/USE_READ.USE_SPLIT_R.read_addr_inst/USE_R_CHANNEL.cmd_queue/inst/fifo_gen_inst/<hidden>/<hidden>/<hidden>/<hidden>/<hidden>/<hidden>/<hidden>
                         net (fo=2, routed)           0.124     1.203    rl_system_luban7020_i/hp_ic/s00_couplers/auto_pc/inst/gen_axi4_axi3.axi3_conv_inst/USE_READ.USE_SPLIT_R.read_addr_inst/USE_R_CHANNEL.cmd_queue/inst/fifo_gen_inst/<hidden>/<hidden>/<hidden>/<hidden>/<hidden>
    SLICE_X14Y47         LUT3 (Prop_lut3_I2_O)        0.098     1.301 f  rl_system_luban7020_i/hp_ic/s00_couplers/auto_pc/inst/gen_axi4_axi3.axi3_conv_inst/USE_READ.USE_SPLIT_R.read_addr_inst/USE_R_CHANNEL.cmd_queue/inst/fifo_gen_inst/<hidden>/<hidden>/<hidden>/<hidden>/<hidden>/<hidden>
                         net (fo=33, routed)          0.142     1.444    rl_system_luban7020_i/hp_ic/s00_couplers/auto_pc/inst/gen_axi4_axi3.axi3_conv_inst/USE_READ.USE_SPLIT_R.read_addr_inst/USE_R_CHANNEL.cmd_queue/inst/fifo_gen_inst/<hidden>/<hidden>/<hidden>/<hidden>/<hidden>/<hidden>
    SLICE_X15Y46         FDCE                                         f  rl_system_luban7020_i/hp_ic/s00_couplers/auto_pc/inst/gen_axi4_axi3.axi3_conv_inst/USE_READ.USE_SPLIT_R.read_addr_inst/USE_R_CHANNEL.cmd_queue/inst/fifo_gen_inst/<hidden>/<hidden>/<hidden>/<hidden>/<hidden>/<hidden>/<hidden>
  -------------------------------------------------------------------    -------------------

                         (clock clk_fpga_0 rise edge)
                                                      0.000     0.000 r  <hidden>
    PS7_X0Y0             PS7                          0.000     0.000 r  rl_system_luban7020_i/ps7/inst/PS7_i/FCLKCLK[0]
                         net (fo=1, routed)           0.337     0.337    rl_system_luban7020_i/ps7/inst/FCLK_CLK_unbuffered[0]
    BUFGCTRL_X0Y16       BUFG (Prop_bufg_I_O)         0.029     0.366 r  rl_system_luban7020_i/ps7/inst/buffer_fclk_clk_0.FCLK_CLK_0_BUFG/O
                         net (fo=16934, routed)       0.865     1.231    rl_system_luban7020_i/hp_ic/s00_couplers/auto_pc/inst/gen_axi4_axi3.axi3_conv_inst/USE_READ.USE_SPLIT_R.read_addr_inst/USE_R_CHANNEL.cmd_queue/inst/fifo_gen_inst/<hidden>/<hidden>/<hidden>/<hidden>/<hidden>/<hidden>
    SLICE_X15Y46         FDCE                                         r  rl_system_luban7020_i/hp_ic/s00_couplers/auto_pc/inst/gen_axi4_axi3.axi3_conv_inst/USE_READ.USE_SPLIT_R.read_addr_inst/USE_R_CHANNEL.cmd_queue/inst/fifo_gen_inst/<hidden>/<hidden>/<hidden>/<hidden>/<hidden>/<hidden>/<hidden>
                         clock pessimism             -0.263     0.967    <hidden>
    SLICE_X15Y46         FDCE (Remov_fdce_C_CLR)     -0.092     0.875    rl_system_luban7020_i/hp_ic/s00_couplers/auto_pc/inst/gen_axi4_axi3.axi3_conv_inst/USE_READ.USE_SPLIT_R.read_addr_inst/USE_R_CHANNEL.cmd_queue/inst/fifo_gen_inst/<hidden>/<hidden>/<hidden>/<hidden>/<hidden>/<hidden>
  -------------------------------------------------------------------
                         required time                         -0.875    <hidden>
                         arrival time                           1.444    <hidden>
  -------------------------------------------------------------------
                         slack                                  0.568    <hidden>

Slack (MET) :             0.571ns  (arrival time - required time)
  Source:                 rl_system_luban7020_i/hp_ic/s00_couplers/auto_pc/inst/gen_axi4_axi3.axi3_conv_inst/USE_READ.USE_SPLIT_R.read_addr_inst/USE_R_CHANNEL.cmd_queue/inst/fifo_gen_inst/<hidden>/<hidden>/<hidden>/<hidden>/<hidden>/<hidden>/<hidden>
                            (rising edge-triggered cell FDPE clocked by clk_fpga_0  {rise@0.000ns fall@3.000ns period=6.000ns})
  Destination:            rl_system_luban7020_i/hp_ic/s00_couplers/auto_pc/inst/gen_axi4_axi3.axi3_conv_inst/USE_READ.USE_SPLIT_R.read_addr_inst/USE_R_CHANNEL.cmd_queue/inst/fifo_gen_inst/<hidden>/<hidden>/<hidden>/<hidden>/<hidden>/<hidden>/<hidden>
                            (removal check against rising-edge clock clk_fpga_0  {rise@0.000ns fall@3.000ns period=6.000ns})
  Path Group:             **async_default**
  Path Type:              Removal (Min at Fast Process Corner)
  Requirement:            0.000ns  (clk_fpga_0 rise@0.000ns - clk_fpga_0 rise@0.000ns)
  Data Path Delay:        0.512ns  (logic 0.246ns (48.034%)  route 0.266ns (51.966%))
  Logic Levels:           1  (LUT3=1)
  Clock Path Skew:        0.036ns (DCD - SCD - CPR)
    Destination Clock Delay (DCD):    1.231ns
    Source Clock Delay      (SCD):    0.932ns
    Clock Pessimism Removal (CPR):    0.263ns

    Location             Delay type                Incr(ns)  Path(ns)    Netlist Resource(s)
  -------------------------------------------------------------------    -------------------
                         (clock clk_fpga_0 rise edge)
                                                      0.000     0.000 r  <hidden>
    PS7_X0Y0             PS7                          0.000     0.000 r  rl_system_luban7020_i/ps7/inst/PS7_i/FCLKCLK[0]
                         net (fo=1, routed)           0.310     0.310    rl_system_luban7020_i/ps7/inst/FCLK_CLK_unbuffered[0]
    BUFGCTRL_X0Y16       BUFG (Prop_bufg_I_O)         0.026     0.336 r  rl_system_luban7020_i/ps7/inst/buffer_fclk_clk_0.FCLK_CLK_0_BUFG/O
                         net (fo=16934, routed)       0.596     0.932    rl_system_luban7020_i/hp_ic/s00_couplers/auto_pc/inst/gen_axi4_axi3.axi3_conv_inst/USE_READ.USE_SPLIT_R.read_addr_inst/USE_R_CHANNEL.cmd_queue/inst/fifo_gen_inst/<hidden>/<hidden>/<hidden>/<hidden>/<hidden>/<hidden>
    SLICE_X16Y47         FDPE                                         r  rl_system_luban7020_i/hp_ic/s00_couplers/auto_pc/inst/gen_axi4_axi3.axi3_conv_inst/USE_READ.USE_SPLIT_R.read_addr_inst/USE_R_CHANNEL.cmd_queue/inst/fifo_gen_inst/<hidden>/<hidden>/<hidden>/<hidden>/<hidden>/<hidden>/<hidden>
  -------------------------------------------------------------------    -------------------
    SLICE_X16Y47         FDPE (Prop_fdpe_C_Q)         0.148     1.080 f  rl_system_luban7020_i/hp_ic/s00_couplers/auto_pc/inst/gen_axi4_axi3.axi3_conv_inst/USE_READ.USE_SPLIT_R.read_addr_inst/USE_R_CHANNEL.cmd_queue/inst/fifo_gen_inst/<hidden>/<hidden>/<hidden>/<hidden>/<hidden>/<hidden>/<hidden>
                         net (fo=2, routed)           0.124     1.203    rl_system_luban7020_i/hp_ic/s00_couplers/auto_pc/inst/gen_axi4_axi3.axi3_conv_inst/USE_READ.USE_SPLIT_R.read_addr_inst/USE_R_CHANNEL.cmd_queue/inst/fifo_gen_inst/<hidden>/<hidden>/<hidden>/<hidden>/<hidden>
    SLICE_X14Y47         LUT3 (Prop_lut3_I2_O)        0.098     1.301 f  rl_system_luban7020_i/hp_ic/s00_couplers/auto_pc/inst/gen_axi4_axi3.axi3_conv_inst/USE_READ.USE_SPLIT_R.read_addr_inst/USE_R_CHANNEL.cmd_queue/inst/fifo_gen_inst/<hidden>/<hidden>/<hidden>/<hidden>/<hidden>/<hidden>
                         net (fo=33, routed)          0.142     1.444    rl_system_luban7020_i/hp_ic/s00_couplers/auto_pc/inst/gen_axi4_axi3.axi3_conv_inst/USE_READ.USE_SPLIT_R.read_addr_inst/USE_R_CHANNEL.cmd_queue/inst/fifo_gen_inst/<hidden>/<hidden>/<hidden>/<hidden>/<hidden>/<hidden>
    SLICE_X15Y46         FDPE                                         f  rl_system_luban7020_i/hp_ic/s00_couplers/auto_pc/inst/gen_axi4_axi3.axi3_conv_inst/USE_READ.USE_SPLIT_R.read_addr_inst/USE_R_CHANNEL.cmd_queue/inst/fifo_gen_inst/<hidden>/<hidden>/<hidden>/<hidden>/<hidden>/<hidden>/<hidden>
  -------------------------------------------------------------------    -------------------

                         (clock clk_fpga_0 rise edge)
                                                      0.000     0.000 r  <hidden>
    PS7_X0Y0             PS7                          0.000     0.000 r  rl_system_luban7020_i/ps7/inst/PS7_i/FCLKCLK[0]
                         net (fo=1, routed)           0.337     0.337    rl_system_luban7020_i/ps7/inst/FCLK_CLK_unbuffered[0]
    BUFGCTRL_X0Y16       BUFG (Prop_bufg_I_O)         0.029     0.366 r  rl_system_luban7020_i/ps7/inst/buffer_fclk_clk_0.FCLK_CLK_0_BUFG/O
                         net (fo=16934, routed)       0.865     1.231    rl_system_luban7020_i/hp_ic/s00_couplers/auto_pc/inst/gen_axi4_axi3.axi3_conv_inst/USE_READ.USE_SPLIT_R.read_addr_inst/USE_R_CHANNEL.cmd_queue/inst/fifo_gen_inst/<hidden>/<hidden>/<hidden>/<hidden>/<hidden>/<hidden>
    SLICE_X15Y46         FDPE                                         r  rl_system_luban7020_i/hp_ic/s00_couplers/auto_pc/inst/gen_axi4_axi3.axi3_conv_inst/USE_READ.USE_SPLIT_R.read_addr_inst/USE_R_CHANNEL.cmd_queue/inst/fifo_gen_inst/<hidden>/<hidden>/<hidden>/<hidden>/<hidden>/<hidden>/<hidden>
                         clock pessimism             -0.263     0.967    <hidden>
    SLICE_X15Y46         FDPE (Remov_fdpe_C_PRE)     -0.095     0.873    rl_system_luban7020_i/hp_ic/s00_couplers/auto_pc/inst/gen_axi4_axi3.axi3_conv_inst/USE_READ.USE_SPLIT_R.read_addr_inst/USE_R_CHANNEL.cmd_queue/inst/fifo_gen_inst/<hidden>/<hidden>/<hidden>/<hidden>/<hidden>/<hidden>
  -------------------------------------------------------------------
                         required time                         -0.872    <hidden>
                         arrival time                           1.444    <hidden>
  -------------------------------------------------------------------
                         slack                                  0.571    <hidden>

Slack (MET) :             0.571ns  (arrival time - required time)
  Source:                 rl_system_luban7020_i/hp_ic/s00_couplers/auto_pc/inst/gen_axi4_axi3.axi3_conv_inst/USE_READ.USE_SPLIT_R.read_addr_inst/USE_R_CHANNEL.cmd_queue/inst/fifo_gen_inst/<hidden>/<hidden>/<hidden>/<hidden>/<hidden>/<hidden>/<hidden>
                            (rising edge-triggered cell FDPE clocked by clk_fpga_0  {rise@0.000ns fall@3.000ns period=6.000ns})
  Destination:            rl_system_luban7020_i/hp_ic/s00_couplers/auto_pc/inst/gen_axi4_axi3.axi3_conv_inst/USE_READ.USE_SPLIT_R.read_addr_inst/USE_R_CHANNEL.cmd_queue/inst/fifo_gen_inst/<hidden>/<hidden>/<hidden>/<hidden>/<hidden>/<hidden>/<hidden>
                            (removal check against rising-edge clock clk_fpga_0  {rise@0.000ns fall@3.000ns period=6.000ns})
  Path Group:             **async_default**
  Path Type:              Removal (Min at Fast Process Corner)
  Requirement:            0.000ns  (clk_fpga_0 rise@0.000ns - clk_fpga_0 rise@0.000ns)
  Data Path Delay:        0.512ns  (logic 0.246ns (48.034%)  route 0.266ns (51.966%))
  Logic Levels:           1  (LUT3=1)
  Clock Path Skew:        0.036ns (DCD - SCD - CPR)
    Destination Clock Delay (DCD):    1.231ns
    Source Clock Delay      (SCD):    0.932ns
    Clock Pessimism Removal (CPR):    0.263ns

    Location             Delay type                Incr(ns)  Path(ns)    Netlist Resource(s)
  -------------------------------------------------------------------    -------------------
                         (clock clk_fpga_0 rise edge)
                                                      0.000     0.000 r  <hidden>
    PS7_X0Y0             PS7                          0.000     0.000 r  rl_system_luban7020_i/ps7/inst/PS7_i/FCLKCLK[0]
                         net (fo=1, routed)           0.310     0.310    rl_system_luban7020_i/ps7/inst/FCLK_CLK_unbuffered[0]
    BUFGCTRL_X0Y16       BUFG (Prop_bufg_I_O)         0.026     0.336 r  rl_system_luban7020_i/ps7/inst/buffer_fclk_clk_0.FCLK_CLK_0_BUFG/O
                         net (fo=16934, routed)       0.596     0.932    rl_system_luban7020_i/hp_ic/s00_couplers/auto_pc/inst/gen_axi4_axi3.axi3_conv_inst/USE_READ.USE_SPLIT_R.read_addr_inst/USE_R_CHANNEL.cmd_queue/inst/fifo_gen_inst/<hidden>/<hidden>/<hidden>/<hidden>/<hidden>/<hidden>
    SLICE_X16Y47         FDPE                                         r  rl_system_luban7020_i/hp_ic/s00_couplers/auto_pc/inst/gen_axi4_axi3.axi3_conv_inst/USE_READ.USE_SPLIT_R.read_addr_inst/USE_R_CHANNEL.cmd_queue/inst/fifo_gen_inst/<hidden>/<hidden>/<hidden>/<hidden>/<hidden>/<hidden>/<hidden>
  -------------------------------------------------------------------    -------------------
    SLICE_X16Y47         FDPE (Prop_fdpe_C_Q)         0.148     1.080 f  rl_system_luban7020_i/hp_ic/s00_couplers/auto_pc/inst/gen_axi4_axi3.axi3_conv_inst/USE_READ.USE_SPLIT_R.read_addr_inst/USE_R_CHANNEL.cmd_queue/inst/fifo_gen_inst/<hidden>/<hidden>/<hidden>/<hidden>/<hidden>/<hidden>/<hidden>
                         net (fo=2, routed)           0.124     1.203    rl_system_luban7020_i/hp_ic/s00_couplers/auto_pc/inst/gen_axi4_axi3.axi3_conv_inst/USE_READ.USE_SPLIT_R.read_addr_inst/USE_R_CHANNEL.cmd_queue/inst/fifo_gen_inst/<hidden>/<hidden>/<hidden>/<hidden>/<hidden>
    SLICE_X14Y47         LUT3 (Prop_lut3_I2_O)        0.098     1.301 f  rl_system_luban7020_i/hp_ic/s00_couplers/auto_pc/inst/gen_axi4_axi3.axi3_conv_inst/USE_READ.USE_SPLIT_R.read_addr_inst/USE_R_CHANNEL.cmd_queue/inst/fifo_gen_inst/<hidden>/<hidden>/<hidden>/<hidden>/<hidden>/<hidden>
                         net (fo=33, routed)          0.142     1.444    rl_system_luban7020_i/hp_ic/s00_couplers/auto_pc/inst/gen_axi4_axi3.axi3_conv_inst/USE_READ.USE_SPLIT_R.read_addr_inst/USE_R_CHANNEL.cmd_queue/inst/fifo_gen_inst/<hidden>/<hidden>/<hidden>/<hidden>/<hidden>/<hidden>
    SLICE_X15Y46         FDPE                                         f  rl_system_luban7020_i/hp_ic/s00_couplers/auto_pc/inst/gen_axi4_axi3.axi3_conv_inst/USE_READ.USE_SPLIT_R.read_addr_inst/USE_R_CHANNEL.cmd_queue/inst/fifo_gen_inst/<hidden>/<hidden>/<hidden>/<hidden>/<hidden>/<hidden>/<hidden>
  -------------------------------------------------------------------    -------------------

                         (clock clk_fpga_0 rise edge)
                                                      0.000     0.000 r  <hidden>
    PS7_X0Y0             PS7                          0.000     0.000 r  rl_system_luban7020_i/ps7/inst/PS7_i/FCLKCLK[0]
                         net (fo=1, routed)           0.337     0.337    rl_system_luban7020_i/ps7/inst/FCLK_CLK_unbuffered[0]
    BUFGCTRL_X0Y16       BUFG (Prop_bufg_I_O)         0.029     0.366 r  rl_system_luban7020_i/ps7/inst/buffer_fclk_clk_0.FCLK_CLK_0_BUFG/O
                         net (fo=16934, routed)       0.865     1.231    rl_system_luban7020_i/hp_ic/s00_couplers/auto_pc/inst/gen_axi4_axi3.axi3_conv_inst/USE_READ.USE_SPLIT_R.read_addr_inst/USE_R_CHANNEL.cmd_queue/inst/fifo_gen_inst/<hidden>/<hidden>/<hidden>/<hidden>/<hidden>/<hidden>
    SLICE_X15Y46         FDPE                                         r  rl_system_luban7020_i/hp_ic/s00_couplers/auto_pc/inst/gen_axi4_axi3.axi3_conv_inst/USE_READ.USE_SPLIT_R.read_addr_inst/USE_R_CHANNEL.cmd_queue/inst/fifo_gen_inst/<hidden>/<hidden>/<hidden>/<hidden>/<hidden>/<hidden>/<hidden>
                         clock pessimism             -0.263     0.967    <hidden>
    SLICE_X15Y46         FDPE (Remov_fdpe_C_PRE)     -0.095     0.873    rl_system_luban7020_i/hp_ic/s00_couplers/auto_pc/inst/gen_axi4_axi3.axi3_conv_inst/USE_READ.USE_SPLIT_R.read_addr_inst/USE_R_CHANNEL.cmd_queue/inst/fifo_gen_inst/<hidden>/<hidden>/<hidden>/<hidden>/<hidden>/<hidden>
  -------------------------------------------------------------------
                         required time                         -0.872    <hidden>
                         arrival time                           1.444    <hidden>
  -------------------------------------------------------------------
                         slack                                  0.571    <hidden>

Slack (MET) :             0.571ns  (arrival time - required time)
  Source:                 rl_system_luban7020_i/hp_ic/s00_couplers/auto_pc/inst/gen_axi4_axi3.axi3_conv_inst/USE_READ.USE_SPLIT_R.read_addr_inst/USE_R_CHANNEL.cmd_queue/inst/fifo_gen_inst/<hidden>/<hidden>/<hidden>/<hidden>/<hidden>/<hidden>/<hidden>
                            (rising edge-triggered cell FDPE clocked by clk_fpga_0  {rise@0.000ns fall@3.000ns period=6.000ns})
  Destination:            rl_system_luban7020_i/hp_ic/s00_couplers/auto_pc/inst/gen_axi4_axi3.axi3_conv_inst/USE_READ.USE_SPLIT_R.read_addr_inst/USE_R_CHANNEL.cmd_queue/inst/fifo_gen_inst/<hidden>/<hidden>/<hidden>/<hidden>/<hidden>/<hidden>/<hidden>
                            (removal check against rising-edge clock clk_fpga_0  {rise@0.000ns fall@3.000ns period=6.000ns})
  Path Group:             **async_default**
  Path Type:              Removal (Min at Fast Process Corner)
  Requirement:            0.000ns  (clk_fpga_0 rise@0.000ns - clk_fpga_0 rise@0.000ns)
  Data Path Delay:        0.512ns  (logic 0.246ns (48.034%)  route 0.266ns (51.966%))
  Logic Levels:           1  (LUT3=1)
  Clock Path Skew:        0.036ns (DCD - SCD - CPR)
    Destination Clock Delay (DCD):    1.231ns
    Source Clock Delay      (SCD):    0.932ns
    Clock Pessimism Removal (CPR):    0.263ns

    Location             Delay type                Incr(ns)  Path(ns)    Netlist Resource(s)
  -------------------------------------------------------------------    -------------------
                         (clock clk_fpga_0 rise edge)
                                                      0.000     0.000 r  <hidden>
    PS7_X0Y0             PS7                          0.000     0.000 r  rl_system_luban7020_i/ps7/inst/PS7_i/FCLKCLK[0]
                         net (fo=1, routed)           0.310     0.310    rl_system_luban7020_i/ps7/inst/FCLK_CLK_unbuffered[0]
    BUFGCTRL_X0Y16       BUFG (Prop_bufg_I_O)         0.026     0.336 r  rl_system_luban7020_i/ps7/inst/buffer_fclk_clk_0.FCLK_CLK_0_BUFG/O
                         net (fo=16934, routed)       0.596     0.932    rl_system_luban7020_i/hp_ic/s00_couplers/auto_pc/inst/gen_axi4_axi3.axi3_conv_inst/USE_READ.USE_SPLIT_R.read_addr_inst/USE_R_CHANNEL.cmd_queue/inst/fifo_gen_inst/<hidden>/<hidden>/<hidden>/<hidden>/<hidden>/<hidden>
    SLICE_X16Y47         FDPE                                         r  rl_system_luban7020_i/hp_ic/s00_couplers/auto_pc/inst/gen_axi4_axi3.axi3_conv_inst/USE_READ.USE_SPLIT_R.read_addr_inst/USE_R_CHANNEL.cmd_queue/inst/fifo_gen_inst/<hidden>/<hidden>/<hidden>/<hidden>/<hidden>/<hidden>/<hidden>
  -------------------------------------------------------------------    -------------------
    SLICE_X16Y47         FDPE (Prop_fdpe_C_Q)         0.148     1.080 f  rl_system_luban7020_i/hp_ic/s00_couplers/auto_pc/inst/gen_axi4_axi3.axi3_conv_inst/USE_READ.USE_SPLIT_R.read_addr_inst/USE_R_CHANNEL.cmd_queue/inst/fifo_gen_inst/<hidden>/<hidden>/<hidden>/<hidden>/<hidden>/<hidden>/<hidden>
                         net (fo=2, routed)           0.124     1.203    rl_system_luban7020_i/hp_ic/s00_couplers/auto_pc/inst/gen_axi4_axi3.axi3_conv_inst/USE_READ.USE_SPLIT_R.read_addr_inst/USE_R_CHANNEL.cmd_queue/inst/fifo_gen_inst/<hidden>/<hidden>/<hidden>/<hidden>/<hidden>
    SLICE_X14Y47         LUT3 (Prop_lut3_I2_O)        0.098     1.301 f  rl_system_luban7020_i/hp_ic/s00_couplers/auto_pc/inst/gen_axi4_axi3.axi3_conv_inst/USE_READ.USE_SPLIT_R.read_addr_inst/USE_R_CHANNEL.cmd_queue/inst/fifo_gen_inst/<hidden>/<hidden>/<hidden>/<hidden>/<hidden>/<hidden>
                         net (fo=33, routed)          0.142     1.444    rl_system_luban7020_i/hp_ic/s00_couplers/auto_pc/inst/gen_axi4_axi3.axi3_conv_inst/USE_READ.USE_SPLIT_R.read_addr_inst/USE_R_CHANNEL.cmd_queue/inst/fifo_gen_inst/<hidden>/<hidden>/<hidden>/<hidden>/<hidden>/<hidden>
    SLICE_X15Y46         FDPE                                         f  rl_system_luban7020_i/hp_ic/s00_couplers/auto_pc/inst/gen_axi4_axi3.axi3_conv_inst/USE_READ.USE_SPLIT_R.read_addr_inst/USE_R_CHANNEL.cmd_queue/inst/fifo_gen_inst/<hidden>/<hidden>/<hidden>/<hidden>/<hidden>/<hidden>/<hidden>
  -------------------------------------------------------------------    -------------------

                         (clock clk_fpga_0 rise edge)
                                                      0.000     0.000 r  <hidden>
    PS7_X0Y0             PS7                          0.000     0.000 r  rl_system_luban7020_i/ps7/inst/PS7_i/FCLKCLK[0]
                         net (fo=1, routed)           0.337     0.337    rl_system_luban7020_i/ps7/inst/FCLK_CLK_unbuffered[0]
    BUFGCTRL_X0Y16       BUFG (Prop_bufg_I_O)         0.029     0.366 r  rl_system_luban7020_i/ps7/inst/buffer_fclk_clk_0.FCLK_CLK_0_BUFG/O
                         net (fo=16934, routed)       0.865     1.231    rl_system_luban7020_i/hp_ic/s00_couplers/auto_pc/inst/gen_axi4_axi3.axi3_conv_inst/USE_READ.USE_SPLIT_R.read_addr_inst/USE_R_CHANNEL.cmd_queue/inst/fifo_gen_inst/<hidden>/<hidden>/<hidden>/<hidden>/<hidden>/<hidden>
    SLICE_X15Y46         FDPE                                         r  rl_system_luban7020_i/hp_ic/s00_couplers/auto_pc/inst/gen_axi4_axi3.axi3_conv_inst/USE_READ.USE_SPLIT_R.read_addr_inst/USE_R_CHANNEL.cmd_queue/inst/fifo_gen_inst/<hidden>/<hidden>/<hidden>/<hidden>/<hidden>/<hidden>/<hidden>
                         clock pessimism             -0.263     0.967    <hidden>
    SLICE_X15Y46         FDPE (Remov_fdpe_C_PRE)     -0.095     0.873    rl_system_luban7020_i/hp_ic/s00_couplers/auto_pc/inst/gen_axi4_axi3.axi3_conv_inst/USE_READ.USE_SPLIT_R.read_addr_inst/USE_R_CHANNEL.cmd_queue/inst/fifo_gen_inst/<hidden>/<hidden>/<hidden>/<hidden>/<hidden>/<hidden>
  -------------------------------------------------------------------
                         required time                         -0.872    <hidden>
                         arrival time                           1.444    <hidden>
  -------------------------------------------------------------------
                         slack                                  0.571    <hidden>





--------------------------------------------------------------------------------------
Path Group:  (none)
From Clock:  
  To Clock:  clk_fpga_0

Max Delay             1 Endpoint
Min Delay             1 Endpoint
--------------------------------------------------------------------------------------


Max Delay Paths
--------------------------------------------------------------------------------------
Slack:                    inf
  Source:                 rl_system_luban7020_i/ps7/inst/PS7_i/FCLKRESETN[0]
                            (internal pin)
  Destination:            rl_system_luban7020_i/rst_100m/U0/EXT_LPF/ACTIVE_LOW_EXT.ACT_LO_EXT/syncstages_ff_reg[0]/D
                            (rising edge-triggered cell FDRE clocked by clk_fpga_0  {rise@0.000ns fall@3.000ns period=6.000ns})
  Path Group:             (none)
  Path Type:              Setup (Max at Slow Process Corner)
  Data Path Delay:        1.337ns  (logic 0.105ns (7.856%)  route 1.232ns (92.144%))
  Logic Levels:           1  (LUT1=1)
  Clock Uncertainty:      0.093ns  ((TSJ^2 + TIJ^2)^1/2 + DJ) / 2 + PE
    Total System Jitter     (TSJ):    0.050ns
    Total Input Jitter      (TIJ):    0.180ns
    Discrete Jitter          (DJ):    0.000ns
    Phase Error              (PE):    0.000ns
  Timing Exception:       False Path

    Location             Delay type                Incr(ns)  Path(ns)    Netlist Resource(s)
  -------------------------------------------------------------------    -------------------
    PS7_X0Y0             PS7                          0.000     0.000 f  rl_system_luban7020_i/ps7/inst/PS7_i/FCLKRESETN[0]
                         net (fo=1, routed)           1.232     1.232    rl_system_luban7020_i/rst_100m/U0/EXT_LPF/ext_reset_in
    SLICE_X28Y108        LUT1 (Prop_lut1_I0_O)        0.105     1.337 r  rl_system_luban7020_i/rst_100m/U0/EXT_LPF/ACTIVE_LOW_EXT.ACT_LO_EXT_i_1/O
                         net (fo=1, routed)           0.000     1.337    rl_system_luban7020_i/rst_100m/U0/EXT_LPF/ACTIVE_LOW_EXT.ACT_LO_EXT/src_in
    SLICE_X28Y108        FDRE                                         r  rl_system_luban7020_i/rst_100m/U0/EXT_LPF/ACTIVE_LOW_EXT.ACT_LO_EXT/syncstages_ff_reg[0]/D
  -------------------------------------------------------------------    -------------------

                         (clock clk_fpga_0 rise edge)
                                                      0.000     0.000 r  <hidden>
    PS7_X0Y0             PS7                          0.000     0.000 r  rl_system_luban7020_i/ps7/inst/PS7_i/FCLKCLK[0]
                         net (fo=1, routed)           0.905     0.905    rl_system_luban7020_i/ps7/inst/FCLK_CLK_unbuffered[0]
    BUFGCTRL_X0Y16       BUFG (Prop_bufg_I_O)         0.077     0.982 r  rl_system_luban7020_i/ps7/inst/buffer_fclk_clk_0.FCLK_CLK_0_BUFG/O
                         net (fo=16934, routed)       1.430     2.412    rl_system_luban7020_i/rst_100m/U0/EXT_LPF/ACTIVE_LOW_EXT.ACT_LO_EXT/dest_clk
    SLICE_X28Y108        FDRE                                         r  rl_system_luban7020_i/rst_100m/U0/EXT_LPF/ACTIVE_LOW_EXT.ACT_LO_EXT/syncstages_ff_reg[0]/C





Min Delay Paths
--------------------------------------------------------------------------------------
Slack:                    inf
  Source:                 rl_system_luban7020_i/ps7/inst/PS7_i/FCLKRESETN[0]
                            (internal pin)
  Destination:            rl_system_luban7020_i/rst_100m/U0/EXT_LPF/ACTIVE_LOW_EXT.ACT_LO_EXT/syncstages_ff_reg[0]/D
                            (rising edge-triggered cell FDRE clocked by clk_fpga_0  {rise@0.000ns fall@3.000ns period=6.000ns})
  Path Group:             (none)
  Path Type:              Hold (Min at Fast Process Corner)
  Data Path Delay:        0.611ns  (logic 0.045ns (7.371%)  route 0.566ns (92.629%))
  Logic Levels:           1  (LUT1=1)
  Clock Uncertainty:      0.093ns  ((TSJ^2 + TIJ^2)^1/2 + DJ) / 2 + PE
    Total System Jitter     (TSJ):    0.050ns
    Total Input Jitter      (TIJ):    0.180ns
    Discrete Jitter          (DJ):    0.000ns
    Phase Error              (PE):    0.000ns
  Timing Exception:       False Path

    Location             Delay type                Incr(ns)  Path(ns)    Netlist Resource(s)
  -------------------------------------------------------------------    -------------------
    PS7_X0Y0             PS7                          0.000     0.000 f  rl_system_luban7020_i/ps7/inst/PS7_i/FCLKRESETN[0]
                         net (fo=1, routed)           0.566     0.566    rl_system_luban7020_i/rst_100m/U0/EXT_LPF/ext_reset_in
    SLICE_X28Y108        LUT1 (Prop_lut1_I0_O)        0.045     0.611 r  rl_system_luban7020_i/rst_100m/U0/EXT_LPF/ACTIVE_LOW_EXT.ACT_LO_EXT_i_1/O
                         net (fo=1, routed)           0.000     0.611    rl_system_luban7020_i/rst_100m/U0/EXT_LPF/ACTIVE_LOW_EXT.ACT_LO_EXT/src_in
    SLICE_X28Y108        FDRE                                         r  rl_system_luban7020_i/rst_100m/U0/EXT_LPF/ACTIVE_LOW_EXT.ACT_LO_EXT/syncstages_ff_reg[0]/D
  -------------------------------------------------------------------    -------------------

                         (clock clk_fpga_0 rise edge)
                                                      0.000     0.000 r  <hidden>
    PS7_X0Y0             PS7                          0.000     0.000 r  rl_system_luban7020_i/ps7/inst/PS7_i/FCLKCLK[0]
                         net (fo=1, routed)           0.337     0.337    rl_system_luban7020_i/ps7/inst/FCLK_CLK_unbuffered[0]
    BUFGCTRL_X0Y16       BUFG (Prop_bufg_I_O)         0.029     0.366 r  rl_system_luban7020_i/ps7/inst/buffer_fclk_clk_0.FCLK_CLK_0_BUFG/O
                         net (fo=16934, routed)       0.929     1.295    rl_system_luban7020_i/rst_100m/U0/EXT_LPF/ACTIVE_LOW_EXT.ACT_LO_EXT/dest_clk
    SLICE_X28Y108        FDRE                                         r  rl_system_luban7020_i/rst_100m/U0/EXT_LPF/ACTIVE_LOW_EXT.ACT_LO_EXT/syncstages_ff_reg[0]/C





--------------------------------------------------------------------------------------
Path Group:  (none)
From Clock:  clk_fpga_0
  To Clock:  clk_fpga_0

Max Delay             2 Endpoints
Min Delay             2 Endpoints
--------------------------------------------------------------------------------------


Max Delay Paths
--------------------------------------------------------------------------------------
Slack:                    inf
  Source:                 rl_system_luban7020_i/rst_100m/U0/ACTIVE_LOW_PR_OUT_DFF[0].FDRE_PER_N/C
                            (rising edge-triggered cell FDRE clocked by clk_fpga_0  {rise@0.000ns fall@3.000ns period=6.000ns})
  Destination:            rl_system_luban7020_i/hp_ic/s00_couplers/auto_pc/inst/gen_axi4_axi3.axi3_conv_inst/USE_READ.USE_SPLIT_R.read_addr_inst/USE_R_CHANNEL.cmd_queue/inst/fifo_gen_inst/<hidden>/<hidden>/<hidden>/<hidden>/<hidden>/<hidden>/<hidden>
                            (recovery check against rising-edge clock clk_fpga_0  {rise@0.000ns fall@3.000ns period=6.000ns})
  Path Group:             (none)
  Path Type:              Recovery (Max at Slow Process Corner)
  Data Path Delay:        2.921ns  (logic 0.484ns (16.568%)  route 2.437ns (83.432%))
  Logic Levels:           1  (LUT1=1)
  Clock Path Skew:        -0.140ns (DCD - SCD + CPR)
    Destination Clock Delay (DCD):    2.310ns
    Source Clock Delay      (SCD):    2.450ns
    Clock Pessimism Removal (CPR):    0.000ns
  Clock Uncertainty:      0.097ns  ((TSJ^2 + TIJ^2)^1/2 + DJ) / 2 + PE
    Total System Jitter     (TSJ):    0.071ns
    Total Input Jitter      (TIJ):    0.180ns
    Discrete Jitter          (DJ):    0.000ns
    Phase Error              (PE):    0.000ns
  Timing Exception:       False Path

    Location             Delay type                Incr(ns)  Path(ns)    Netlist Resource(s)
  -------------------------------------------------------------------    -------------------
                         (clock clk_fpga_0 rise edge)
                                                      0.000     0.000 r  <hidden>
    PS7_X0Y0             PS7                          0.000     0.000 r  rl_system_luban7020_i/ps7/inst/PS7_i/FCLKCLK[0]
                         net (fo=1, routed)           0.994     0.994    rl_system_luban7020_i/ps7/inst/FCLK_CLK_unbuffered[0]
    BUFGCTRL_X0Y16       BUFG (Prop_bufg_I_O)         0.085     1.079 r  rl_system_luban7020_i/ps7/inst/buffer_fclk_clk_0.FCLK_CLK_0_BUFG/O
                         net (fo=16934, routed)       1.371     2.450    rl_system_luban7020_i/rst_100m/U0/slowest_sync_clk
    SLICE_X40Y75         FDRE                                         r  rl_system_luban7020_i/rst_100m/U0/ACTIVE_LOW_PR_OUT_DFF[0].FDRE_PER_N/C
  -------------------------------------------------------------------    -------------------
    SLICE_X40Y75         FDRE (Prop_fdre_C_Q)         0.379     2.829 r  rl_system_luban7020_i/rst_100m/U0/ACTIVE_LOW_PR_OUT_DFF[0].FDRE_PER_N/Q
                         net (fo=62, routed)          2.014     4.843    rl_system_luban7020_i/hp_ic/s00_couplers/auto_pc/inst/gen_axi4_axi3.axi3_conv_inst/USE_READ.USE_SPLIT_R.read_addr_inst/USE_R_CHANNEL.cmd_queue/inst/aresetn
    SLICE_X19Y47         LUT1 (Prop_lut1_I0_O)        0.105     4.948 f  rl_system_luban7020_i/hp_ic/s00_couplers/auto_pc/inst/gen_axi4_axi3.axi3_conv_inst/USE_READ.USE_SPLIT_R.read_addr_inst/USE_R_CHANNEL.cmd_queue/inst/S_AXI_ASIZE_Q[2]_i_1/O
                         net (fo=45, routed)          0.423     5.371    rl_system_luban7020_i/hp_ic/s00_couplers/auto_pc/inst/gen_axi4_axi3.axi3_conv_inst/USE_READ.USE_SPLIT_R.read_addr_inst/USE_R_CHANNEL.cmd_queue/inst/fifo_gen_inst/<hidden>/<hidden>/<hidden>/<hidden>/<hidden>/<hidden>
    SLICE_X16Y47         FDPE                                         f  rl_system_luban7020_i/hp_ic/s00_couplers/auto_pc/inst/gen_axi4_axi3.axi3_conv_inst/USE_READ.USE_SPLIT_R.read_addr_inst/USE_R_CHANNEL.cmd_queue/inst/fifo_gen_inst/<hidden>/<hidden>/<hidden>/<hidden>/<hidden>/<hidden>/<hidden>
  -------------------------------------------------------------------    -------------------

                         (clock clk_fpga_0 rise edge)
                                                      0.000     0.000 r  <hidden>
    PS7_X0Y0             PS7                          0.000     0.000 r  rl_system_luban7020_i/ps7/inst/PS7_i/FCLKCLK[0]
                         net (fo=1, routed)           0.905     0.905    rl_system_luban7020_i/ps7/inst/FCLK_CLK_unbuffered[0]
    BUFGCTRL_X0Y16       BUFG (Prop_bufg_I_O)         0.077     0.982 r  rl_system_luban7020_i/ps7/inst/buffer_fclk_clk_0.FCLK_CLK_0_BUFG/O
                         net (fo=16934, routed)       1.328     2.310    rl_system_luban7020_i/hp_ic/s00_couplers/auto_pc/inst/gen_axi4_axi3.axi3_conv_inst/USE_READ.USE_SPLIT_R.read_addr_inst/USE_R_CHANNEL.cmd_queue/inst/fifo_gen_inst/<hidden>/<hidden>/<hidden>/<hidden>/<hidden>/<hidden>
    SLICE_X16Y47         FDPE                                         r  rl_system_luban7020_i/hp_ic/s00_couplers/auto_pc/inst/gen_axi4_axi3.axi3_conv_inst/USE_READ.USE_SPLIT_R.read_addr_inst/USE_R_CHANNEL.cmd_queue/inst/fifo_gen_inst/<hidden>/<hidden>/<hidden>/<hidden>/<hidden>/<hidden>/<hidden>

Slack:                    inf
  Source:                 rl_system_luban7020_i/rst_100m/U0/ACTIVE_LOW_PR_OUT_DFF[0].FDRE_PER_N/C
                            (rising edge-triggered cell FDRE clocked by clk_fpga_0  {rise@0.000ns fall@3.000ns period=6.000ns})
  Destination:            rl_system_luban7020_i/hp_ic/s00_couplers/auto_pc/inst/gen_axi4_axi3.axi3_conv_inst/USE_READ.USE_SPLIT_R.read_addr_inst/USE_R_CHANNEL.cmd_queue/inst/fifo_gen_inst/<hidden>/<hidden>/<hidden>/<hidden>/<hidden>/<hidden>/<hidden>
                            (recovery check against rising-edge clock clk_fpga_0  {rise@0.000ns fall@3.000ns period=6.000ns})
  Path Group:             (none)
  Path Type:              Recovery (Max at Slow Process Corner)
  Data Path Delay:        2.921ns  (logic 0.484ns (16.568%)  route 2.437ns (83.432%))
  Logic Levels:           1  (LUT1=1)
  Clock Path Skew:        -0.140ns (DCD - SCD + CPR)
    Destination Clock Delay (DCD):    2.310ns
    Source Clock Delay      (SCD):    2.450ns
    Clock Pessimism Removal (CPR):    0.000ns
  Clock Uncertainty:      0.097ns  ((TSJ^2 + TIJ^2)^1/2 + DJ) / 2 + PE
    Total System Jitter     (TSJ):    0.071ns
    Total Input Jitter      (TIJ):    0.180ns
    Discrete Jitter          (DJ):    0.000ns
    Phase Error              (PE):    0.000ns
  Timing Exception:       False Path

    Location             Delay type                Incr(ns)  Path(ns)    Netlist Resource(s)
  -------------------------------------------------------------------    -------------------
                         (clock clk_fpga_0 rise edge)
                                                      0.000     0.000 r  <hidden>
    PS7_X0Y0             PS7                          0.000     0.000 r  rl_system_luban7020_i/ps7/inst/PS7_i/FCLKCLK[0]
                         net (fo=1, routed)           0.994     0.994    rl_system_luban7020_i/ps7/inst/FCLK_CLK_unbuffered[0]
    BUFGCTRL_X0Y16       BUFG (Prop_bufg_I_O)         0.085     1.079 r  rl_system_luban7020_i/ps7/inst/buffer_fclk_clk_0.FCLK_CLK_0_BUFG/O
                         net (fo=16934, routed)       1.371     2.450    rl_system_luban7020_i/rst_100m/U0/slowest_sync_clk
    SLICE_X40Y75         FDRE                                         r  rl_system_luban7020_i/rst_100m/U0/ACTIVE_LOW_PR_OUT_DFF[0].FDRE_PER_N/C
  -------------------------------------------------------------------    -------------------
    SLICE_X40Y75         FDRE (Prop_fdre_C_Q)         0.379     2.829 r  rl_system_luban7020_i/rst_100m/U0/ACTIVE_LOW_PR_OUT_DFF[0].FDRE_PER_N/Q
                         net (fo=62, routed)          2.014     4.843    rl_system_luban7020_i/hp_ic/s00_couplers/auto_pc/inst/gen_axi4_axi3.axi3_conv_inst/USE_READ.USE_SPLIT_R.read_addr_inst/USE_R_CHANNEL.cmd_queue/inst/aresetn
    SLICE_X19Y47         LUT1 (Prop_lut1_I0_O)        0.105     4.948 f  rl_system_luban7020_i/hp_ic/s00_couplers/auto_pc/inst/gen_axi4_axi3.axi3_conv_inst/USE_READ.USE_SPLIT_R.read_addr_inst/USE_R_CHANNEL.cmd_queue/inst/S_AXI_ASIZE_Q[2]_i_1/O
                         net (fo=45, routed)          0.423     5.371    rl_system_luban7020_i/hp_ic/s00_couplers/auto_pc/inst/gen_axi4_axi3.axi3_conv_inst/USE_READ.USE_SPLIT_R.read_addr_inst/USE_R_CHANNEL.cmd_queue/inst/fifo_gen_inst/<hidden>/<hidden>/<hidden>/<hidden>/<hidden>/<hidden>
    SLICE_X16Y47         FDPE                                         f  rl_system_luban7020_i/hp_ic/s00_couplers/auto_pc/inst/gen_axi4_axi3.axi3_conv_inst/USE_READ.USE_SPLIT_R.read_addr_inst/USE_R_CHANNEL.cmd_queue/inst/fifo_gen_inst/<hidden>/<hidden>/<hidden>/<hidden>/<hidden>/<hidden>/<hidden>
  -------------------------------------------------------------------    -------------------

                         (clock clk_fpga_0 rise edge)
                                                      0.000     0.000 r  <hidden>
    PS7_X0Y0             PS7                          0.000     0.000 r  rl_system_luban7020_i/ps7/inst/PS7_i/FCLKCLK[0]
                         net (fo=1, routed)           0.905     0.905    rl_system_luban7020_i/ps7/inst/FCLK_CLK_unbuffered[0]
    BUFGCTRL_X0Y16       BUFG (Prop_bufg_I_O)         0.077     0.982 r  rl_system_luban7020_i/ps7/inst/buffer_fclk_clk_0.FCLK_CLK_0_BUFG/O
                         net (fo=16934, routed)       1.328     2.310    rl_system_luban7020_i/hp_ic/s00_couplers/auto_pc/inst/gen_axi4_axi3.axi3_conv_inst/USE_READ.USE_SPLIT_R.read_addr_inst/USE_R_CHANNEL.cmd_queue/inst/fifo_gen_inst/<hidden>/<hidden>/<hidden>/<hidden>/<hidden>/<hidden>
    SLICE_X16Y47         FDPE                                         r  rl_system_luban7020_i/hp_ic/s00_couplers/auto_pc/inst/gen_axi4_axi3.axi3_conv_inst/USE_READ.USE_SPLIT_R.read_addr_inst/USE_R_CHANNEL.cmd_queue/inst/fifo_gen_inst/<hidden>/<hidden>/<hidden>/<hidden>/<hidden>/<hidden>/<hidden>





Min Delay Paths
--------------------------------------------------------------------------------------
Slack:                    inf
  Source:                 rl_system_luban7020_i/rst_100m/U0/ACTIVE_LOW_PR_OUT_DFF[0].FDRE_PER_N/C
                            (rising edge-triggered cell FDRE clocked by clk_fpga_0  {rise@0.000ns fall@3.000ns period=6.000ns})
  Destination:            rl_system_luban7020_i/hp_ic/s00_couplers/auto_pc/inst/gen_axi4_axi3.axi3_conv_inst/USE_READ.USE_SPLIT_R.read_addr_inst/USE_R_CHANNEL.cmd_queue/inst/fifo_gen_inst/<hidden>/<hidden>/<hidden>/<hidden>/<hidden>/<hidden>/<hidden>
                            (removal check against rising-edge clock clk_fpga_0  {rise@0.000ns fall@3.000ns period=6.000ns})
  Path Group:             (none)
  Path Type:              Removal (Min at Fast Process Corner)
  Data Path Delay:        1.464ns  (logic 0.186ns (12.702%)  route 1.278ns (87.298%))
  Logic Levels:           1  (LUT1=1)
  Clock Path Skew:        0.353ns (DCD - SCD - CPR)
    Destination Clock Delay (DCD):    1.232ns
    Source Clock Delay      (SCD):    0.879ns
    Clock Pessimism Removal (CPR):    -0.000ns
  Clock Uncertainty:      0.097ns  ((TSJ^2 + TIJ^2)^1/2 + DJ) / 2 + PE
    Total System Jitter     (TSJ):    0.071ns
    Total Input Jitter      (TIJ):    0.180ns
    Discrete Jitter          (DJ):    0.000ns
    Phase Error              (PE):    0.000ns
  Timing Exception:       False Path

    Location             Delay type                Incr(ns)  Path(ns)    Netlist Resource(s)
  -------------------------------------------------------------------    -------------------
                         (clock clk_fpga_0 rise edge)
                                                      0.000     0.000 r  <hidden>
    PS7_X0Y0             PS7                          0.000     0.000 r  rl_system_luban7020_i/ps7/inst/PS7_i/FCLKCLK[0]
                         net (fo=1, routed)           0.310     0.310    rl_system_luban7020_i/ps7/inst/FCLK_CLK_unbuffered[0]
    BUFGCTRL_X0Y16       BUFG (Prop_bufg_I_O)         0.026     0.336 r  rl_system_luban7020_i/ps7/inst/buffer_fclk_clk_0.FCLK_CLK_0_BUFG/O
                         net (fo=16934, routed)       0.543     0.879    rl_system_luban7020_i/rst_100m/U0/slowest_sync_clk
    SLICE_X40Y75         FDRE                                         r  rl_system_luban7020_i/rst_100m/U0/ACTIVE_LOW_PR_OUT_DFF[0].FDRE_PER_N/C
  -------------------------------------------------------------------    -------------------
    SLICE_X40Y75         FDRE (Prop_fdre_C_Q)         0.141     1.020 r  rl_system_luban7020_i/rst_100m/U0/ACTIVE_LOW_PR_OUT_DFF[0].FDRE_PER_N/Q
                         net (fo=62, routed)          1.098     2.118    rl_system_luban7020_i/hp_ic/s00_couplers/auto_pc/inst/gen_axi4_axi3.axi3_conv_inst/USE_READ.USE_SPLIT_R.read_addr_inst/USE_R_CHANNEL.cmd_queue/inst/aresetn
    SLICE_X19Y47         LUT1 (Prop_lut1_I0_O)        0.045     2.163 f  rl_system_luban7020_i/hp_ic/s00_couplers/auto_pc/inst/gen_axi4_axi3.axi3_conv_inst/USE_READ.USE_SPLIT_R.read_addr_inst/USE_R_CHANNEL.cmd_queue/inst/S_AXI_ASIZE_Q[2]_i_1/O
                         net (fo=45, routed)          0.180     2.343    rl_system_luban7020_i/hp_ic/s00_couplers/auto_pc/inst/gen_axi4_axi3.axi3_conv_inst/USE_READ.USE_SPLIT_R.read_addr_inst/USE_R_CHANNEL.cmd_queue/inst/fifo_gen_inst/<hidden>/<hidden>/<hidden>/<hidden>/<hidden>/<hidden>
    SLICE_X16Y47         FDPE                                         f  rl_system_luban7020_i/hp_ic/s00_couplers/auto_pc/inst/gen_axi4_axi3.axi3_conv_inst/USE_READ.USE_SPLIT_R.read_addr_inst/USE_R_CHANNEL.cmd_queue/inst/fifo_gen_inst/<hidden>/<hidden>/<hidden>/<hidden>/<hidden>/<hidden>/<hidden>
  -------------------------------------------------------------------    -------------------

                         (clock clk_fpga_0 rise edge)
                                                      0.000     0.000 r  <hidden>
    PS7_X0Y0             PS7                          0.000     0.000 r  rl_system_luban7020_i/ps7/inst/PS7_i/FCLKCLK[0]
                         net (fo=1, routed)           0.337     0.337    rl_system_luban7020_i/ps7/inst/FCLK_CLK_unbuffered[0]
    BUFGCTRL_X0Y16       BUFG (Prop_bufg_I_O)         0.029     0.366 r  rl_system_luban7020_i/ps7/inst/buffer_fclk_clk_0.FCLK_CLK_0_BUFG/O
                         net (fo=16934, routed)       0.866     1.232    rl_system_luban7020_i/hp_ic/s00_couplers/auto_pc/inst/gen_axi4_axi3.axi3_conv_inst/USE_READ.USE_SPLIT_R.read_addr_inst/USE_R_CHANNEL.cmd_queue/inst/fifo_gen_inst/<hidden>/<hidden>/<hidden>/<hidden>/<hidden>/<hidden>
    SLICE_X16Y47         FDPE                                         r  rl_system_luban7020_i/hp_ic/s00_couplers/auto_pc/inst/gen_axi4_axi3.axi3_conv_inst/USE_READ.USE_SPLIT_R.read_addr_inst/USE_R_CHANNEL.cmd_queue/inst/fifo_gen_inst/<hidden>/<hidden>/<hidden>/<hidden>/<hidden>/<hidden>/<hidden>

Slack:                    inf
  Source:                 rl_system_luban7020_i/rst_100m/U0/ACTIVE_LOW_PR_OUT_DFF[0].FDRE_PER_N/C
                            (rising edge-triggered cell FDRE clocked by clk_fpga_0  {rise@0.000ns fall@3.000ns period=6.000ns})
  Destination:            rl_system_luban7020_i/hp_ic/s00_couplers/auto_pc/inst/gen_axi4_axi3.axi3_conv_inst/USE_READ.USE_SPLIT_R.read_addr_inst/USE_R_CHANNEL.cmd_queue/inst/fifo_gen_inst/<hidden>/<hidden>/<hidden>/<hidden>/<hidden>/<hidden>/<hidden>
                            (removal check against rising-edge clock clk_fpga_0  {rise@0.000ns fall@3.000ns period=6.000ns})
  Path Group:             (none)
  Path Type:              Removal (Min at Fast Process Corner)
  Data Path Delay:        1.464ns  (logic 0.186ns (12.702%)  route 1.278ns (87.298%))
  Logic Levels:           1  (LUT1=1)
  Clock Path Skew:        0.353ns (DCD - SCD - CPR)
    Destination Clock Delay (DCD):    1.232ns
    Source Clock Delay      (SCD):    0.879ns
    Clock Pessimism Removal (CPR):    -0.000ns
  Clock Uncertainty:      0.097ns  ((TSJ^2 + TIJ^2)^1/2 + DJ) / 2 + PE
    Total System Jitter     (TSJ):    0.071ns
    Total Input Jitter      (TIJ):    0.180ns
    Discrete Jitter          (DJ):    0.000ns
    Phase Error              (PE):    0.000ns
  Timing Exception:       False Path

    Location             Delay type                Incr(ns)  Path(ns)    Netlist Resource(s)
  -------------------------------------------------------------------    -------------------
                         (clock clk_fpga_0 rise edge)
                                                      0.000     0.000 r  <hidden>
    PS7_X0Y0             PS7                          0.000     0.000 r  rl_system_luban7020_i/ps7/inst/PS7_i/FCLKCLK[0]
                         net (fo=1, routed)           0.310     0.310    rl_system_luban7020_i/ps7/inst/FCLK_CLK_unbuffered[0]
    BUFGCTRL_X0Y16       BUFG (Prop_bufg_I_O)         0.026     0.336 r  rl_system_luban7020_i/ps7/inst/buffer_fclk_clk_0.FCLK_CLK_0_BUFG/O
                         net (fo=16934, routed)       0.543     0.879    rl_system_luban7020_i/rst_100m/U0/slowest_sync_clk
    SLICE_X40Y75         FDRE                                         r  rl_system_luban7020_i/rst_100m/U0/ACTIVE_LOW_PR_OUT_DFF[0].FDRE_PER_N/C
  -------------------------------------------------------------------    -------------------
    SLICE_X40Y75         FDRE (Prop_fdre_C_Q)         0.141     1.020 r  rl_system_luban7020_i/rst_100m/U0/ACTIVE_LOW_PR_OUT_DFF[0].FDRE_PER_N/Q
                         net (fo=62, routed)          1.098     2.118    rl_system_luban7020_i/hp_ic/s00_couplers/auto_pc/inst/gen_axi4_axi3.axi3_conv_inst/USE_READ.USE_SPLIT_R.read_addr_inst/USE_R_CHANNEL.cmd_queue/inst/aresetn
    SLICE_X19Y47         LUT1 (Prop_lut1_I0_O)        0.045     2.163 f  rl_system_luban7020_i/hp_ic/s00_couplers/auto_pc/inst/gen_axi4_axi3.axi3_conv_inst/USE_READ.USE_SPLIT_R.read_addr_inst/USE_R_CHANNEL.cmd_queue/inst/S_AXI_ASIZE_Q[2]_i_1/O
                         net (fo=45, routed)          0.180     2.343    rl_system_luban7020_i/hp_ic/s00_couplers/auto_pc/inst/gen_axi4_axi3.axi3_conv_inst/USE_READ.USE_SPLIT_R.read_addr_inst/USE_R_CHANNEL.cmd_queue/inst/fifo_gen_inst/<hidden>/<hidden>/<hidden>/<hidden>/<hidden>/<hidden>
    SLICE_X16Y47         FDPE                                         f  rl_system_luban7020_i/hp_ic/s00_couplers/auto_pc/inst/gen_axi4_axi3.axi3_conv_inst/USE_READ.USE_SPLIT_R.read_addr_inst/USE_R_CHANNEL.cmd_queue/inst/fifo_gen_inst/<hidden>/<hidden>/<hidden>/<hidden>/<hidden>/<hidden>/<hidden>
  -------------------------------------------------------------------    -------------------

                         (clock clk_fpga_0 rise edge)
                                                      0.000     0.000 r  <hidden>
    PS7_X0Y0             PS7                          0.000     0.000 r  rl_system_luban7020_i/ps7/inst/PS7_i/FCLKCLK[0]
                         net (fo=1, routed)           0.337     0.337    rl_system_luban7020_i/ps7/inst/FCLK_CLK_unbuffered[0]
    BUFGCTRL_X0Y16       BUFG (Prop_bufg_I_O)         0.029     0.366 r  rl_system_luban7020_i/ps7/inst/buffer_fclk_clk_0.FCLK_CLK_0_BUFG/O
                         net (fo=16934, routed)       0.866     1.232    rl_system_luban7020_i/hp_ic/s00_couplers/auto_pc/inst/gen_axi4_axi3.axi3_conv_inst/USE_READ.USE_SPLIT_R.read_addr_inst/USE_R_CHANNEL.cmd_queue/inst/fifo_gen_inst/<hidden>/<hidden>/<hidden>/<hidden>/<hidden>/<hidden>
    SLICE_X16Y47         FDPE                                         r  rl_system_luban7020_i/hp_ic/s00_couplers/auto_pc/inst/gen_axi4_axi3.axi3_conv_inst/USE_READ.USE_SPLIT_R.read_addr_inst/USE_R_CHANNEL.cmd_queue/inst/fifo_gen_inst/<hidden>/<hidden>/<hidden>/<hidden>/<hidden>/<hidden>/<hidden>





